time,latitude,longitude,number,expver,Star_Event,Source_Dataset,Temp,Dew,Press,PM25,Case_ID,Case_Date,Days_Prior,Distance_km
2025-09-29 01:00:00,55.99999999999996,-4.500000000000012,0,0001,1.0,LAND,8.053619,6.2865295,1012.8894,1.1613715415284796e-08,0,2025-12-03,64,49.13955595561383
2025-09-29 07:00:00,56.09999999999996,-3.900000000000014,0,0001,1.0,LAND,3.4007874,3.3102112,1011.3869,1.1720562751820749e-08,0,2025-12-03,64,10.493262729171175
2025-09-29 06:00:00,56.09999999999996,-4.100000000000014,0,0001,1.0,LAND,5.2323303,5.137848,1005.20123,1.1676339395362424e-08,0,2025-12-03,64,22.112850015769776
2025-09-29 06:00:00,56.09999999999996,-4.2000000000000135,0,0001,1.0,LAND,5.070221,4.9718323,1004.23126,1.1528866611377868e-08,0,2025-12-03,64,28.171947746179903
2025-09-29 08:00:00,56.09999999999996,-3.900000000000014,0,0001,1.0,LAND,4.2047424,3.9461975,1011.42,1.1729026490789649e-08,0,2025-12-03,64,10.493262729171175
2025-09-29 03:00:00,56.0,-4.25,0,0001,1.0,MARINE,4.5919495,3.6424866,1004.22876,1.336136956631128e-08,0,2025-12-03,64,34.89600165521449
2025-09-29 03:00:00,56.0,-4.0,0,0001,1.0,MARINE,4.754059,4.132721,1006.3088,1.4220697730493457e-08,0,2025-12-03,64,22.40971949206606
2025-09-29 04:00:00,56.0,-4.25,0,0001,1.0,MARINE,4.4049377,3.8973694,1004.27686,1.3476174102559213e-08,0,2025-12-03,64,34.89600165521449
2025-09-29 00:00:00,56.0,-4.5,0,0001,1.0,MARINE,5.629303,4.2462463,1005.85315,1.1400742128131295e-08,0,2025-12-03,65,49.1395559556115
2025-09-29 02:00:00,56.0,-4.25,0,0001,1.0,MARINE,4.3973694,3.486969,1004.52686,1.3246565030063353e-08,0,2025-12-03,64,34.89600165521449
2025-09-29 05:00:00,56.0,-4.25,0,0001,1.0,MARINE,3.8805237,3.879303,1004.56,1.3590978638807136e-08,0,2025-12-03,64,34.89600165521449
2025-09-29 06:00:00,56.0,-4.0,0,0001,1.0,MARINE,3.827057,3.783844,1006.40375,1.421188278172251e-08,0,2025-12-03,64,22.40971949206606
2025-10-17 07:00:00,56.19999999999996,-4.400000000000013,0,0001,1.0,LAND,7.528961,7.0221252,1003.1169,1.0386481619218846e-08,0,2025-12-03,46,40.449468335463095
2025-10-17 08:00:00,56.19999999999996,-4.2000000000000135,0,0001,1.0,LAND,7.6805725,6.983917,1006.4387,1.0648465368728018e-08,0,2025-12-03,46,28.257616145984883
2025-10-17 08:00:00,56.19999999999996,-4.100000000000014,0,0001,1.0,LAND,7.7879944,7.058136,1008.35876,1.088963585971315e-08,0,2025-12-03,46,22.239698229795962
2025-10-15 11:00:00,55.899999999999956,-4.2000000000000135,0,0001,1.0,LAND,8.280304,6.5742493,1014.79626,2.985516626511672e-08,0,2025-12-03,48,39.062056016618314
2025-10-15 10:00:00,55.899999999999956,-4.100000000000014,0,0001,1.0,LAND,7.407379,6.2428284,1011.7019,3.358989160891581e-08,0,2025-12-03,48,34.922513483196234
2025-10-15 09:00:00,55.899999999999956,-3.900000000000014,0,0001,1.0,LAND,6.683014,6.106842,1011.61,3.727848743584156e-08,0,2025-12-03,48,28.961102397718342
2025-10-15 09:00:00,55.99999999999996,-4.000000000000014,0,0001,1.0,LAND,6.827545,6.3646545,1010.27,3.983612684166201e-08,0,2025-12-03,48,22.40971949207013
2025-10-15 05:00:00,55.99999999999996,-3.600000000000014,0,0001,1.0,LAND,5.710602,5.5730286,1025.5869,5.5421050267526436e-08,0,2025-12-03,48,18.940262614255058
2025-10-15 06:00:00,55.99999999999996,-3.700000000000014,0,0001,1.0,LAND,5.373932,5.3302307,1023.34375,5.1913279230927164e-08,0,2025-12-03,48,16.704876798041294
2025-10-15 07:00:00,55.899999999999956,-3.800000000000014,0,0001,1.0,LAND,6.3121643,6.0014954,1010.29626,4.336062644124031e-08,0,2025-12-03,48,27.643661592599994
2025-10-15 07:00:00,55.899999999999956,-3.700000000000014,0,0001,1.0,LAND,6.3746643,6.0522766,1009.9462,4.2906419075077e-08,0,2025-12-03,48,27.691672828139428
2025-10-15 08:00:00,55.99999999999996,-3.900000000000014,0,0001,1.0,LAND,6.4825745,6.2762756,1015.8175,4.412081751799497e-08,0,2025-12-03,48,18.729227799508397
2025-10-15 08:00:00,55.899999999999956,-3.800000000000014,0,0001,1.0,LAND,6.2989807,5.9657288,1010.6175,4.0300738006017336e-08,0,2025-12-03,48,27.643661592599994
2025-10-15 06:00:00,55.899999999999956,-3.800000000000014,0,0001,1.0,LAND,4.858307,4.775543,1010.1138,4.642051487646328e-08,0,2025-12-03,48,27.643661592599994
2025-10-22 23:00:00,56.19999999999996,-3.800000000000014,0,0001,1.0,LAND,6.3729553,5.6302795,965.2019,1.0582263778222128e-08,0,2025-12-03,41,6.536340455292928
2025-10-23 00:00:00,56.09999999999996,-3.800000000000014,0,0001,1.0,LAND,6.5709534,6.117096,975.5531,1.345512040673671e-08,0,2025-12-03,41,5.993353744661033
2025-10-23 02:00:00,55.899999999999956,-3.900000000000014,0,0001,1.0,LAND,4.646637,4.5187073,968.7656,1.2711169806537415e-08,0,2025-12-03,40,28.961102397718342
2025-10-13 07:00:00,55.99999999999996,-4.100000000000014,0,0001,1.0,LAND,7.374176,7.3211975,1005.3106,3.552988991905865e-08,0,2025-12-03,50,27.030305079630224
2025-10-13 08:00:00,55.99999999999996,-4.400000000000013,0,0001,1.0,LAND,7.5472717,7.438751,1016.97064,3.3661258669324114e-08,0,2025-12-03,50,43.33750403770832
2025-10-13 08:00:00,55.99999999999996,-4.300000000000013,0,0001,1.0,LAND,7.4320374,7.323517,1009.47064,3.400163114027318e-08,0,2025-12-03,50,37.66443917532765
2025-10-13 07:00:00,55.99999999999996,-4.000000000000014,0,0001,1.0,LAND,7.3780823,7.3387756,1008.60065,3.5947006852644176e-08,0,2025-12-03,50,22.40971949207013
2025-10-14 08:00:00,55.799999999999955,-3.4000000000000137,0,0001,1.0,LAND,6.610504,6.534088,997.46375,4.251682087877969e-08,0,2025-12-03,49,44.43485924542433
2025-10-14 09:00:00,55.99999999999996,-4.000000000000014,0,0001,1.0,LAND,7.1022034,6.9254456,1010.3106,5.491050192318618e-08,0,2025-12-03,49,22.40971949207013
2025-10-14 09:00:00,55.99999999999996,-3.900000000000014,0,0001,1.0,LAND,7.3072815,7.148102,1016.0506,5.6963884942359474e-08,0,2025-12-03,49,18.729227799508397
2025-10-14 09:00:00,55.99999999999996,-3.800000000000014,0,0001,1.0,LAND,7.4772034,7.3160706,1020.2006,5.9017267961532724e-08,0,2025-12-03,49,16.625373650183587
2025-10-14 10:00:00,56.19999999999996,-4.100000000000014,0,0001,1.0,LAND,7.754059,7.2208557,1014.6344,3.8979108459479834e-08,0,2025-12-03,49,22.239698229795962
2025-10-14 10:00:00,56.09999999999996,-4.000000000000014,0,0001,1.0,LAND,7.832184,7.519684,1015.3244,4.775487731183008e-08,0,2025-12-03,49,16.159453909118394
2025-10-14 15:00:00,55.899999999999956,-3.3000000000000136,0,0001,1.0,LAND,11.298248,8.564728,1010.5781,4.9281495023697506e-08,0,2025-12-03,49,39.36692156183524
2025-10-14 08:00:00,55.799999999999955,-3.5000000000000138,0,0001,1.0,LAND,6.5870667,6.5106506,997.84375,4.476249415574397e-08,0,2025-12-03,49,41.707382888876346
2025-10-14 08:00:00,55.899999999999956,-3.600000000000014,0,0001,1.0,LAND,6.9913635,6.938385,1010.2438,5.461965250456076e-08,0,2025-12-03,49,29.09837795907814
2025-10-14 08:00:00,55.899999999999956,-3.700000000000014,0,0001,1.0,LAND,6.9894104,6.9344788,1010.3638,5.376786660348943e-08,0,2025-12-03,49,27.691672828139428
2025-10-14 08:00:00,55.899999999999956,-3.800000000000014,0,0001,1.0,LAND,6.8194885,6.7723694,1010.70374,5.2916080702418094e-08,0,2025-12-03,49,27.643661592599994
2025-10-14 06:00:00,55.799999999999955,-4.2000000000000135,0,0001,1.0,LAND,4.7518616,4.6669006,1019.8831,4.613707371703227e-08,0,2025-12-03,49,47.56957043222575
2025-10-14 08:00:00,55.99999999999996,-3.900000000000014,0,0001,1.0,LAND,6.9562073,6.862213,1015.89374,5.6961891203851825e-08,0,2025-12-03,49,18.729227799508397
2025-10-14 08:00:00,55.99999999999996,-3.800000000000014,0,0001,1.0,LAND,7.1437073,7.0536194,1020.0538,5.871830666137245e-08,0,2025-12-03,49,16.625373650183587
2025-10-14 08:00:00,55.899999999999956,-3.900000000000014,0,0001,1.0,LAND,6.702301,6.643463,1011.48376,5.206429480134677e-08,0,2025-12-03,49,28.961102397718342
2025-10-14 21:00:00,55.799999999999955,-3.600000000000014,0,0001,1.0,LAND,7.856842,6.4774475,1000.7375,5.004829439769193e-08,0,2025-12-03,49,39.77415872876998
2025-10-15 00:00:00,56.09999999999996,-3.600000000000014,0,0001,1.0,LAND,7.1629944,7.0106506,1017.8031,6.309162703388929e-08,0,2025-12-03,49,10.86450858184678
2025-10-15 00:00:00,56.09999999999996,-3.5000000000000138,0,0001,1.0,LAND,7.1297913,6.9481506,1018.48315,6.118870388150322e-08,0,2025-12-03,49,16.563299958390772
2025-10-15 00:00:00,55.99999999999996,-3.600000000000014,0,0001,1.0,LAND,7.2899475,6.983307,1026.1431,7.206455165941697e-08,0,2025-12-03,49,18.940262614255058
2025-10-15 01:00:00,55.99999999999996,-3.600000000000014,0,0001,1.0,LAND,7.03067,6.8094788,1025.8788,6.873585138103886e-08,0,2025-12-03,48,18.940262614255058
2025-10-14 21:00:00,55.799999999999955,-3.5000000000000138,0,0001,1.0,LAND,7.7572327,6.4969788,997.8575,4.78793285574265e-08,0,2025-12-03,49,41.707382888876346
2025-10-14 22:00:00,55.899999999999956,-4.400000000000013,0,0001,1.0,LAND,8.390289,6.8995667,1020.4437,6.380201463447896e-08,0,2025-12-03,49,48.683196336639476
2025-10-14 22:00:00,55.899999999999956,-4.300000000000013,0,0001,1.0,LAND,8.245758,6.9894104,1016.1937,6.426086488856785e-08,0,2025-12-03,49,43.69593849035156
2025-10-14 23:00:00,56.09999999999996,-3.900000000000014,0,0001,1.0,LAND,8.049713,7.7967834,1019.1831,6.164954756878945e-08,0,2025-12-03,49,10.493262729171175
2025-10-14 23:00:00,56.09999999999996,-3.600000000000014,0,0001,1.0,LAND,8.213776,7.4823303,1017.8131,6.271797555376209e-08,0,2025-12-03,49,10.86450858184678
2025-10-14 23:00:00,56.09999999999996,-3.5000000000000138,0,0001,1.0,LAND,8.262604,7.3573303,1018.5031,6.068289857645582e-08,0,2025-12-03,49,16.563299958390772
2025-10-14 23:00:00,56.09999999999996,-3.4000000000000137,0,0001,1.0,LAND,8.344635,7.3729553,1022.5131,5.864782159914904e-08,0,2025-12-03,49,22.527295305734203
2025-10-14 23:00:00,55.99999999999996,-3.4000000000000137,0,0001,1.0,LAND,8.202057,7.119049,1028.4832,6.555437156070785e-08,0,2025-12-03,49,27.37126839771302
2025-10-14 23:00:00,56.09999999999996,-3.700000000000014,0,0001,1.0,LAND,8.170807,7.6385803,1020.34314,6.236183289210455e-08,0,2025-12-03,49,6.209934430601996
2025-10-15 00:00:00,55.99999999999996,-3.5000000000000138,0,0001,1.0,LAND,7.2469788,6.873932,1028.4832,6.916767780750798e-08,0,2025-12-03,49,22.703409415182904
2025-10-13 21:00:00,56.499999999999964,-4.2000000000000135,0,0001,1.0,LAND,8.888824,7.4007874,973.3088,1.3493726636060913e-08,0,2025-12-03,50,47.92393602562079
2025-10-13 20:00:00,56.499999999999964,-4.000000000000014,0,0001,1.0,LAND,9.81131,7.8959045,974.26,1.2869288893806552e-08,0,2025-12-03,50,42.067983644050294
2025-10-14 02:00:00,55.899999999999956,-4.2000000000000135,0,0001,1.0,LAND,5.1930237,5.0438538,1013.79376,5.0204298496223485e-08,0,2025-12-03,49,39.062056016618314
2025-10-14 03:00:00,55.899999999999956,-4.300000000000013,0,0001,1.0,LAND,5.017975,4.8783264,1014.9894,4.901930295009106e-08,0,2025-12-03,49,43.69593849035156
2025-10-14 03:00:00,55.899999999999956,-4.2000000000000135,0,0001,1.0,LAND,5.00235,4.856842,1013.7594,4.992089186472752e-08,0,2025-12-03,49,39.062056016618314
2025-10-14 01:00:00,55.99999999999996,-3.800000000000014,0,0001,1.0,LAND,7.1773987,7.0419006,1018.9506,5.6625577560250575e-08,0,2025-12-03,49,16.625373650183587
2025-10-17 10:00:00,56.0,-3.25,0,0001,1.0,MARINE,9.609528,7.4598694,1012.0119,9.849362186953273e-09,0,2025-12-03,46,35.27363463791916
2025-10-17 09:00:00,56.25,-3.5,0,0001,1.0,MARINE,9.160065,8.068512,1011.3738,9.809780415065655e-09,0,2025-12-03,46,19.399763296218577
2025-10-17 07:00:00,56.0,-4.25,0,0001,1.0,MARINE,8.019928,7.514801,1006.3169,1.508947851854471e-08,0,2025-12-03,46,34.89600165521449
2025-10-17 06:00:00,56.0,-4.5,0,0001,1.0,MARINE,8.364166,7.68277,1007.66876,1.4010976823186592e-08,0,2025-12-03,46,49.1395559556115
2025-10-17 05:00:00,56.0,-4.5,0,0001,1.0,MARINE,8.197174,7.4857483,1007.605,1.4289730806045919e-08,0,2025-12-03,46,49.1395559556115
2025-10-15 10:00:00,56.25,-4.0,0,0001,1.0,MARINE,8.622711,7.125885,1007.8475,1.9337309892231987e-08,0,2025-12-03,48,19.057475857770346
2025-10-23 00:00:00,56.0,-3.75,0,0001,1.0,MARINE,5.8868713,5.4147034,975.0563,1.5925164964513973e-08,0,2025-12-03,41,16.373732848233665
2025-10-13 22:00:00,56.0,-4.0,0,0001,1.0,MARINE,8.978912,8.717438,1013.66,5.319200783541489e-08,0,2025-12-03,50,22.40971949206606
2025-10-14 08:00:00,56.0,-3.5,0,0001,1.0,MARINE,7.62027,6.9757385,1018.59564,5.913694423043044e-08,0,2025-12-03,49,22.703409415180072
2025-10-14 09:00:00,56.0,-3.5,0,0001,1.0,MARINE,7.905182,7.370514,1018.70935,5.978725048372189e-08,0,2025-12-03,49,22.703409415180072
2025-10-13 20:00:00,56.5,-4.25,0,0001,1.0,MARINE,9.217926,7.570465,980.9944,1.3244397541652786e-08,0,2025-12-03,50,49.759117182693004
2025-10-14 09:00:00,55.75,-3.5,0,0001,1.0,MARINE,7.1669006,6.231842,999.8794,4.194580723038039e-08,0,2025-12-03,49,46.904953023326364
2025-10-15 08:00:00,56.0,-3.75,0,0001,1.0,MARINE,6.708893,5.873932,1017.1844,4.477788347519557e-08,0,2025-12-03,48,16.373732848233665
2025-10-15 07:00:00,56.0,-3.75,0,0001,1.0,MARINE,6.712799,5.789459,1016.9125,4.83008136635073e-08,0,2025-12-03,48,16.373732848233665
2025-10-15 06:00:00,56.0,-3.75,0,0001,1.0,MARINE,6.511383,5.6615295,1016.8006,5.182374385181905e-08,0,2025-12-03,48,16.373732848233665
2025-10-14 14:00:00,55.75,-3.5,0,0001,1.0,MARINE,9.513336,7.4007874,999.6181,4.399769545915157e-08,0,2025-12-03,49,46.904953023326364
2025-10-14 14:00:00,56.25,-4.5,0,0001,1.0,MARINE,9.755524,6.3910217,994.78815,2.9537829127069366e-08,0,2025-12-03,49,47.574118581212076
2025-10-14 11:00:00,56.0,-3.5,0,0001,1.0,MARINE,8.028229,7.7481995,1019.115,6.108786299030481e-08,0,2025-12-03,49,22.703409415180072
2025-10-14 10:00:00,55.75,-3.5,0,0001,1.0,MARINE,7.3404846,7.063385,1000.14374,4.272273282368474e-08,0,2025-12-03,49,46.904953023326364
2025-10-14 10:00:00,56.0,-3.5,0,0001,1.0,MARINE,7.9166565,7.764557,1019.14374,6.043755673701335e-08,0,2025-12-03,49,22.703409415180072
2025-10-14 10:00:00,56.0,-3.75,0,0001,1.0,MARINE,7.7604065,7.6063538,1017.85376,6.049140455210887e-08,0,2025-12-03,49,16.373732848233665
2025-10-14 22:00:00,56.0,-3.5,0,0001,1.0,MARINE,9.203522,7.365143,1018.9394,6.79294263801928e-08,0,2025-12-03,49,22.703409415180072
2025-10-14 22:00:00,56.0,-3.75,0,0001,1.0,MARINE,9.049225,7.775299,1017.6194,7.103215327042156e-08,0,2025-12-03,49,16.373732848233665
2025-10-14 22:00:00,56.0,-4.0,0,0001,1.0,MARINE,8.801178,7.7167053,1014.77936,7.105088606351641e-08,0,2025-12-03,49,22.40971949206606
2025-10-14 21:00:00,55.75,-3.75,0,0001,1.0,MARINE,8.726227,7.424225,1004.77936,4.922067160795133e-08,0,2025-12-03,49,44.171591914622255
2025-10-14 21:00:00,55.75,-4.0,0,0001,1.0,MARINE,8.913727,7.394928,1010.6894,5.63624670268929e-08,0,2025-12-03,49,46.7625883886154
2025-10-13 10:00:00,56.0,-4.5,0,0001,1.0,MARINE,8.534821,8.513092,1012.9431,3.143845265599962e-08,0,2025-12-03,50,49.1395559556115
2025-10-13 17:00:00,56.0,-3.0,0,0001,1.0,MARINE,12.060944,9.273834,1017.08685,3.6105358554767775e-08,0,2025-12-03,50,49.54233622779171
2025-10-13 00:00:00,56.25,-3.0,0,0001,1.0,MARINE,10.61441,10.185211,1027.685,2.5072455334118953e-08,0,2025-12-03,51,47.98735621190846
2025-10-12 23:00:00,56.25,-3.0,0,0001,1.0,MARINE,10.885651,10.48233,1027.7931,2.3599569111410265e-08,0,2025-12-03,51,47.98735621190846
2025-10-13 02:00:00,56.25,-3.0,0,0001,1.0,MARINE,11.157867,10.655426,1027.1763,2.396064378388647e-08,0,2025-12-03,50,47.98735621190846
2025-10-13 09:00:00,56.0,-4.25,0,0001,1.0,MARINE,8.508942,8.14151,1011.3794,3.343942023281644e-08,0,2025-12-03,50,34.89600165521449
2025-10-13 09:00:00,56.0,-4.5,0,0001,1.0,MARINE,8.524567,8.139557,1012.65936,3.1810092226968845e-08,0,2025-12-03,50,49.1395559556115
2025-10-13 08:00:00,56.0,-4.25,0,0001,1.0,MARINE,8.454498,8.02066,1011.14813,3.417181737574934e-08,0,2025-12-03,50,34.89600165521449
2025-10-13 06:00:00,56.0,-3.75,0,0001,1.0,MARINE,8.497223,8.132233,1015.71124,3.6400384040290676e-08,0,2025-12-03,50,16.373732848233665
2025-10-13 05:00:00,56.0,-3.5,0,0001,1.0,MARINE,9.249664,8.909821,1017.3831,3.550800623900735e-08,0,2025-12-03,50,22.703409415180072
2025-10-13 05:00:00,56.0,-3.75,0,0001,1.0,MARINE,8.316071,8.003571,1016.0831,3.714460857414208e-08,0,2025-12-03,50,16.373732848233665
2025-10-13 04:00:00,56.0,-3.5,0,0001,1.0,MARINE,9.254059,8.878815,1017.21625,3.61031376646291e-08,0,2025-12-03,50,22.703409415180072
2025-10-13 03:00:00,56.25,-3.0,0,0001,1.0,MARINE,11.0336,10.539703,1026.8912,2.340473800877023e-08,0,2025-12-03,50,47.98735621190846
2025-11-09 22:00:00,56.39999999999996,-3.1000000000000134,0,0005,1.0,LAND,9.114655,8.421783,995.23315,1.4897307720751275e-08,0,2025-12-03,23,49.16708242349585
2025-11-09 22:00:00,56.25,-3.25,0,0005,1.0,MARINE,9.016266,8.157135,997.59,1.4614806890152618e-08,0,2025-12-03,23,33.172481753670645
2025-08-23 04:00:00,53.39999999999992,-1.0000000000000115,0,0001,1.0,LAND,12.629303,11.38736,1013.73126,1.5126448834242247e-08,1,2025-11-21,89,21.07884569040847
2025-08-23 05:00:00,53.19999999999992,-0.9000000000000116,0,0001,1.0,LAND,12.515289,11.18692,1013.83435,1.4180840464857348e-08,1,2025-11-21,89,39.64482785844
2025-08-23 07:00:00,53.29999999999992,-1.1000000000000116,0,0001,1.0,LAND,14.125641,11.761383,1010.29126,1.4727485444139804e-08,1,2025-11-21,89,22.625231992286587
2025-08-23 03:00:00,53.49999999999992,-1.1000000000000116,0,0001,1.0,LAND,13.01358,11.3836975,1014.2725,1.6351892812016107e-08,1,2025-11-21,89,13.694800263380516
2025-08-23 01:00:00,53.799999999999926,-1.400000000000012,0,0001,1.0,LAND,13.687164,10.169098,1011.83374,1.6970103655645253e-08,1,2025-11-21,89,37.799263597689674
2025-08-23 02:00:00,53.59999999999992,-1.2000000000000117,0,0001,1.0,LAND,13.367828,10.924469,1013.8656,1.8130082028258796e-08,1,2025-11-21,89,16.32323363020547
2025-08-23 02:00:00,53.59999999999992,-1.1000000000000116,0,0001,1.0,LAND,13.444,11.1666565,1016.1456,1.7243674192238734e-08,1,2025-11-21,89,19.907274918602788
2025-08-23 14:00:00,53.699999999999925,-1.1000000000000116,0,0001,1.0,LAND,20.197174,9.816803,1016.4412,1.541202717299741e-08,1,2025-11-21,89,29.194820058006215
2025-08-23 14:00:00,53.59999999999992,-1.0000000000000115,0,0001,1.0,LAND,20.341705,9.93985,1018.1912,1.4979520438866334e-08,1,2025-11-21,89,24.769113995873717
2025-08-23 15:00:00,53.699999999999925,-1.400000000000012,0,0001,1.0,LAND,20.357574,10.158844,1014.16437,1.8563164283502968e-08,1,2025-11-21,89,26.928767523768094
2025-08-23 15:00:00,53.59999999999992,-1.3000000000000118,0,0001,1.0,LAND,20.412262,9.986969,1014.16437,1.8090770326217874e-08,1,2025-11-21,89,14.965104354491363
2025-08-23 07:00:00,53.25,-1.0,0,0001,1.0,MARINE,14.220123,11.503082,1016.07935,1.4244939774051444e-08,1,2025-11-21,89,31.08936414325579
2025-08-23 07:00:00,53.25,-1.25,0,0001,1.0,MARINE,13.907623,11.223785,1007.0494,1.5012831917441703e-08,1,2025-11-21,89,24.169926942008527
2025-08-23 05:00:00,53.5,-1.0,0,0001,1.0,MARINE,12.716217,11.431549,1016.5538,1.518395674008722e-08,1,2025-11-21,89,20.13133506729188
2025-08-23 04:00:00,53.75,-1.0,0,0001,1.0,MARINE,12.751373,11.334869,1020.1025,1.457055328243014e-08,1,2025-11-21,89,37.27635636809696
2025-08-23 03:00:00,53.5,-1.0,0,0001,1.0,MARINE,12.520172,11.141022,1016.7381,1.569467505957429e-08,1,2025-11-21,89,20.13133506729188
2025-08-23 02:00:00,53.5,-1.0,0,0001,1.0,MARINE,12.9652405,11.128082,1016.67126,1.595003421931783e-08,1,2025-11-21,89,20.13133506729188
2025-08-23 01:00:00,53.75,-1.25,0,0001,1.0,MARINE,14.2899475,10.162506,1017.90375,1.698590279310615e-08,1,2025-11-21,89,31.806380496578196
2025-09-29 18:00:00,53.19999999999992,-0.7000000000000116,0,0001,1.0,LAND,14.473785,6.5558167,1020.71936,1.3378703034306639e-08,1,2025-11-21,52,49.50905031419595
2025-09-29 18:00:00,53.29999999999992,-0.8000000000000116,0,0001,1.0,LAND,14.491364,6.421051,1021.0494,1.4117408686509398e-08,1,2025-11-21,52,37.84280277192097
2025-09-29 18:00:00,53.59999999999992,-1.3000000000000118,0,0001,1.0,LAND,13.731598,7.454254,1018.1294,1.8020529068962092e-08,1,2025-11-21,52,14.965104354491363
2025-09-29 17:00:00,53.59999999999992,-1.500000000000012,0,0001,1.0,LAND,13.801178,8.021149,1015.09314,1.6560430212326618e-08,1,2025-11-21,52,20.026017769102364
2025-09-29 17:00:00,53.699999999999925,-1.500000000000012,0,0001,1.0,LAND,13.8714905,8.866852,1018.3831,1.6673299782499157e-08,1,2025-11-21,52,29.275725227307387
2025-09-29 17:00:00,53.799999999999926,-0.8000000000000116,0,0001,1.0,LAND,14.654694,7.2066956,1023.60315,1.1177319551396636e-08,1,2025-11-21,52,49.64910627682363
2025-09-05 21:00:00,53.89999999999993,-1.3000000000000118,0,0001,1.0,LAND,14.310699,10.698151,1012.31,1.3129912865284915e-08,1,2025-11-21,76,48.32339624306385
2025-09-05 20:00:00,53.19999999999992,-1.9000000000000123,0,0001,1.0,LAND,14.700348,9.29129,985.84814,1.0579076429687934e-08,1,2025-11-21,76,49.653858719909095
2025-09-05 21:00:00,53.89999999999993,-1.2000000000000117,0,0001,1.0,LAND,14.506012,10.700104,1013.92,1.2517480219021979e-08,1,2025-11-21,76,48.757996581445546
2025-09-05 21:00:00,53.799999999999926,-1.400000000000012,0,0001,1.0,LAND,14.357574,10.8993225,1012.1,1.4452065377757656e-08,1,2025-11-21,76,37.799263597689674
2025-09-05 23:00:00,53.19999999999992,-1.500000000000012,0,0001,1.0,LAND,13.967926,9.943024,1001.4437,1.2406240636660571e-08,1,2025-11-21,76,32.400514232644966
2025-09-05 22:00:00,53.19999999999992,-1.600000000000012,0,0001,1.0,LAND,14.24234,9.839874,997.45685,1.0999448093092964e-08,1,2025-11-21,76,35.6573709102624
2025-09-05 21:00:00,53.19999999999992,-1.7000000000000122,0,0001,1.0,LAND,14.427887,9.6024475,991.84,1.0740418110444397e-08,1,2025-11-21,76,39.7653809274985
2025-09-05 21:00:00,53.19999999999992,-1.8000000000000123,0,0001,1.0,LAND,14.072418,9.45401,987.87,1.0936958116936141e-08,1,2025-11-21,76,44.48938048027499
2025-09-29 18:00:00,53.75,-0.75,0,0001,1.0,MARINE,14.952057,8.2291565,1023.9675,1.2276074545791939e-08,1,2025-11-21,52,48.077559106110684
2025-09-29 19:00:00,53.25,-0.75,0,0001,1.0,MARINE,14.776764,7.591339,1022.635,1.4897113393558337e-08,1,2025-11-21,52,43.58221068313449
2025-09-05 21:00:00,53.25,-1.5,0,0001,1.0,MARINE,13.147125,9.626984,997.8331,1.1958398254268938e-08,1,2025-11-21,76,27.428528787013512
2025-09-04 11:00:00,53.75,-1.5,0,0001,1.0,MARINE,16.120758,11.421417,991.04065,9.038608965450438e-09,1,2025-11-21,77,34.319289620770235
2025-10-17 12:00:00,53.699999999999925,-1.600000000000012,0,0001,1.0,LAND,11.033112,6.4388733,1018.1669,1.2161438078806317e-08,1,2025-11-21,34,32.80439982181418
2025-10-17 12:00:00,53.099999999999916,-1.3000000000000118,0,0001,1.0,LAND,12.275299,6.9271545,1008.96686,1.4790531466246704e-08,1,2025-11-21,34,40.63272784841284
2025-10-17 13:00:00,53.59999999999992,-1.500000000000012,0,0001,1.0,LAND,11.527008,6.5538635,1017.13873,1.333873256292868e-08,1,2025-11-21,34,20.026017769102364
2025-10-17 13:00:00,53.49999999999992,-1.500000000000012,0,0001,1.0,LAND,11.542633,6.5851135,1009.8088,1.3423086642205862e-08,1,2025-11-21,34,13.86724778877931
2025-10-17 14:00:00,53.699999999999925,-1.600000000000012,0,0001,1.0,LAND,11.449005,6.422516,1017.52313,1.3614145366603242e-08,1,2025-11-21,34,32.80439982181418
2025-10-17 15:00:00,53.699999999999925,-1.7000000000000122,0,0001,1.0,LAND,11.287018,6.2018127,1011.4963,1.4649183727178382e-08,1,2025-11-21,34,37.17983012980574
2025-10-11 18:00:00,53.29999999999992,-1.0000000000000115,0,0001,1.0,LAND,13.763092,8.935211,1025.4694,1.4670301723418805e-08,1,2025-11-21,40,27.030543100093254
2025-10-12 07:00:00,53.59999999999992,-1.9000000000000123,0,0001,1.0,LAND,6.7584534,6.653473,997.46,2.3432016327262197e-08,1,2025-11-21,39,42.467681687068456
2025-10-12 06:00:00,53.59999999999992,-1.9000000000000123,0,0001,1.0,LAND,6.7001038,6.5794983,997.0181,2.4548260757483568e-08,1,2025-11-21,39,42.467681687068456
2025-10-12 08:00:00,53.59999999999992,-1.9000000000000123,0,0001,1.0,LAND,7.424469,7.295807,997.66,2.231577189704083e-08,1,2025-11-21,39,42.467681687068456
2025-10-12 09:00:00,53.699999999999925,-1.9000000000000123,0,0001,1.0,LAND,8.333405,8.113556,1003.3544,2.0034104708523022e-08,1,2025-11-21,39,47.499590568932604
2025-10-12 09:00:00,53.59999999999992,-1.8000000000000123,0,0001,1.0,LAND,8.38028,8.092072,1003.5144,2.016236999580178e-08,1,2025-11-21,39,36.35730568679194
2025-10-12 04:00:00,53.59999999999992,-1.9000000000000123,0,0001,1.0,LAND,6.5438538,6.4405823,997.02185,2.678074961792631e-08,1,2025-11-21,39,42.467681687068456
2025-10-14 03:00:00,53.59999999999992,-0.9000000000000116,0,0001,1.0,LAND,11.1371155,10.862701,1029.6294,2.811372823430105e-08,1,2025-11-21,37,30.299765157446178
2025-10-14 03:00:00,53.49999999999992,-0.9000000000000116,0,0001,1.0,LAND,11.146881,10.825592,1028.3694,2.6537285036097523e-08,1,2025-11-21,37,26.656288005646413
2025-10-14 02:00:00,53.59999999999992,-1.9000000000000123,0,0001,1.0,LAND,10.339508,10.241119,995.41376,4.0972007120383654e-08,1,2025-11-21,37,42.467681687068456
2025-10-14 02:00:00,53.59999999999992,-1.8000000000000123,0,0001,1.0,LAND,10.632477,10.528229,1001.0037,3.9332201791823226e-08,1,2025-11-21,37,36.35730568679194
2025-10-14 01:00:00,53.699999999999925,-1.8000000000000123,0,0001,1.0,LAND,10.702789,10.522369,1009.1206,4.0572612861981614e-08,1,2025-11-21,37,42.13906555658188
2025-10-13 23:00:00,53.799999999999926,-1.8000000000000123,0,0001,1.0,LAND,11.207672,10.7916565,1010.1925,3.9989568619465784e-08,1,2025-11-21,38,49.76778086967873
2025-10-13 23:00:00,53.699999999999925,-1.8000000000000123,0,0001,1.0,LAND,11.1979065,10.828766,1009.3325,3.978757157074855e-08,1,2025-11-21,38,42.13906555658188
2025-10-14 00:00:00,53.699999999999925,-1.8000000000000123,0,0001,1.0,LAND,10.923492,10.668854,1009.22687,4.194782965427651e-08,1,2025-11-21,38,42.13906555658188
2025-10-16 10:00:00,53.75,-1.25,0,0001,1.0,MARINE,11.559235,7.2850647,1026.88,9.134663039866907e-09,1,2025-11-21,35,31.806380496578196
2025-10-16 09:00:00,53.5,-1.75,0,0001,1.0,MARINE,9.22818,7.5951233,998.7925,9.658803305778698e-09,1,2025-11-21,35,30.111986239718657
2025-10-13 04:00:00,53.75,-1.25,0,0001,1.0,MARINE,10.140778,10.109283,1028.7963,2.27830636578828e-08,1,2025-11-21,38,31.806380496578196
2025-10-13 05:00:00,53.5,-1.25,0,0001,1.0,MARINE,9.968414,9.941071,1020.40314,1.9692173484445847e-08,1,2025-11-21,38,5.014597507956087
2025-08-22 19:00:00,51.599999999999895,-0.2000000000000117,0,0001,1.0,LAND,20.535797,7.545807,1013.71936,1.3421154113993278e-08,2,2025-11-07,76,23.814636863878366
2025-08-23 13:00:00,51.699999999999896,-0.9000000000000116,0,0001,1.0,LAND,20.775055,9.669342,1004.9225,1.544482818490355e-08,2,2025-11-07,75,44.55720138431021
2025-08-23 13:00:00,51.599999999999895,-0.9000000000000116,0,0001,1.0,LAND,20.931305,9.90567,1006.4325,1.5402044491648348e-08,2,2025-11-07,75,48.80644847069956
2025-08-23 14:00:00,51.599999999999895,-0.9000000000000116,0,0001,1.0,LAND,20.912018,10.057037,1006.29126,1.5975139803595487e-08,2,2025-11-07,75,48.80644847069956
2025-08-23 15:00:00,51.7999999999999,-0.9000000000000116,0,0001,1.0,LAND,20.76773,10.069,1007.9244,1.6575149086595053e-08,2,2025-11-07,75,42.8474210041814
2025-08-23 14:00:00,51.75,-0.75,0,0001,1.0,MARINE,21.2294,9.927643,1009.055,1.6035015047248086e-08,2,2025-11-07,75,33.19088734678674
2025-08-23 14:00:00,52.0,-0.75,0,0001,1.0,MARINE,21.246979,9.605377,1009.485,1.5898720784335323e-08,2,2025-11-07,75,38.79560195135744
2025-08-23 13:00:00,52.0,-0.75,0,0001,1.0,MARINE,21.096344,9.673492,1009.4975,1.540378191666749e-08,2,2025-11-07,75,38.79560195135744
2025-08-23 12:00:00,51.75,-0.75,0,0001,1.0,MARINE,20.862457,10.120514,1009.1894,1.506474167634055e-08,2,2025-11-07,75,33.19088734678674
2025-08-23 12:00:00,52.0,-0.75,0,0001,1.0,MARINE,20.954254,9.737701,1009.6294,1.4908843048999662e-08,2,2025-11-07,75,38.79560195135744
2025-09-30 01:00:00,51.599999999999895,-0.5000000000000117,0,0001,1.0,LAND,11.569,8.201324,1017.26685,3.5181865050876905e-08,2,2025-11-07,37,27.841508485965377
2025-09-30 00:00:00,51.699999999999896,-0.4000000000000117,0,0001,1.0,LAND,11.691315,7.9441223,1012.6319,3.422370120631991e-08,2,2025-11-07,38,14.76559541833776
2025-09-29 23:00:00,51.39999999999989,-0.4000000000000117,0,0001,1.0,LAND,12.55777,8.45108,1020.8744,3.392471614738107e-08,2,2025-11-07,38,46.242177843898155
2025-09-29 23:00:00,51.7999999999999,-0.4000000000000117,0,0001,1.0,LAND,11.985504,7.7323303,1010.46436,2.8714698544859673e-08,2,2025-11-07,38,8.514081559429822
2025-09-29 22:00:00,51.8999999999999,-0.5000000000000117,0,0001,1.0,LAND,12.434845,7.420807,1010.09564,2.3821889137228523e-08,2,2025-11-07,38,18.37013721209212
2025-09-29 21:00:00,51.9999999999999,-0.5000000000000117,0,0001,1.0,LAND,13.464508,7.4546204,1015.5,1.966472867876214e-08,2,2025-11-07,38,26.194227806259523
2025-09-30 09:00:00,51.5,-0.25,0,0001,1.0,MARINE,13.650055,9.33548,1017.85,1.747346506375527e-08,2,2025-11-07,37,34.386104667402975
2025-09-30 07:00:00,51.75,0.25,0,0001,1.0,MARINE,8.204742,7.6107483,1018.6919,1.614592549300681e-08,2,2025-11-07,37,36.83896084068729
2025-09-30 09:00:00,51.5,-0.5,0,0001,1.0,MARINE,13.456696,9.083527,1017.44,1.6573183575507795e-08,2,2025-11-07,37,37.624685952196465
2025-09-30 06:00:00,51.75,0.25,0,0001,1.0,MARINE,7.8094788,7.1822815,1018.1238,1.7624574560199597e-08,2,2025-11-07,37,36.83896084068729
2025-09-29 23:00:00,52.0,-0.25,0,0001,1.0,MARINE,10.427887,7.7501526,1015.6181,2.114548951678027e-08,2,2025-11-07,38,21.342278757849265
2025-09-30 00:00:00,52.0,-0.25,0,0001,1.0,MARINE,9.60611,7.3511047,1015.325,2.2339462280031138e-08,2,2025-11-07,38,21.342278757849265
2025-09-30 01:00:00,52.0,-0.25,0,0001,1.0,MARINE,9.0104065,6.9879456,1015.3069,2.1154187660837154e-08,2,2025-11-07,37,21.342278757849265
2025-10-12 02:00:00,52.1999999999999,-0.10000000000001169,0,0001,1.0,LAND,8.793854,8.006012,1028.3606,2.5695753524956287e-08,2,2025-11-07,25,45.15633938754249
2025-10-12 03:00:00,52.1999999999999,-0.10000000000001169,0,0001,1.0,LAND,8.390045,7.7826233,1028.0413,2.5975960937784614e-08,2,2025-11-07,25,45.15633938754249
2025-10-12 03:00:00,52.1999999999999,-1.1685097334179773e-14,0,0001,1.0,LAND,8.483795,7.8314514,1028.9213,2.5672905357154063e-08,2,2025-11-07,25,47.45322203863197
2025-10-11 15:00:00,51.75,0.0,0,0001,1.0,MARINE,14.649567,8.616608,1025.0663,1.5569990075015484e-08,2,2025-11-07,26,20.145646143282445
2025-10-11 15:00:00,51.75,-0.25,0,0001,1.0,MARINE,14.446442,8.597076,1023.35626,1.5584778141619924e-08,2,2025-11-07,26,6.795518248862307
2025-10-11 15:00:00,51.75,-0.5,0,0001,1.0,MARINE,14.249176,8.681061,1022.2463,1.587371148414916e-08,2,2025-11-07,26,16.676609113502472
2025-10-11 15:00:00,51.75,0.25,0,0001,1.0,MARINE,14.669098,8.808014,1026.3762,1.512334891345985e-08,2,2025-11-07,26,36.83896084068729
2025-10-11 15:00:00,51.5,0.0,0,0001,1.0,MARINE,14.671051,9.063873,1027.0363,1.7866981782965725e-08,2,2025-11-07,26,39.2945435291328
2025-10-11 16:00:00,51.75,-0.25,0,0001,1.0,MARINE,14.2344055,8.540192,1023.2925,1.701299741826084e-08,2,2025-11-07,26,6.795518248862307
2025-10-11 16:00:00,51.5,0.0,0,0001,1.0,MARINE,14.478546,8.993317,1026.9325,1.9286388634280118e-08,2,2025-11-07,26,39.2945435291328
2025-10-11 16:00:00,51.5,-0.25,0,0001,1.0,MARINE,14.28714,8.897614,1025.1825,1.882825149494381e-08,2,2025-11-07,26,34.386104667402975
2025-10-11 16:00:00,51.75,0.25,0,0001,1.0,MARINE,14.459015,8.731598,1026.3325,1.6370703191197143e-08,2,2025-11-07,26,36.83896084068729
2025-10-11 16:00:00,51.75,0.0,0,0001,1.0,MARINE,14.447296,8.55191,1025.0325,1.6961810400673486e-08,2,2025-11-07,26,20.145646143282445
2025-10-12 01:00:00,52.25,-0.25,0,0001,1.0,MARINE,7.6075745,6.6859436,1028.9331,2.636665987395155e-08,2,2025-11-07,25,49.09527041496754
2025-10-12 00:00:00,52.25,-0.25,0,0001,1.0,MARINE,7.9569397,6.759186,1029.1743,2.6225241145372164e-08,2,2025-11-07,26,49.09527041496754
2025-10-11 23:00:00,52.25,-0.25,0,0001,1.0,MARINE,8.255768,6.8805237,1029.2556,2.4828644038891444e-08,2,2025-11-07,26,49.09527041496754
2025-10-11 22:00:00,52.25,-0.25,0,0001,1.0,MARINE,8.660309,7.0223694,1029.4888,2.343204693241072e-08,2,2025-11-07,26,49.09527041496754
2025-10-12 02:00:00,52.0,-0.25,0,0001,1.0,MARINE,7.1280823,6.176422,1023.3244,2.5327810589578215e-08,2,2025-11-07,25,21.342278757849265
2025-10-12 03:00:00,52.0,-0.25,0,0001,1.0,MARINE,7.02652,6.190338,1022.9913,2.555473221921322e-08,2,2025-11-07,25,21.342278757849265
2025-08-22 02:00:00,52.1999999999999,-2.0000000000000124,0,0001,1.0,LAND,13.848541,7.023834,1015.0975,9.513239085378281e-09,3,2025-10-29,67,43.55295496744887
2025-08-23 08:00:00,52.0999999999999,-2.600000000000013,0,0001,1.0,LAND,16.128815,11.823151,1007.445,1.1913455999490125e-08,3,2025-10-29,66,43.728518819765306
2025-08-23 13:00:00,51.599999999999895,-2.600000000000013,0,0001,1.0,LAND,20.482086,11.364655,1015.6525,1.2469277832493506e-08,3,2025-10-29,66,39.346884772805154
2025-08-11 18:00:00,51.7999999999999,-2.800000000000013,0,0001,1.0,LAND,23.852692,12.632965,1005.1788,1.4283412674841223e-08,3,2025-10-29,78,44.57894887088108
2025-08-11 18:00:00,51.39999999999989,-1.9000000000000123,0,0001,1.0,LAND,24.81363,12.935699,1003.10876,1.0413570228351435e-08,3,2025-10-29,78,49.816651479692524
2025-08-12 00:00:00,51.9999999999999,-2.500000000000013,0,0001,1.0,LAND,18.970612,13.02005,1006.1769,1.649112491008798e-08,3,2025-10-29,78,31.15435161391578
2025-08-12 00:00:00,51.8999999999999,-2.500000000000013,0,0001,1.0,LAND,18.767487,13.430206,1007.3169,1.509326508219831e-08,3,2025-10-29,78,25.488687613033715
2025-08-10 23:00:00,51.7999999999999,-2.400000000000013,0,0001,1.0,LAND,18.869293,12.607208,1017.64435,1.9597891087743322e-08,3,2025-10-29,79,17.16612510070522
2025-08-10 23:00:00,51.699999999999896,-2.500000000000013,0,0001,1.0,LAND,18.754059,12.536896,1017.21436,2.04205210472653e-08,3,2025-10-29,79,27.380423002627033
2025-08-11 03:00:00,51.9999999999999,-2.700000000000013,0,0001,1.0,LAND,15.862946,13.711334,1010.5525,1.425002488231317e-08,3,2025-10-29,78,42.580981437660945
2025-08-11 04:00:00,52.0999999999999,-2.700000000000013,0,0001,1.0,LAND,15.753204,13.98172,1011.83813,1.3697062928309018e-08,3,2025-10-29,78,48.77974967293678
2025-08-10 22:00:00,51.599999999999895,-2.500000000000013,0,0001,1.0,LAND,19.853668,12.252228,1019.0875,2.1257312354804674e-08,3,2025-10-29,79,34.21435896839648
2025-08-23 11:00:00,51.5,-2.5,0,0001,1.0,MARINE,20.412994,11.443268,1012.0106,1.1775818616517934e-08,3,2025-10-29,66,42.881723730688805
2025-08-23 10:00:00,52.0,-2.5,0,0001,1.0,MARINE,18.805328,11.725006,1011.685,1.2700244781763981e-08,3,2025-10-29,66,31.154351613922195
2025-08-11 21:00:00,52.25,-2.25,0,0001,1.0,MARINE,21.299713,11.421051,1007.8781,1.7386611900205027e-08,3,2025-10-29,78,48.310080448047096
2025-08-11 04:00:00,52.0,-2.75,0,0001,1.0,MARINE,15.190094,12.635651,1009.1331,1.3963981008539613e-08,3,2025-10-29,78,45.63543457143155
2025-08-11 03:00:00,52.0,-2.75,0,0001,1.0,MARINE,15.141022,12.502106,1009.3775,1.3936894277533368e-08,3,2025-10-29,78,45.63543457143155
2025-09-29 21:00:00,52.0999999999999,-1.600000000000012,0,0001,1.0,LAND,12.366852,7.4077454,1012.4,1.9275123996907385e-08,3,2025-10-29,29,49.02791477198261
2025-09-29 20:00:00,52.0999999999999,-1.7000000000000122,0,0001,1.0,LAND,13.357819,7.499176,1013.9988,1.838455258399651e-08,3,2025-10-29,29,43.95500764359723
2025-09-29 17:00:00,52.0999999999999,-2.1000000000000125,0,0001,1.0,LAND,15.469147,7.7711487,1020.72314,1.5133740885463644e-08,3,2025-10-29,29,31.372560393860052
2025-10-10 18:00:00,51.7999999999999,-2.400000000000013,0,0001,1.0,LAND,14.858551,9.044464,1025.7524,1.3097789297591187e-08,3,2025-10-29,18,17.16612510070522
2025-10-17 13:00:00,52.0,-1.5,0,0001,1.0,MARINE,13.51944,8.178131,1011.0825,1.1878610576646951e-08,3,2025-10-29,11,49.03388421916255
2025-10-17 14:00:00,52.0,-1.75,0,0001,1.0,MARINE,13.82901,7.7674866,1011.60565,1.2014792716286092e-08,3,2025-10-29,11,34.11205783953915
2025-07-16 20:00:00,51.9999999999999,-1.7000000000000122,0,0001,1.0,LAND,20.836334,11.13443,998.3644,1.2043449496938198e-08,4,2025-10-10,85,36.942080581715715
2025-07-16 20:00:00,51.9999999999999,-1.600000000000012,0,0001,1.0,LAND,20.812897,10.439117,998.34436,1.1957693798099847e-08,4,2025-10-10,85,42.865682702687735
2025-07-21 02:00:00,51.5,-2.5,0,0001,1.0,MARINE,11.152252,10.783356,989.7825,1.065736635978219e-08,4,2025-10-10,80,42.881723730688805
2025-07-21 03:00:00,51.5,-2.25,0,0001,1.0,MARINE,11.452789,10.7447815,986.55,9.68749304386384e-09,4,2025-10-10,80,36.18259186139083
2025-07-16 21:00:00,52.0,-1.5,0,0001,1.0,MARINE,18.860992,11.304108,1002.9369,1.4068211318107738e-08,4,2025-10-10,85,49.03388421916255
2025-07-16 20:00:00,52.25,-2.0,0,0001,1.0,MARINE,20.036774,11.66568,1007.23376,1.3201044183711855e-08,4,2025-10-10,85,48.96785615328061
2025-08-22 02:00:00,52.1999999999999,-2.0000000000000124,0,0001,1.0,LAND,13.848541,7.023834,1015.0975,9.513239085378281e-09,4,2025-10-10,48,43.55295496744887
2025-08-23 08:00:00,52.0999999999999,-2.600000000000013,0,0001,1.0,LAND,16.128815,11.823151,1007.445,1.1913455999490125e-08,4,2025-10-10,47,43.728518819765306
2025-08-23 13:00:00,51.599999999999895,-2.600000000000013,0,0001,1.0,LAND,20.482086,11.364655,1015.6525,1.2469277832493506e-08,4,2025-10-10,47,39.346884772805154
2025-08-11 18:00:00,51.7999999999999,-2.800000000000013,0,0001,1.0,LAND,23.852692,12.632965,1005.1788,1.4283412674841223e-08,4,2025-10-10,59,44.57894887088108
2025-08-11 18:00:00,51.39999999999989,-1.9000000000000123,0,0001,1.0,LAND,24.81363,12.935699,1003.10876,1.0413570228351435e-08,4,2025-10-10,59,49.816651479692524
2025-08-12 00:00:00,51.9999999999999,-2.500000000000013,0,0001,1.0,LAND,18.970612,13.02005,1006.1769,1.649112491008798e-08,4,2025-10-10,59,31.15435161391578
2025-08-12 00:00:00,51.8999999999999,-2.500000000000013,0,0001,1.0,LAND,18.767487,13.430206,1007.3169,1.509326508219831e-08,4,2025-10-10,59,25.488687613033715
2025-08-10 23:00:00,51.7999999999999,-2.400000000000013,0,0001,1.0,LAND,18.869293,12.607208,1017.64435,1.9597891087743322e-08,4,2025-10-10,60,17.16612510070522
2025-08-10 23:00:00,51.699999999999896,-2.500000000000013,0,0001,1.0,LAND,18.754059,12.536896,1017.21436,2.04205210472653e-08,4,2025-10-10,60,27.380423002627033
2025-08-11 03:00:00,51.9999999999999,-2.700000000000013,0,0001,1.0,LAND,15.862946,13.711334,1010.5525,1.425002488231317e-08,4,2025-10-10,59,42.580981437660945
2025-08-11 04:00:00,52.0999999999999,-2.700000000000013,0,0001,1.0,LAND,15.753204,13.98172,1011.83813,1.3697062928309018e-08,4,2025-10-10,59,48.77974967293678
2025-08-10 22:00:00,51.599999999999895,-2.500000000000013,0,0001,1.0,LAND,19.853668,12.252228,1019.0875,2.1257312354804674e-08,4,2025-10-10,60,34.21435896839648
2025-08-23 11:00:00,51.5,-2.5,0,0001,1.0,MARINE,20.412994,11.443268,1012.0106,1.1775818616517934e-08,4,2025-10-10,47,42.881723730688805
2025-08-23 10:00:00,52.0,-2.5,0,0001,1.0,MARINE,18.805328,11.725006,1011.685,1.2700244781763981e-08,4,2025-10-10,47,31.154351613922195
2025-08-11 21:00:00,52.25,-2.25,0,0001,1.0,MARINE,21.299713,11.421051,1007.8781,1.7386611900205027e-08,4,2025-10-10,59,48.310080448047096
2025-08-11 04:00:00,52.0,-2.75,0,0001,1.0,MARINE,15.190094,12.635651,1009.1331,1.3963981008539613e-08,4,2025-10-10,59,45.63543457143155
2025-08-11 03:00:00,52.0,-2.75,0,0001,1.0,MARINE,15.141022,12.502106,1009.3775,1.3936894277533368e-08,4,2025-10-10,59,45.63543457143155
2025-09-29 21:00:00,52.0999999999999,-1.600000000000012,0,0001,1.0,LAND,12.366852,7.4077454,1012.4,1.9275123996907385e-08,4,2025-10-10,10,49.02791477198261
2025-09-29 20:00:00,52.0999999999999,-1.7000000000000122,0,0001,1.0,LAND,13.357819,7.499176,1013.9988,1.838455258399651e-08,4,2025-10-10,10,43.95500764359723
2025-09-29 17:00:00,52.0999999999999,-2.1000000000000125,0,0001,1.0,LAND,15.469147,7.7711487,1020.72314,1.5133740885463644e-08,4,2025-10-10,10,31.372560393860052
2025-07-29 00:00:00,56.99999999999997,-2.3000000000000127,0,0001,1.0,LAND,13.246002,10.228424,1001.39935,1.1169264402255838e-08,5,2025-10-07,70,39.53905600204514
2025-07-29 00:00:00,56.99999999999997,-2.400000000000013,0,0001,1.0,LAND,13.124908,9.812408,996.51935,1.0994641641559814e-08,5,2025-10-07,70,35.22966881456107
2025-07-30 20:00:00,56.89999999999997,-2.500000000000013,0,0001,1.0,LAND,16.71109,14.171295,989.85,1.2307890910149541e-08,5,2025-10-07,68,41.19006122777602
2025-07-29 00:00:00,56.99999999999997,-2.500000000000013,0,0001,1.0,LAND,12.86319,9.570221,992.40936,1.007951400122675e-08,5,2025-10-07,70,31.49302832434972
2025-07-29 00:00:00,57.09999999999997,-2.3000000000000127,0,0001,1.0,LAND,13.441315,9.89444,1003.20935,9.983006754588528e-09,5,2025-10-07,70,33.230622714978374
2025-07-24 18:00:00,57.49999999999998,-3.4000000000000137,0,0001,1.0,LAND,17.44754,11.232941,987.8063,9.108132803526233e-09,5,2025-10-07,74,46.896040545295136
2025-07-29 00:00:00,56.99999999999997,-2.600000000000013,0,0001,1.0,LAND,12.523346,9.230377,987.4494,9.16438636089369e-09,5,2025-10-07,70,28.554882067827105
2025-07-29 00:00:00,57.09999999999997,-2.400000000000013,0,0001,1.0,LAND,13.257721,9.804596,1000.70935,1.0029821417845373e-08,5,2025-10-07,70,27.98095695424412
2025-07-24 21:00:00,57.39999999999998,-3.5000000000000138,0,0001,1.0,LAND,15.468048,10.889069,982.9313,1.2120855819031416e-08,5,2025-10-07,74,46.31221300453779
2025-07-30 21:00:00,57.0,-2.5,0,0001,1.0,MARINE,15.173004,14.115875,992.9231,1.21415378029343e-08,5,2025-10-07,68,31.49302832434753
2025-08-22 00:00:00,57.09999999999997,-2.400000000000013,0,0001,1.0,LAND,10.948395,6.75235,1002.9269,9.348693819077698e-09,5,2025-10-07,46,27.98095695424412
2025-08-22 00:00:00,57.09999999999997,-2.3000000000000127,0,0001,1.0,LAND,11.253082,6.5628967,1005.47687,9.022047886553281e-09,5,2025-10-07,46,33.230622714978374
2025-08-24 16:00:00,57.49999999999998,-3.4000000000000137,0,0001,1.0,LAND,19.860748,12.855377,986.6369,1.0729465982350668e-08,5,2025-10-07,43,46.896040545295136
2025-08-24 16:00:00,57.49999999999998,-3.3000000000000136,0,0001,1.0,LAND,19.995514,12.824127,987.70685,1.0477695822075116e-08,5,2025-10-07,43,42.40323405645198
2025-08-24 16:00:00,57.49999999999998,-3.2000000000000135,0,0001,1.0,LAND,20.102936,12.798737,988.71686,1.0225925661799561e-08,5,2025-10-07,43,38.324085896362384
2025-08-24 15:00:00,57.49999999999998,-3.4000000000000137,0,0001,1.0,LAND,20.016754,12.83902,986.97,1.0683446544090514e-08,5,2025-10-07,43,46.896040545295136
2025-08-24 17:00:00,57.49999999999998,-3.4000000000000137,0,0001,1.0,LAND,19.555817,13.057526,986.4406,1.0775485420610824e-08,5,2025-10-07,43,46.896040545295136
2025-08-24 17:00:00,57.49999999999998,-3.3000000000000136,0,0001,1.0,LAND,19.710114,13.041901,987.5106,1.0448334558654604e-08,5,2025-10-07,43,42.40323405645198
2025-08-24 19:00:00,57.39999999999998,-3.5000000000000138,0,0001,1.0,LAND,19.056183,13.212799,981.2644,1.0639409038966695e-08,5,2025-10-07,43,46.31221300453779
2025-08-24 19:00:00,57.39999999999998,-3.4000000000000137,0,0001,1.0,LAND,18.968292,13.261627,979.4444,1.0231106202980909e-08,5,2025-10-07,43,40.870741731998
2025-08-24 17:00:00,57.39999999999998,-3.4000000000000137,0,0001,1.0,LAND,19.528473,12.907135,979.6906,9.906423884912405e-09,5,2025-10-07,43,40.870741731998
2025-08-17 01:00:00,57.299999999999976,-2.800000000000013,0,0001,1.0,LAND,12.302643,10.788483,993.8119,1.0176022580133014e-08,5,2025-10-07,50,7.278964118569868
2025-08-17 02:00:00,57.299999999999976,-2.9000000000000132,0,0001,1.0,LAND,11.813141,10.66629,986.58813,9.248000809592014e-09,5,2025-10-07,50,9.74072570104743
2025-08-17 01:00:00,57.299999999999976,-2.9000000000000132,0,0001,1.0,LAND,12.136627,10.665436,986.59186,9.833318603824807e-09,5,2025-10-07,50,9.74072570104743
2025-08-17 01:00:00,57.39999999999998,-2.9000000000000132,0,0001,1.0,LAND,12.230377,10.47403,994.9919,9.129639747899577e-09,5,2025-10-07,50,19.491990153346265
2025-08-16 23:00:00,57.299999999999976,-2.500000000000013,0,0001,1.0,LAND,13.395905,11.138947,1009.6244,1.0960622983299043e-08,5,2025-10-07,51,19.002461472268067
2025-08-16 23:00:00,57.299999999999976,-2.400000000000013,0,0001,1.0,LAND,13.456451,11.273712,1011.64435,1.1078685450509013e-08,5,2025-10-07,51,24.66572598133779
2025-08-17 00:00:00,57.39999999999998,-2.700000000000013,0,0001,1.0,LAND,12.740631,10.740997,1005.0037,1.0132870098545011e-08,5,2025-10-07,51,19.19565270902045
2025-08-17 00:00:00,57.39999999999998,-2.600000000000013,0,0001,1.0,LAND,12.769928,10.87381,1008.65375,1.0304398223581952e-08,5,2025-10-07,51,21.700168555269656
2025-08-17 00:00:00,57.299999999999976,-2.700000000000013,0,0001,1.0,LAND,12.865631,10.918732,1001.4938,1.0894132929095925e-08,5,2025-10-07,51,9.131587097861537
2025-08-17 00:00:00,57.299999999999976,-2.600000000000013,0,0001,1.0,LAND,12.937897,11.047638,1005.90375,1.1015257594948697e-08,5,2025-10-07,51,13.641457565388034
2025-08-18 06:00:00,57.299999999999976,-2.9000000000000132,0,0001,1.0,LAND,12.323761,11.956085,983.76373,9.08778674535418e-09,5,2025-10-07,49,9.74072570104743
2025-08-18 02:00:00,56.99999999999997,-2.400000000000013,0,0001,1.0,LAND,12.258453,11.018585,1004.2656,9.134326036293726e-09,5,2025-10-07,49,35.22966881456107
2025-08-18 03:00:00,57.299999999999976,-2.800000000000013,0,0001,1.0,LAND,11.937897,11.513092,991.2375,9.240683329636587e-09,5,2025-10-07,49,7.278964118569868
2025-08-14 00:00:00,56.99999999999997,-2.700000000000013,0,0001,1.0,LAND,16.253815,14.028351,977.575,1.2181559760904326e-08,5,2025-10-07,54,26.680354465662983
2025-08-14 00:00:00,56.99999999999997,-2.600000000000013,0,0001,1.0,LAND,16.01944,13.897491,982.105,1.3264505049903718e-08,5,2025-10-07,54,28.554882067827105
2025-08-14 04:00:00,56.99999999999997,-2.600000000000013,0,0001,1.0,LAND,15.339142,13.855988,981.1294,1.2578470413397303e-08,5,2025-10-07,53,28.554882067827105
2025-08-14 04:00:00,56.99999999999997,-2.500000000000013,0,0001,1.0,LAND,15.057892,13.684113,985.95935,1.3597248068227575e-08,5,2025-10-07,53,31.49302832434972
2025-08-15 13:00:00,56.79999999999997,-2.9000000000000132,0,0001,1.0,LAND,18.874664,13.084381,994.3569,1.0797990307454703e-08,5,2025-10-07,52,48.773909524613124
2025-08-16 05:00:00,56.89999999999997,-2.400000000000013,0,0001,1.0,LAND,12.569489,11.077789,1010.45123,1.0303125140091535e-08,5,2025-10-07,51,44.120406631498994
2025-08-18 06:00:00,57.5,-3.25,0,0001,1.0,MARINE,12.331696,12.069977,1000.0781,9.285735458330854e-09,5,2025-10-07,49,40.30380445192238
2025-08-18 05:00:00,57.5,-3.25,0,0001,1.0,MARINE,12.300934,12.091705,1000.1775,9.021384296999547e-09,5,2025-10-07,49,40.30380445192238
2025-08-16 23:00:00,57.25,-2.5,0,0001,1.0,MARINE,12.680817,10.804352,1009.1956,1.1234575186813746e-08,5,2025-10-07,51,17.653883033654314
2025-08-16 23:00:00,57.25,-2.75,0,0001,1.0,MARINE,12.131989,10.403961,998.0756,1.0994985796819516e-08,5,2025-10-07,51,3.0500424155929555
2025-08-16 22:00:00,57.25,-2.25,0,0001,1.0,MARINE,13.244293,11.312408,1016.0119,1.0944496642295616e-08,5,2025-10-07,51,32.6574181405798
2025-08-16 22:00:00,57.25,-2.5,0,0001,1.0,MARINE,13.089996,10.929596,1009.1819,1.1002540156734889e-08,5,2025-10-07,51,17.653883033654314
2025-08-16 21:00:00,57.25,-2.0,0,0001,1.0,MARINE,13.94986,12.650299,1025.0743,1.0489045965123033e-08,5,2025-10-07,51,47.68474300323529
2025-08-16 20:00:00,57.25,-2.0,0,0001,1.0,MARINE,14.153961,12.784576,1024.9926,1.0289915438240404e-08,5,2025-10-07,51,47.68474300323529
2025-08-17 00:00:00,57.25,-2.75,0,0001,1.0,MARINE,11.295074,9.947174,998.14185,1.1226802876240853e-08,5,2025-10-07,51,3.0500424155929555
2025-07-19 09:00:00,52.89999999999991,-1.7000000000000122,0,0001,1.0,LAND,19.78189,15.884308,994.3575,1.1186041926069719e-08,6,2025-10-05,77,21.99260963478578
2025-07-19 09:00:00,52.79999999999991,-1.7000000000000122,0,0001,1.0,LAND,19.57486,16.11673,994.8675,1.0870580435806518e-08,6,2025-10-05,77,25.128347425769896
2025-07-19 10:00:00,52.89999999999991,-1.600000000000012,0,0001,1.0,LAND,19.82022,16.473297,994.8631,1.1375556496772832e-08,6,2025-10-05,77,28.693545493977368
2025-07-19 11:00:00,52.999999999999915,-1.500000000000012,0,0001,1.0,LAND,19.587067,16.514557,993.25,1.192716545898365e-08,6,2025-10-05,77,36.75147686789231
2025-07-19 12:00:00,52.999999999999915,-1.600000000000012,0,0001,1.0,LAND,19.554352,16.407867,991.67126,1.196966614713755e-08,6,2025-10-05,77,30.365468074379603
2025-07-19 12:00:00,52.89999999999991,-1.500000000000012,0,0001,1.0,LAND,19.689117,16.607086,995.0513,1.1746901673603395e-08,6,2025-10-05,77,35.39662190299349
2025-07-19 08:00:00,52.89999999999991,-2.2000000000000126,0,0001,1.0,LAND,17.686676,16.082062,990.7556,1.0361464871285067e-08,6,2025-10-05,77,11.611100843580367
2025-07-19 04:00:00,53.099999999999916,-2.400000000000013,0,0001,1.0,LAND,16.620514,14.982086,996.29565,9.63078594651253e-09,6,2025-10-05,77,32.72102885165573
2025-07-19 04:00:00,53.099999999999916,-2.3000000000000127,0,0001,1.0,LAND,16.608795,14.939117,993.59564,9.908609118388024e-09,6,2025-10-05,77,27.963287277167154
2025-07-19 04:00:00,53.099999999999916,-2.2000000000000126,0,0001,1.0,LAND,16.52481,14.868805,990.34564,1.0186432290263515e-08,6,2025-10-05,77,24.14057003520935
2025-07-19 05:00:00,53.099999999999916,-2.1000000000000125,0,0001,1.0,LAND,16.156647,14.664215,984.5062,1.0621938606458503e-08,6,2025-10-05,77,21.751578677967338
2025-07-19 05:00:00,53.099999999999916,-2.0000000000000124,0,0001,1.0,LAND,15.998444,14.506012,980.15625,1.089072691288561e-08,6,2025-10-05,77,21.28468483350347
2025-07-19 06:00:00,53.29999999999992,-2.1000000000000125,0,0001,1.0,LAND,16.393219,15.473663,985.3862,1.1420334788958052e-08,6,2025-10-05,77,43.71194594266438
2025-07-19 08:00:00,52.89999999999991,-2.1000000000000125,0,0001,1.0,LAND,17.940582,16.064484,991.0756,1.0580317362969681e-08,6,2025-10-05,77,4.967179994929977
2025-07-19 00:00:00,52.999999999999915,-2.1000000000000125,0,0001,1.0,LAND,18.259186,14.561188,990.2619,9.733552186474809e-09,6,2025-10-05,78,11.191913727741841
2025-07-19 00:00:00,52.999999999999915,-2.0000000000000124,0,0001,1.0,LAND,18.21231,14.627594,989.0619,1.0064170830048472e-08,6,2025-10-05,78,10.252751704906382
2025-07-19 00:00:00,52.999999999999915,-1.9000000000000123,0,0001,1.0,LAND,18.259186,14.785797,989.3719,1.0175086551100665e-08,6,2025-10-05,78,13.218525025807729
2025-07-19 00:00:00,52.999999999999915,-1.8000000000000123,0,0001,1.0,LAND,18.501373,14.891266,991.39185,1.0286002272152818e-08,6,2025-10-05,78,18.278136032157725
2025-07-19 00:00:00,52.89999999999991,-1.8000000000000123,0,0001,1.0,LAND,18.790436,15.04361,996.7519,1.0204938227786786e-08,6,2025-10-05,78,15.29664920792507
2025-07-18 23:00:00,52.79999999999991,-1.8000000000000123,0,0001,1.0,LAND,18.984772,15.035187,997.5444,9.735609836821862e-09,6,2025-10-05,78,19.523587234360622
2025-07-18 23:00:00,52.89999999999991,-1.8000000000000123,0,0001,1.0,LAND,19.330475,15.048859,997.0044,9.81628197245961e-09,6,2025-10-05,78,15.29664920792507
2025-07-18 23:00:00,52.89999999999991,-1.7000000000000122,0,0001,1.0,LAND,19.455475,15.2031555,998.0144,9.95073046183836e-09,6,2025-10-05,78,21.99260963478578
2025-07-18 23:00:00,52.89999999999991,-2.1000000000000125,0,0001,1.0,LAND,19.088287,14.5469055,994.4844,9.199551731508928e-09,6,2025-10-05,78,4.967179994929977
2025-07-18 23:00:00,52.89999999999991,-2.0000000000000124,0,0001,1.0,LAND,19.13321,14.712921,995.0144,9.547384993702068e-09,6,2025-10-05,78,2.118077873128755
2025-07-18 23:00:00,52.89999999999991,-1.9000000000000123,0,0001,1.0,LAND,19.2211,14.886749,995.9944,9.681833483080858e-09,6,2025-10-05,78,8.617298430826917
2025-07-19 09:00:00,52.75,-1.5,0,0001,1.0,MARINE,17.943024,16.046051,992.47314,1.0950608808624133e-08,6,2025-10-05,77,39.622625493056574
2025-07-19 09:00:00,53.0,-1.5,0,0001,1.0,MARINE,18.400055,15.881989,991.6931,1.160001822375627e-08,6,2025-10-05,77,36.75147686789565
2025-07-19 09:00:00,53.0,-1.75,0,0001,1.0,MARINE,18.65982,15.298004,986.41315,1.1450151105041244e-08,6,2025-10-05,77,21.15246985411008
2025-07-19 08:00:00,52.75,-1.5,0,0001,1.0,MARINE,17.655426,15.700226,992.775,1.0865944588545018e-08,6,2025-10-05,77,39.622625493056574
2025-07-19 08:00:00,52.75,-1.75,0,0001,1.0,MARINE,18.034332,15.245148,991.995,1.0733825522857273e-08,6,2025-10-05,77,25.71937226003203
2025-07-19 08:00:00,53.0,-1.75,0,0001,1.0,MARINE,18.450348,15.094757,986.545,1.1326963219223215e-08,6,2025-10-05,77,21.15246985411008
2025-07-19 08:00:00,53.0,-2.0,0,0001,1.0,MARINE,18.010895,15.200226,988.575,1.1067920802076888e-08,6,2025-10-05,77,10.252751704915857
2025-08-22 00:00:00,53.29999999999992,-1.7000000000000122,0,0001,1.0,LAND,13.104645,7.805084,991.3169,1.6877165998073827e-08,6,2025-10-05,44,48.63631934163043
2025-08-22 00:00:00,53.19999999999992,-1.7000000000000122,0,0001,1.0,LAND,13.260895,7.570709,992.9369,1.5812128495439908e-08,6,2025-10-05,44,39.03984512527277
2025-08-22 01:00:00,53.099999999999916,-1.8000000000000123,0,0001,1.0,LAND,13.041412,7.532379,993.1975,1.5238468209499095e-08,6,2025-10-05,43,26.105148878266643
2025-08-22 02:00:00,52.59999999999991,-1.9000000000000123,0,0001,1.0,LAND,13.772369,7.1566467,1007.9075,1.1873399633857971e-08,6,2025-10-05,43,35.447984868056494
2025-08-22 02:00:00,52.49999999999991,-1.9000000000000123,0,0001,1.0,LAND,13.565338,6.8246155,1004.8875,1.1253818081128062e-08,6,2025-10-05,43,46.31665361533254
2025-08-23 20:00:00,52.49999999999991,-1.8000000000000123,0,0001,1.0,LAND,19.068146,11.175446,1004.81,2.0573217573981403e-08,6,2025-10-05,42,48.025347171779224
2025-08-23 09:00:00,52.89999999999991,-1.600000000000012,0,0001,1.0,LAND,16.900543,11.388092,1010.40625,1.5101440764553245e-08,6,2025-10-05,42,28.693545493977368
2025-08-23 16:00:00,52.59999999999991,-2.3000000000000127,0,0001,1.0,LAND,19.871735,11.512604,1006.9944,1.7606977949686855e-08,6,2025-10-05,42,38.974665024014755
2025-08-23 16:00:00,52.59999999999991,-2.2000000000000126,0,0001,1.0,LAND,19.897125,11.455963,1006.58435,1.7871084464122835e-08,6,2025-10-05,42,36.29790895666906
2025-08-23 16:00:00,52.49999999999991,-2.3000000000000127,0,0001,1.0,LAND,19.867828,11.713776,1007.14435,1.7064989643599672e-08,6,2025-10-05,42,49.07440268203269
2025-08-23 16:00:00,52.49999999999991,-2.2000000000000126,0,0001,1.0,LAND,19.934235,11.682526,1007.2544,1.7331762839725938e-08,6,2025-10-05,42,46.971803214792644
2025-08-22 01:00:00,52.75,-1.75,0,0001,1.0,MARINE,11.525299,6.070221,1007.59875,1.2728058299456614e-08,6,2025-10-05,43,25.71937226003203
2025-08-22 00:00:00,52.75,-1.75,0,0001,1.0,MARINE,11.890778,6.0973206,1007.6937,1.3323299602463343e-08,6,2025-10-05,44,25.71937226003203
2025-08-22 00:00:00,53.0,-1.75,0,0001,1.0,MARINE,11.339996,6.652008,1002.10376,1.4880276455464406e-08,6,2025-10-05,44,21.15246985411008
2025-08-22 01:00:00,52.5,-2.0,0,0001,1.0,MARINE,10.308502,6.3319397,1009.4387,1.2256415586146196e-08,6,2025-10-05,43,45.55016873981022
2025-08-21 23:00:00,53.0,-1.5,0,0001,1.0,MARINE,11.815338,6.4042053,1007.77313,1.2995235887380735e-08,6,2025-10-05,44,36.75147686789565
2025-08-21 22:00:00,53.25,-1.75,0,0001,1.0,MARINE,11.087067,7.2687073,989.0031,1.4863362235439768e-08,6,2025-10-05,44,42.17703663330428
2025-08-23 09:00:00,53.0,-1.75,0,0001,1.0,MARINE,16.431793,11.872223,1001.41815,1.5306938022652228e-08,6,2025-10-05,42,21.15246985411008
2025-08-23 08:00:00,52.5,-2.25,0,0001,1.0,MARINE,15.616364,12.513336,1007.59564,1.3546172331994332e-08,6,2025-10-05,42,47.91633649406274
2025-08-23 08:00:00,52.75,-2.0,0,0001,1.0,MARINE,15.409332,12.294586,1005.97565,1.4585019488440714e-08,6,2025-10-05,42,17.81007957821871
2025-08-23 08:00:00,52.75,-2.25,0,0001,1.0,MARINE,15.571442,12.771149,1006.84564,1.4454323108795961e-08,6,2025-10-05,42,23.17531204467845
2025-08-23 08:00:00,53.0,-2.0,0,0001,1.0,MARINE,15.237457,12.405914,1003.10565,1.543596539477212e-08,6,2025-10-05,42,10.252751704915857
2025-08-23 10:00:00,53.0,-1.5,0,0001,1.0,MARINE,18.090485,10.941803,1007.005,1.513546003343673e-08,6,2025-10-05,42,36.75147686789565
2025-08-23 10:00:00,53.0,-1.75,0,0001,1.0,MARINE,17.66861,11.103912,1001.495,1.5430204947097775e-08,6,2025-10-05,42,21.15246985411008
2025-09-29 03:00:00,53.099999999999916,-2.400000000000013,0,0001,1.0,LAND,8.423981,7.4752502,1013.96936,1.652802056328765e-08,6,2025-10-05,5,32.72102885165573
2025-09-29 02:00:00,53.099999999999916,-2.500000000000013,0,0001,1.0,LAND,9.268219,8.270416,1014.03564,1.7715872870544173e-08,6,2025-10-05,5,38.06477954607321
2025-09-29 02:00:00,53.099999999999916,-2.600000000000013,0,0001,1.0,LAND,9.367828,8.635651,1015.6456,1.8139248418127088e-08,6,2025-10-05,5,43.780473257600654
2025-09-29 06:00:00,52.999999999999915,-2.3000000000000127,0,0001,1.0,LAND,6.210846,6.073395,1008.96124,1.313517539180889e-08,6,2025-10-05,5,20.851621956725037
2025-09-29 05:00:00,52.999999999999915,-2.3000000000000127,0,0001,1.0,LAND,6.5768127,6.372467,1008.5669,1.3737591730843802e-08,6,2025-10-05,5,20.851621956725037
2025-09-29 05:00:00,52.999999999999915,-2.400000000000013,0,0001,1.0,LAND,6.5143127,6.3939514,1009.9269,1.397415350101626e-08,6,2025-10-05,5,26.910606227319708
2025-09-29 04:00:00,53.099999999999916,-2.3000000000000127,0,0001,1.0,LAND,7.5658264,6.9515686,1010.9938,1.5258154369608266e-08,6,2025-10-05,5,27.963287277167154
2025-09-29 07:00:00,52.89999999999991,-2.2000000000000126,0,0001,1.0,LAND,5.9496155,5.7711487,1010.09686,1.1954909469775983e-08,6,2025-10-05,5,11.611100843580367
2025-09-05 20:00:00,53.099999999999916,-2.0000000000000124,0,0001,1.0,LAND,15.110504,9.590118,993.5681,1.0619991182754858e-08,6,2025-10-05,29,21.28468483350347
2025-09-05 20:00:00,53.099999999999916,-2.1000000000000125,0,0001,1.0,LAND,15.362457,9.787384,997.96814,1.0613059061211292e-08,6,2025-10-05,29,21.751578677967338
2025-09-05 20:00:00,53.099999999999916,-2.2000000000000126,0,0001,1.0,LAND,15.721832,10.082306,1003.5781,1.0606126939667726e-08,6,2025-10-05,29,24.14057003520935
2025-09-05 20:00:00,53.099999999999916,-2.3000000000000127,0,0001,1.0,LAND,15.880035,10.267853,1006.85815,1.0599194818124161e-08,6,2025-10-05,29,27.963287277167154
2025-09-05 20:00:00,53.099999999999916,-2.400000000000013,0,0001,1.0,LAND,15.991364,10.463165,1009.58813,1.0592262696580497e-08,6,2025-10-05,29,32.72102885165573
2025-09-05 20:00:00,53.099999999999916,-2.500000000000013,0,0001,1.0,LAND,15.934723,10.496368,1009.4281,1.007520002612287e-08,6,2025-10-05,29,38.06477954607321
2025-09-05 20:00:00,53.099999999999916,-2.600000000000013,0,0001,1.0,LAND,15.960114,10.668243,1010.96814,9.558137355665243e-09,6,2025-10-05,29,43.780473257600654
2025-09-05 20:00:00,53.099999999999916,-2.700000000000013,0,0001,1.0,LAND,16.141754,10.869415,1014.08813,9.041074685207617e-09,6,2025-10-05,29,49.740044334436504
2025-09-05 20:00:00,53.19999999999992,-1.9000000000000123,0,0001,1.0,LAND,14.700348,9.29129,985.84814,1.0579076429687934e-08,6,2025-10-05,29,33.42949003469073
2025-09-05 20:00:00,53.19999999999992,-2.0000000000000124,0,0001,1.0,LAND,14.868317,9.428009,990.03815,1.074266586797978e-08,6,2025-10-05,29,32.376579910391236
2025-09-05 23:00:00,53.19999999999992,-1.500000000000012,0,0001,1.0,LAND,13.967926,9.943024,1001.4437,1.2406240636660571e-08,6,2025-10-05,29,47.83327868033438
2025-09-05 22:00:00,53.19999999999992,-1.600000000000012,0,0001,1.0,LAND,14.24234,9.839874,997.45685,1.0999448093092964e-08,6,2025-10-05,29,43.14393981149253
2025-09-05 21:00:00,53.19999999999992,-1.7000000000000122,0,0001,1.0,LAND,14.427887,9.6024475,991.84,1.0740418110444397e-08,6,2025-10-05,29,39.03984512527277
2025-09-05 21:00:00,53.19999999999992,-1.8000000000000123,0,0001,1.0,LAND,14.072418,9.45401,987.87,1.0936958116936141e-08,6,2025-10-05,29,35.72328512928097
2025-09-29 02:00:00,53.0,-2.5,0,0001,1.0,MARINE,7.6766663,6.7018127,1013.1269,1.6101739441775788e-08,6,2025-10-05,5,33.216270368149345
2025-09-24 02:00:00,53.0,-2.75,0,0001,1.0,MARINE,7.741852,5.5292053,1019.4294,1.0351102197603139e-08,6,2025-10-05,10,49.4349903738649
2025-07-19 09:00:00,53.699999999999925,-2.9000000000000132,0,0001,1.0,LAND,18.694,15.589386,1006.1375,9.115125126912572e-09,7,2025-10-04,76,29.41296887659214
2025-07-19 09:00:00,53.59999999999992,-2.800000000000013,0,0001,1.0,LAND,18.549469,15.380402,1000.2175,9.163354741659178e-09,7,2025-10-04,76,19.736963435277623
2025-07-19 14:00:00,53.699999999999925,-2.800000000000013,0,0001,1.0,LAND,20.694489,15.4791565,1001.0637,1.0735388430068385e-08,7,2025-10-04,76,30.3254123659887
2025-07-19 14:00:00,53.59999999999992,-2.9000000000000132,0,0001,1.0,LAND,20.544098,15.440094,1001.40375,1.0587987079683795e-08,7,2025-10-04,76,18.300560676678106
2025-07-19 08:00:00,53.29999999999992,-2.800000000000013,0,0001,1.0,LAND,17.743317,15.134796,1000.7056,9.116806716965174e-09,7,2025-10-04,76,16.82307123501834
2025-07-11 05:00:00,53.19999999999992,-2.700000000000013,0,0001,1.0,LAND,13.987701,13.824982,1015.3619,9.52860134314015e-09,7,2025-10-04,84,29.75694592584958
2025-07-11 06:00:00,53.29999999999992,-2.700000000000013,0,0001,1.0,LAND,15.100128,14.300446,1014.5687,1.0030634756823007e-08,7,2025-10-04,84,20.64168630497648
2025-07-11 06:00:00,53.29999999999992,-2.800000000000013,0,0001,1.0,LAND,15.137238,14.372711,1016.1788,1.0779944423220828e-08,7,2025-10-04,84,16.82307123501834
2025-07-19 08:00:00,53.25,-2.75,0,0001,1.0,MARINE,16.956207,15.206085,1000.215,9.326848793289555e-09,7,2025-10-04,76,23.28590811790633
2025-07-19 15:00:00,53.75,-2.75,0,0001,1.0,MARINE,20.608795,16.229645,996.8831,1.1657590517910624e-08,7,2025-10-04,76,36.56900164439494
2025-07-10 22:00:00,53.5,-3.25,0,0001,1.0,MARINE,17.045563,15.118439,1020.54,1.602360345335581e-08,7,2025-10-04,85,23.459709211606725
2025-07-11 06:00:00,53.25,-3.25,0,0001,1.0,MARINE,15.441071,14.483551,1008.1431,9.041875951469869e-09,7,2025-10-04,84,30.460713056536612
2025-07-11 06:00:00,53.5,-3.25,0,0001,1.0,MARINE,15.118805,14.874176,1019.8331,1.2280438121372978e-08,7,2025-10-04,84,23.459709211606725
2025-08-23 18:00:00,53.799999999999926,-2.500000000000013,0,0001,1.0,LAND,18.653473,12.837311,1002.90625,2.1320607834776023e-08,7,2025-10-04,41,48.80744383663673
2025-08-24 22:00:00,53.19999999999992,-3.5000000000000138,0,0001,1.0,LAND,17.134674,13.503082,995.3681,1.4300766459917868e-08,7,2025-10-04,40,47.00156776649826
2025-08-23 17:00:00,53.59999999999992,-2.500000000000013,0,0001,1.0,LAND,19.17569,12.087555,999.4256,2.4513363265179747e-08,7,2025-10-04,41,32.832523243704394
2025-08-23 16:00:00,53.49999999999992,-2.500000000000013,0,0001,1.0,LAND,19.908844,12.467682,1009.65436,2.2080151447962743e-08,7,2025-10-04,41,28.227746347341537
2025-08-23 13:00:00,53.19999999999992,-2.800000000000013,0,0001,1.0,LAND,20.29654,12.140045,1016.7225,1.6598237303118632e-08,7,2025-10-04,41,27.24109583067009
2025-08-23 14:00:00,53.29999999999992,-2.800000000000013,0,0001,1.0,LAND,20.642487,11.982819,1015.02124,1.7247879272967482e-08,7,2025-10-04,41,16.82307123501834
2025-08-23 16:00:00,53.49999999999992,-2.600000000000013,0,0001,1.0,LAND,20.026031,12.317291,1009.2544,2.0858095769089744e-08,7,2025-10-04,41,21.88976626847644
2025-08-11 17:00:00,53.59999999999992,-2.3000000000000127,0,0001,1.0,LAND,23.262115,14.904694,998.5037,1.154109600480036e-08,7,2025-10-04,53,44.42991004947989
2025-08-11 13:00:00,53.49999999999992,-2.9000000000000132,0,0001,1.0,LAND,22.366852,16.14566,1017.62,1.0103791969750634e-08,7,2025-10-04,53,7.210030295609715
2025-08-11 14:00:00,53.49999999999992,-2.800000000000013,0,0001,1.0,LAND,23.284576,15.912262,1015.14685,1.0541387170566734e-08,7,2025-10-04,53,10.332034532136971
2025-08-11 15:00:00,53.59999999999992,-2.700000000000013,0,0001,1.0,LAND,23.05655,15.837311,1010.32874,1.0979139153377487e-08,7,2025-10-04,53,23.05654684913582
2025-08-11 16:00:00,53.699999999999925,-2.600000000000013,0,0001,1.0,LAND,23.21109,15.695221,1005.755,1.101346451074913e-08,7,2025-10-04,53,35.920519778375564
2025-08-11 16:00:00,53.59999999999992,-2.500000000000013,0,0001,1.0,LAND,23.381012,15.060455,1000.345,1.1262274668410894e-08,7,2025-10-04,53,32.832523243704394
2025-08-24 14:00:00,53.75,-3.0,0,0001,1.0,MARINE,20.807037,14.857819,1015.85065,1.912372325311536e-08,7,2025-10-04,40,35.4348290183513
2025-08-24 23:00:00,53.5,-3.5,0,0001,1.0,MARINE,17.59317,15.851471,1017.0006,1.7728397402882677e-08,7,2025-10-04,40,39.541484028086685
2025-08-23 17:00:00,53.75,-2.5,0,0001,1.0,MARINE,19.177887,13.25235,1004.03125,2.128468797972094e-08,7,2025-10-04,41,44.31012081680715
2025-08-23 16:00:00,53.5,-2.75,0,0001,1.0,MARINE,20.621735,13.269684,1015.58374,1.9025012250780274e-08,7,2025-10-04,41,12.922613993917095
2025-08-23 15:00:00,53.5,-2.75,0,0001,1.0,MARINE,20.595123,13.38736,1015.84,1.803187962834405e-08,7,2025-10-04,41,12.922613993917095
2025-08-11 23:00:00,53.0,-3.0,0,0001,1.0,MARINE,19.881989,14.447662,999.17377,1.9021085521468263e-08,7,2025-10-04,53,48.784162772521555
2025-08-11 16:00:00,53.75,-2.75,0,0001,1.0,MARINE,23.387604,16.608795,1013.0756,1.1009613406128512e-08,7,2025-10-04,53,36.56900164439494
2025-08-11 15:00:00,53.75,-2.75,0,0001,1.0,MARINE,23.367828,16.639801,1013.5131,1.0711827758136445e-08,7,2025-10-04,53,36.56900164439494
2025-08-11 14:00:00,53.75,-2.75,0,0001,1.0,MARINE,23.00113,16.85733,1014.10065,1.0414042110144384e-08,7,2025-10-04,53,36.56900164439494
2025-08-11 13:00:00,53.5,-2.75,0,0001,1.0,MARINE,23.708893,16.476227,1017.2344,9.979189687555176e-09,7,2025-10-04,53,12.922613993917095
2025-08-11 18:00:00,53.5,-2.5,0,0001,1.0,MARINE,23.194244,16.183258,1009.8869,1.2167485574643445e-08,7,2025-10-04,53,28.227746347344542
2025-08-11 17:00:00,53.75,-2.75,0,0001,1.0,MARINE,23.049957,16.673248,1012.6262,1.1307399054120574e-08,7,2025-10-04,53,36.56900164439494
2025-09-29 02:00:00,53.099999999999916,-2.500000000000013,0,0001,1.0,LAND,9.268219,8.270416,1014.03564,1.7715872870544173e-08,7,2025-10-04,4,46.31389822555711
2025-09-29 02:00:00,53.099999999999916,-2.600000000000013,0,0001,1.0,LAND,9.367828,8.635651,1015.6456,1.8139248418127088e-08,7,2025-10-04,4,42.71232243487572
2025-09-29 01:00:00,53.19999999999992,-2.700000000000013,0,0001,1.0,LAND,10.1336975,9.370514,1018.9494,2.176593122404699e-08,7,2025-10-04,4,29.75694592584958
2025-09-29 01:00:00,53.29999999999992,-2.800000000000013,0,0001,1.0,LAND,10.325104,9.423248,1019.58936,2.304093231023921e-08,7,2025-10-04,4,16.82307123501834
2025-09-24 03:00:00,53.099999999999916,-2.9000000000000132,0,0001,1.0,LAND,9.367096,7.3421936,1025.9031,1.0751050272261217e-08,7,2025-10-04,9,37.32482991748662
2025-09-23 03:00:00,53.29999999999992,-2.800000000000013,0,0001,1.0,LAND,9.54776,6.3905334,1023.90625,9.089581476384182e-09,7,2025-10-04,10,16.82307123501834
2025-09-05 20:00:00,53.099999999999916,-2.500000000000013,0,0001,1.0,LAND,15.934723,10.496368,1009.4281,1.007520002612287e-08,7,2025-10-04,28,46.31389822555711
2025-09-05 20:00:00,53.099999999999916,-2.600000000000013,0,0001,1.0,LAND,15.960114,10.668243,1010.96814,9.558137355665243e-09,7,2025-10-04,28,42.71232243487572
2025-09-05 20:00:00,53.099999999999916,-2.700000000000013,0,0001,1.0,LAND,16.141754,10.869415,1014.08813,9.041074685207617e-09,7,2025-10-04,28,39.90185810203909
2025-09-29 02:00:00,53.25,-2.75,0,0001,1.0,MARINE,8.666901,7.955719,1019.3069,2.1280627988950926e-08,7,2025-10-04,4,23.28590811790633
2025-09-29 00:00:00,53.25,-2.75,0,0001,1.0,MARINE,9.264069,8.17984,1019.0531,2.3572142016092726e-08,7,2025-10-04,5,23.28590811790633
2025-09-29 01:00:00,53.25,-2.75,0,0001,1.0,MARINE,8.830231,7.9086,1019.2388,2.242638500252182e-08,7,2025-10-04,4,23.28590811790633
2025-09-28 01:00:00,53.75,-3.0,0,0001,1.0,MARINE,13.263336,10.353668,1013.7919,9.420072472066226e-09,7,2025-10-04,5,35.4348290183513
2025-09-24 02:00:00,53.0,-2.75,0,0001,1.0,MARINE,7.741852,5.5292053,1019.4294,1.0351102197603139e-08,7,2025-10-04,9,49.628727311726465
2025-09-05 19:00:00,53.75,-3.0,0,0001,1.0,MARINE,15.785309,11.017242,1017.29877,9.233975392190358e-09,7,2025-10-04,28,35.4348290183513
2025-07-17 00:00:00,56.499999999999964,-3.0000000000000133,0,0001,1.0,LAND,14.064362,12.741852,1001.5419,1.077923794667895e-08,8,2025-09-23,68,29.912180088912766
2025-07-29 17:00:00,55.799999999999955,-3.0000000000000133,0,0001,1.0,LAND,17.562653,9.825348,984.8669,9.272813979628553e-09,8,2025-09-23,55,47.956576318449535
2025-07-30 02:00:00,56.499999999999964,-3.2000000000000135,0,0001,1.0,LAND,13.085114,11.317047,1003.28186,1.0611846660661353e-08,8,2025-09-23,54,32.76048777826518
2025-07-30 02:00:00,56.499999999999964,-3.1000000000000134,0,0001,1.0,LAND,12.921051,11.1315,1002.22186,1.0769456215698166e-08,8,2025-09-23,54,30.758111463264218
2025-07-30 01:00:00,56.19999999999996,-3.3000000000000136,0,0001,1.0,LAND,13.582184,11.593536,996.9437,1.247466396847616e-08,8,2025-09-23,54,19.94443596552928
2025-07-23 18:00:00,55.899999999999956,-2.700000000000013,0,0001,1.0,LAND,17.957428,11.780792,986.47876,1.4837252260146294e-08,8,2025-09-23,61,40.78258757018497
2025-07-23 18:00:00,55.899999999999956,-2.600000000000013,0,0001,1.0,LAND,17.541412,12.149933,983.5687,1.5269108977199836e-08,8,2025-09-23,61,43.81018992724345
2025-07-23 19:00:00,55.899999999999956,-2.700000000000013,0,0001,1.0,LAND,17.320099,12.276886,986.865,1.539615882006832e-08,8,2025-09-23,61,40.78258757018497
2025-07-23 23:00:00,55.899999999999956,-2.600000000000013,0,0001,1.0,LAND,15.315826,12.510895,985.5563,1.8193798449286927e-08,8,2025-09-23,61,43.81018992724345
2025-07-24 00:00:00,55.899999999999956,-2.700000000000013,0,0001,1.0,LAND,15.183746,12.381866,988.67126,1.8190691619678456e-08,8,2025-09-23,61,40.78258757018497
2025-07-24 03:00:00,56.599999999999966,-2.800000000000013,0,0001,1.0,LAND,15.145782,13.966217,1004.935,1.2738047061589646e-08,8,2025-09-23,60,42.51795546226728
2025-07-24 03:00:00,56.39999999999996,-3.1000000000000134,0,0001,1.0,LAND,15.345001,13.907623,1006.765,1.3664279485681163e-08,8,2025-09-23,60,20.12624356159713
2025-07-24 05:00:00,55.899999999999956,-2.700000000000013,0,0001,1.0,LAND,14.124054,12.14798,989.27,1.5968963679168636e-08,8,2025-09-23,60,40.78258757018497
2025-07-24 05:00:00,55.899999999999956,-2.600000000000013,0,0001,1.0,LAND,14.045929,12.265167,986.3,1.6352491490530055e-08,8,2025-09-23,60,43.81018992724345
2025-07-24 06:00:00,55.899999999999956,-2.600000000000013,0,0001,1.0,LAND,14.490753,12.425079,986.59625,1.5867242519895204e-08,8,2025-09-23,60,43.81018992724345
2025-07-02 11:00:00,55.99999999999996,-3.5000000000000138,0,0001,1.0,LAND,12.467926,10.879547,1013.8256,1.333822657878497e-08,8,2025-09-23,82,41.11636890976456
2025-07-02 10:00:00,56.09999999999996,-3.700000000000014,0,0001,1.0,LAND,12.300934,10.216705,1006.0469,1.4817294280433543e-08,8,2025-09-23,82,46.76417215257486
2025-07-17 03:00:00,56.5,-2.75,0,0001,1.0,MARINE,12.404938,11.82193,1010.0112,9.586508670222958e-09,8,2025-09-23,67,33.14124292276113
2025-07-17 03:00:00,56.5,-3.0,0,0001,1.0,MARINE,10.444,10.153961,1002.92126,9.804936251800512e-09,8,2025-09-23,67,29.912180088916685
2025-07-17 02:00:00,56.5,-3.0,0,0001,1.0,MARINE,10.891998,10.507233,1003.27625,1.0129703483426595e-08,8,2025-09-23,67,29.912180088916685
2025-07-17 04:00:00,56.5,-2.75,0,0001,1.0,MARINE,12.090729,11.579254,1009.65186,9.37478631761008e-09,8,2025-09-23,67,33.14124292276113
2025-07-17 05:00:00,56.5,-2.75,0,0001,1.0,MARINE,12.344391,11.986725,1009.695,9.163063964997199e-09,8,2025-09-23,67,33.14124292276113
2025-07-30 01:00:00,56.0,-3.0,0,0001,1.0,MARINE,13.575104,12.598541,1004.755,1.4271893370813277e-08,8,2025-09-23,54,25.728319535432533
2025-07-30 01:00:00,56.5,-3.0,0,0001,1.0,MARINE,11.393463,10.2586975,1004.405,1.1204375464461276e-08,8,2025-09-23,54,29.912180088916685
2025-07-30 01:00:00,56.5,-3.25,0,0001,1.0,MARINE,11.5868225,10.270416,999.435,1.0470660996806778e-08,8,2025-09-23,54,34.136388421711246
2025-07-30 00:00:00,56.0,-3.0,0,0001,1.0,MARINE,13.8815,12.698395,1004.7356,1.4762002287227335e-08,8,2025-09-23,55,25.728319535432533
2025-07-30 02:00:00,56.25,-2.25,0,0001,1.0,MARINE,14.792145,11.823883,1017.1906,9.032871401091547e-09,8,2025-09-23,54,45.30140491579865
2025-07-30 02:00:00,56.5,-2.5,0,0001,1.0,MARINE,13.573395,11.554352,1015.3806,9.914774917740826e-09,8,2025-09-23,54,42.143810005234016
2025-07-30 02:00:00,56.5,-2.75,0,0001,1.0,MARINE,12.383942,10.775055,1011.2606,1.1021033220296887e-08,8,2025-09-23,54,33.14124292276113
2025-07-29 23:00:00,56.0,-3.0,0,0001,1.0,MARINE,14.511139,12.82608,1004.8125,1.4219761590439237e-08,8,2025-09-23,55,25.728319535432533
2025-07-29 16:00:00,56.0,-3.25,0,0001,1.0,MARINE,20.207916,11.396637,1003.15936,1.073690373646711e-08,8,2025-09-23,55,30.595055941803807
2025-07-24 09:00:00,56.25,-2.25,0,0001,1.0,MARINE,16.141022,14.206085,1018.4419,1.0916320514198383e-08,8,2025-09-23,60,45.30140491579865
2025-07-24 08:00:00,56.25,-2.5,0,0001,1.0,MARINE,16.296051,14.541901,1018.2569,1.3305743692034525e-08,8,2025-09-23,60,29.878650160016992
2025-07-24 05:00:00,56.0,-2.75,0,0001,1.0,MARINE,15.240631,13.504669,1007.1962,1.6871395576896772e-08,8,2025-09-23,60,29.465680426996766
2025-07-23 20:00:00,56.0,-2.75,0,0001,1.0,MARINE,17.228424,13.483429,1004.7075,1.688537532018566e-08,8,2025-09-23,61,29.465680426996766
2025-07-23 19:00:00,56.0,-2.75,0,0001,1.0,MARINE,17.880035,13.373199,1004.26,1.624638756858569e-08,8,2025-09-23,61,29.465680426996766
2025-07-23 18:00:00,56.0,-2.75,0,0001,1.0,MARINE,18.247955,13.160553,1004.1794,1.5607399816985714e-08,8,2025-09-23,61,29.465680426996766
2025-07-23 15:00:00,56.0,-3.0,0,0001,1.0,MARINE,18.569977,13.044586,1002.07623,1.2139528049459503e-08,8,2025-09-23,61,25.728319535432533
2025-07-23 22:00:00,56.0,-2.5,0,0001,1.0,MARINE,16.108429,14.249298,1007.9919,1.946296901422762e-08,8,2025-09-23,61,39.4321497286288
2025-07-24 15:00:00,56.0,-3.0,0,0001,1.0,MARINE,19.271149,13.49234,1005.53815,1.4291297034674214e-08,8,2025-09-23,60,25.728319535432533
2025-08-22 04:00:00,56.29999999999996,-3.700000000000014,0,0001,1.0,LAND,10.921295,10.4149475,994.28687,1.5217914484110627e-08,8,2025-09-23,31,44.97172790043724
2025-08-22 04:00:00,56.29999999999996,-3.600000000000014,0,0001,1.0,LAND,10.772858,10.114166,995.72687,1.630200004617098e-08,8,2025-09-23,31,38.900936013619514
2025-08-22 04:00:00,56.29999999999996,-3.5000000000000138,0,0001,1.0,LAND,10.663483,9.870026,996.28687,1.5877069066879024e-08,8,2025-09-23,31,32.86899742649912
2025-08-22 04:00:00,56.29999999999996,-3.4000000000000137,0,0001,1.0,LAND,10.712311,9.76651,999.4469,1.5452138087586753e-08,8,2025-09-23,31,26.902076679107914
2025-08-22 04:00:00,56.19999999999996,-3.700000000000014,0,0001,1.0,LAND,10.487701,9.897369,989.58685,1.422186353868375e-08,8,2025-09-23,31,44.50877367743943
2025-08-22 04:00:00,56.19999999999996,-3.600000000000014,0,0001,1.0,LAND,10.208405,9.500885,987.0469,1.5057840307974026e-08,8,2025-09-23,31,38.347435358259084
2025-08-22 04:00:00,56.19999999999996,-3.5000000000000138,0,0001,1.0,LAND,10.165436,9.293854,986.5669,1.5128997906306614e-08,8,2025-09-23,31,32.19443693949583
2025-08-22 05:00:00,56.29999999999996,-3.600000000000014,0,0001,1.0,LAND,10.622467,10.034576,995.63,1.4787837880150995e-08,8,2025-09-23,31,38.900936013619514
2025-08-22 05:00:00,56.29999999999996,-3.5000000000000138,0,0001,1.0,LAND,10.53653,9.78653,996.17,1.4487507897046446e-08,8,2025-09-23,31,32.86899742649912
2025-08-22 05:00:00,56.19999999999996,-3.700000000000014,0,0001,1.0,LAND,10.388092,9.884186,989.48,1.2975145606089795e-08,8,2025-09-23,31,44.50877367743943
2025-08-22 05:00:00,56.19999999999996,-3.600000000000014,0,0001,1.0,LAND,10.266998,9.565826,986.94,1.3728138181789252e-08,8,2025-09-23,31,38.347435358259084
2025-08-22 05:00:00,56.19999999999996,-3.5000000000000138,0,0001,1.0,LAND,10.24942,9.352936,986.46,1.3863579987708494e-08,8,2025-09-23,31,32.19443693949583
2025-08-22 06:00:00,56.29999999999996,-3.700000000000014,0,0001,1.0,LAND,10.813629,10.374664,994.32623,1.2423426010154694e-08,8,2025-09-23,31,44.97172790043724
2025-08-22 05:00:00,56.29999999999996,-3.700000000000014,0,0001,1.0,LAND,10.765045,10.34317,994.17,1.3820670247132656e-08,8,2025-09-23,31,44.97172790043724
2025-08-22 03:00:00,56.29999999999996,-3.700000000000014,0,0001,1.0,LAND,11.324127,10.524567,994.64124,1.66151587210886e-08,8,2025-09-23,31,44.97172790043724
2025-08-22 03:00:00,56.29999999999996,-3.600000000000014,0,0001,1.0,LAND,11.23233,10.284332,996.09125,1.7816162212190976e-08,8,2025-09-23,31,38.900936013619514
2025-08-22 03:00:00,56.29999999999996,-3.5000000000000138,0,0001,1.0,LAND,11.11319,10.069489,996.65125,1.72666302367116e-08,8,2025-09-23,31,32.86899742649912
2025-08-22 03:00:00,56.29999999999996,-3.4000000000000137,0,0001,1.0,LAND,11.150299,9.991364,999.8113,1.6717098261231858e-08,8,2025-09-23,31,26.902076679107914
2025-08-22 03:00:00,56.29999999999996,-3.3000000000000136,0,0001,1.0,LAND,11.433502,10.001129,1002.27124,1.6167566285752124e-08,8,2025-09-23,31,21.05554054346712
2025-08-22 03:00:00,56.29999999999996,-3.2000000000000135,0,0001,1.0,LAND,11.818268,10.05777,1006.0613,1.5618034310272386e-08,8,2025-09-23,31,15.466536661673057
2025-08-22 03:00:00,56.29999999999996,-3.1000000000000134,0,0001,1.0,LAND,12.167877,10.010895,1008.65125,1.4691305560977217e-08,8,2025-09-23,31,10.552538361201917
2025-08-22 03:00:00,56.19999999999996,-3.4000000000000137,0,0001,1.0,LAND,10.902252,9.577301,992.5712,1.6401289215650484e-08,8,2025-09-23,31,26.055704970495803
2025-08-22 06:00:00,56.29999999999996,-3.600000000000014,0,0001,1.0,LAND,10.780426,10.126617,995.77625,1.3273675714131002e-08,8,2025-09-23,31,38.900936013619514
2025-08-22 06:00:00,56.29999999999996,-3.5000000000000138,0,0001,1.0,LAND,10.715973,9.878571,996.3162,1.3097946727213872e-08,8,2025-09-23,31,32.86899742649912
2025-08-22 21:00:00,55.899999999999956,-3.4000000000000137,0,0001,1.0,LAND,13.440826,9.816559,998.1188,1.4874774356687032e-08,8,2025-09-23,31,45.03491027324057
2025-08-22 18:00:00,55.799999999999955,-3.2000000000000135,0,0001,1.0,LAND,15.903229,9.011139,986.28625,1.202581279002784e-08,8,2025-09-23,31,49.81593034558327
2025-08-22 22:00:00,55.899999999999956,-3.4000000000000137,0,0001,1.0,LAND,12.880768,9.6979065,998.27435,1.5878616014633423e-08,8,2025-09-23,31,45.03491027324057
2025-08-22 23:00:00,55.899999999999956,-3.5000000000000138,0,0001,1.0,LAND,12.574371,9.691803,997.97186,1.6281137799055773e-08,8,2025-09-23,31,48.87247729300375
2025-08-22 23:00:00,55.899999999999956,-3.4000000000000137,0,0001,1.0,LAND,12.521637,9.750397,998.4819,1.6882457672579814e-08,8,2025-09-23,31,45.03491027324057
2025-08-23 00:00:00,55.899999999999956,-3.5000000000000138,0,0001,1.0,LAND,12.077301,9.675201,997.8787,1.7282466679978673e-08,8,2025-09-23,31,48.87247729300375
2025-08-22 22:00:00,55.899999999999956,-3.5000000000000138,0,0001,1.0,LAND,12.878815,9.6510315,997.78436,1.5279808918132876e-08,8,2025-09-23,31,48.87247729300375
2025-08-22 18:00:00,55.899999999999956,-3.4000000000000137,0,0001,1.0,LAND,16.702057,9.263092,997.1163,1.1863249382847856e-08,8,2025-09-23,31,45.03491027324057
2025-08-22 17:00:00,55.799999999999955,-3.1000000000000134,0,0001,1.0,LAND,15.820953,9.2447815,987.005,1.1143198771119907e-08,8,2025-09-23,31,48.49845253647129
2025-08-22 17:00:00,55.799999999999955,-3.2000000000000135,0,0001,1.0,LAND,16.195953,8.742828,986.275,1.112845941323741e-08,8,2025-09-23,31,49.81593034558327
2025-08-22 07:00:00,56.29999999999996,-3.700000000000014,0,0001,1.0,LAND,11.594269,10.697174,994.5112,1.1026181773176727e-08,8,2025-09-23,31,44.97172790043724
2025-08-22 07:00:00,56.29999999999996,-3.600000000000014,0,0001,1.0,LAND,11.682159,10.431549,995.96124,1.1759513548111014e-08,8,2025-09-23,31,38.900936013619514
2025-08-22 07:00:00,56.29999999999996,-3.5000000000000138,0,0001,1.0,LAND,11.734894,10.10733,996.52124,1.17083855573813e-08,8,2025-09-23,31,32.86899742649912
2025-08-22 07:00:00,56.19999999999996,-3.700000000000014,0,0001,1.0,LAND,11.350128,10.310455,989.84125,1.0481709740901898e-08,8,2025-09-23,31,44.50877367743943
2025-08-22 07:00:00,56.19999999999996,-3.600000000000014,0,0001,1.0,LAND,11.227081,10.025299,987.3113,1.1068733929419717e-08,8,2025-09-23,31,38.347435358259084
2025-08-22 07:00:00,56.19999999999996,-3.5000000000000138,0,0001,1.0,LAND,11.209503,9.833893,986.84125,1.133274415051226e-08,8,2025-09-23,31,32.19443693949583
2025-08-22 07:00:00,56.19999999999996,-3.4000000000000137,0,0001,1.0,LAND,11.500519,9.871002,992.46124,1.159675437160474e-08,8,2025-09-23,31,26.055704970495803
2025-08-22 15:00:00,55.899999999999956,-3.3000000000000136,0,0001,1.0,LAND,16.360748,9.159088,998.6931,9.432942066344763e-09,8,2025-09-23,31,41.77113177731574
2025-08-22 16:00:00,55.799999999999955,-3.2000000000000135,0,0001,1.0,LAND,15.787994,8.743317,986.53186,1.0231106036446985e-08,8,2025-09-23,31,49.81593034558327
2025-08-22 17:00:00,55.899999999999956,-3.4000000000000137,0,0001,1.0,LAND,17.080719,8.930328,997.045,1.0859407724901464e-08,8,2025-09-23,31,45.03491027324057
2025-08-21 04:00:00,56.499999999999964,-3.0000000000000133,0,0001,1.0,LAND,11.227203,7.1910706,1004.1156,9.308420848934203e-09,8,2025-09-23,32,29.912180088912766
2025-08-21 04:00:00,56.499999999999964,-3.1000000000000134,0,0001,1.0,LAND,11.176422,7.3453674,1004.52563,9.431962359289318e-09,8,2025-09-23,32,30.758111463264218
2025-08-21 10:00:00,55.799999999999955,-3.2000000000000135,0,0001,1.0,LAND,12.866364,8.112946,987.97815,1.2711420545781964e-08,8,2025-09-23,32,49.81593034558327
2025-08-22 01:00:00,56.29999999999996,-3.5000000000000138,0,0001,1.0,LAND,12.021881,10.223785,996.7575,2.004575257637674e-08,8,2025-09-23,31,32.86899742649912
2025-08-22 01:00:00,56.29999999999996,-3.4000000000000137,0,0001,1.0,LAND,11.912506,10.11441,999.9075,1.9247018608522074e-08,8,2025-09-23,31,26.902076679107914
2025-08-22 01:00:00,56.19999999999996,-3.3000000000000136,0,0001,1.0,LAND,11.9652405,10.018707,998.4375,1.8681861613245733e-08,8,2025-09-23,31,19.94443596552928
2025-08-22 02:00:00,56.29999999999996,-3.600000000000014,0,0001,1.0,LAND,11.64151,10.4086,996.2475,1.9330324378210973e-08,8,2025-09-23,31,38.900936013619514
2025-08-22 02:00:00,56.29999999999996,-3.5000000000000138,0,0001,1.0,LAND,11.375885,10.103912,996.7975,1.8656191406544173e-08,8,2025-09-23,31,32.86899742649912
2025-08-22 02:00:00,56.29999999999996,-3.4000000000000137,0,0001,1.0,LAND,11.2743225,9.945709,999.9575,1.7982058434876973e-08,8,2025-09-23,31,26.902076679107914
2025-08-22 02:00:00,56.29999999999996,-3.3000000000000136,0,0001,1.0,LAND,11.512604,10.010162,1002.4275,1.730792546320977e-08,8,2025-09-23,31,21.05554054346712
2025-08-22 02:00:00,56.29999999999996,-3.2000000000000135,0,0001,1.0,LAND,11.86026,10.082428,1006.2075,1.6633792491542565e-08,8,2025-09-23,31,15.466536661673057
2025-08-21 11:00:00,55.99999999999996,-3.600000000000014,0,0001,1.0,LAND,15.53775,8.9808655,1014.3181,1.7252992960218734e-08,8,2025-09-23,32,46.11790947659921
2025-08-21 13:00:00,55.99999999999996,-3.600000000000014,0,0001,1.0,LAND,16.300201,8.7118225,1014.2775,1.7765989124285487e-08,8,2025-09-23,32,46.11790947659921
2025-08-21 13:00:00,55.99999999999996,-3.5000000000000138,0,0001,1.0,LAND,16.237701,8.717682,1016.5975,1.6957226400826698e-08,8,2025-09-23,32,41.11636890976456
2025-08-21 13:00:00,55.99999999999996,-3.4000000000000137,0,0001,1.0,LAND,16.128326,8.553619,1016.6175,1.614846367736794e-08,8,2025-09-23,32,36.48438663797135
2025-08-21 14:00:00,55.99999999999996,-3.5000000000000138,0,0001,1.0,LAND,16.629059,8.844635,1016.2631,1.7024876841631457e-08,8,2025-09-23,32,41.11636890976456
2025-08-21 14:00:00,55.99999999999996,-3.4000000000000137,0,0001,1.0,LAND,16.572418,8.67276,1016.28314,1.6406795477763564e-08,8,2025-09-23,32,36.48438663797135
2025-08-21 14:00:00,55.99999999999996,-3.3000000000000136,0,0001,1.0,LAND,16.566559,8.479401,1015.97314,1.578871411389568e-08,8,2025-09-23,32,32.38095670568973
2025-08-24 00:00:00,56.599999999999966,-2.9000000000000132,0,0001,1.0,LAND,12.72818,11.377838,1005.6119,1.0328486510502459e-08,8,2025-09-23,30,41.323521123699216
2025-08-24 03:00:00,56.19999999999996,-3.2000000000000135,0,0001,1.0,LAND,13.494293,11.703033,1004.2581,1.3412629118470844e-08,8,2025-09-23,29,13.896929690503459
2025-08-24 04:00:00,56.09999999999996,-3.600000000000014,0,0001,1.0,LAND,13.952789,12.047272,1004.44,1.935279225762211e-08,8,2025-09-23,29,40.92739973591295
2025-08-23 01:00:00,55.899999999999956,-3.5000000000000138,0,0001,1.0,LAND,11.700836,9.64566,997.85376,1.6339338299030715e-08,8,2025-09-23,30,48.87247729300375
2025-08-23 01:00:00,55.899999999999956,-3.4000000000000137,0,0001,1.0,LAND,11.605133,9.674957,998.3638,1.6875403796577984e-08,8,2025-09-23,30,45.03491027324057
2025-08-23 01:00:00,55.799999999999955,-3.2000000000000135,0,0001,1.0,LAND,10.429352,8.907379,987.2438,1.6371350312441163e-08,8,2025-09-23,30,49.81593034558327
2025-08-23 02:00:00,55.899999999999956,-3.5000000000000138,0,0001,1.0,LAND,11.490875,9.621735,997.8156,1.5396209918082764e-08,8,2025-09-23,30,48.87247729300375
2025-08-23 02:00:00,55.899999999999956,-3.4000000000000137,0,0001,1.0,LAND,11.410797,9.6510315,998.33563,1.586450826262976e-08,8,2025-09-23,30,45.03491027324057
2025-08-13 01:00:00,56.09999999999996,-3.700000000000014,0,0001,1.0,LAND,18.336578,15.772614,1001.1406,2.691221326345406e-08,8,2025-09-23,40,46.76417215257486
2025-08-13 02:00:00,56.09999999999996,-3.700000000000014,0,0001,1.0,LAND,17.760406,15.678375,1000.895,2.5959587646175217e-08,8,2025-09-23,40,46.76417215257486
2025-08-13 04:00:00,56.09999999999996,-3.3000000000000136,0,0001,1.0,LAND,16.855621,15.813873,1004.9913,2.0884091012086696e-08,8,2025-09-23,40,24.484907919975345
2025-08-13 02:00:00,56.09999999999996,-3.600000000000014,0,0001,1.0,LAND,17.56314,15.596344,998.485,2.674129251367821e-08,8,2025-09-23,40,40.92739973591295
2025-08-16 12:00:00,56.39999999999996,-3.4000000000000137,0,0001,1.0,LAND,17.52774,12.9635315,1020.26685,1.2699915785675129e-08,8,2025-09-23,37,31.872065807336615
2025-08-14 01:00:00,56.19999999999996,-3.3000000000000136,0,0001,1.0,LAND,17.484772,16.453278,990.6163,1.6412373534300268e-08,8,2025-09-23,39,19.94443596552928
2025-08-16 12:00:00,56.39999999999996,-3.3000000000000136,0,0001,1.0,LAND,17.457428,12.91861,1019.72687,1.242140701407443e-08,8,2025-09-23,37,27.1325726873216
2025-08-16 10:00:00,56.39999999999996,-3.700000000000014,0,0001,1.0,LAND,15.315582,12.540924,1009.3256,1.2615923935163502e-08,8,2025-09-23,37,48.07456630442283
2025-08-16 10:00:00,56.39999999999996,-3.600000000000014,0,0001,1.0,LAND,15.397614,12.525299,1016.8256,1.2643557312231548e-08,8,2025-09-23,37,42.465552176812
2025-08-16 10:00:00,56.39999999999996,-3.5000000000000138,0,0001,1.0,LAND,15.442535,12.511627,1019.6856,1.2285474693119695e-08,8,2025-09-23,37,37.03436740742275
2025-08-16 11:00:00,56.499999999999964,-3.600000000000014,0,0001,1.0,LAND,16.464264,12.781403,1005.1625,1.2310577770143701e-08,8,2025-09-23,37,48.380230418889774
2025-08-16 11:00:00,56.39999999999996,-3.5000000000000138,0,0001,1.0,LAND,16.702545,12.884918,1019.2825,1.2631949625197758e-08,8,2025-09-23,37,37.03436740742275
2025-08-16 11:00:00,56.39999999999996,-3.4000000000000137,0,0001,1.0,LAND,16.737701,12.871246,1020.4425,1.2313653929841445e-08,8,2025-09-23,37,31.872065807336615
2025-08-16 11:00:00,56.39999999999996,-3.3000000000000136,0,0001,1.0,LAND,16.684967,12.816559,1019.9025,1.1995358234485131e-08,8,2025-09-23,37,27.1325726873216
2025-08-16 12:00:00,56.499999999999964,-3.600000000000014,0,0001,1.0,LAND,17.359772,12.848297,1005.0069,1.26427295299439e-08,8,2025-09-23,37,48.380230418889774
2025-08-16 12:00:00,56.499999999999964,-3.4000000000000137,0,0001,1.0,LAND,17.467194,12.766266,1016.77686,1.2119098613539212e-08,8,2025-09-23,37,39.43628163305214
2025-08-15 17:00:00,55.899999999999956,-3.4000000000000137,0,0001,1.0,LAND,19.60733,13.17984,1005.03,1.5198685356561786e-08,8,2025-09-23,38,45.03491027324057
2025-08-15 17:00:00,55.899999999999956,-3.3000000000000136,0,0001,1.0,LAND,19.660065,13.203278,1005.95,1.4913921889125735e-08,8,2025-09-23,38,41.77113177731574
2025-08-15 18:00:00,55.899999999999956,-3.4000000000000137,0,0001,1.0,LAND,19.100494,13.568756,1005.2438,1.4871597453503016e-08,8,2025-09-23,38,45.03491027324057
2025-08-22 02:00:00,56.25,-3.0,0,0001,1.0,MARINE,12.687653,10.359772,1015.4956,1.5119584658348363e-08,8,2025-09-23,31,2.3607196950903067
2025-08-22 02:00:00,56.25,-3.25,0,0001,1.0,MARINE,11.746246,10.051178,1011.2656,1.7243582839388082e-08,8,2025-09-23,31,16.670557459148213
2025-08-22 02:00:00,56.0,-2.5,0,0001,1.0,MARINE,13.506012,11.000397,1010.8256,1.0191060217934714e-08,8,2025-09-23,31,39.4321497286288
2025-08-22 02:00:00,56.25,-3.5,0,0001,1.0,MARINE,11.697418,10.310944,1004.4956,1.8158012575023847e-08,8,2025-09-23,31,32.05488826065199
2025-08-22 01:00:00,56.25,-3.25,0,0001,1.0,MARINE,12.453033,10.369049,1011.21875,1.8334965878885714e-08,8,2025-09-23,31,16.670557459148213
2025-08-22 01:00:00,56.25,-3.5,0,0001,1.0,MARINE,12.507721,10.61319,1004.41876,1.948550211923923e-08,8,2025-09-23,31,32.05488826065199
2025-08-22 05:00:00,56.25,-3.25,0,0001,1.0,MARINE,11.939117,9.848297,1010.60187,1.3969433720895166e-08,8,2025-09-23,31,16.670557459148213
2025-08-22 04:00:00,56.25,-3.0,0,0001,1.0,MARINE,12.4711,10.025055,1014.89685,1.3560290705131875e-08,8,2025-09-23,31,2.3607196950903067
2025-08-22 04:00:00,56.25,-3.25,0,0001,1.0,MARINE,11.8089905,9.819977,1010.6869,1.5060816760392805e-08,8,2025-09-23,31,16.670557459148213
2025-08-22 03:00:00,56.0,-2.5,0,0001,1.0,MARINE,13.305817,11.046295,1010.59064,1.0247518722472855e-08,8,2025-09-23,31,39.4321497286288
2025-08-22 03:00:00,56.25,-2.75,0,0001,1.0,MARINE,13.428864,10.565826,1017.0706,1.2007093569410806e-08,8,2025-09-23,31,14.50916881066293
2025-08-22 03:00:00,56.25,-3.0,0,0001,1.0,MARINE,12.98941,10.278717,1015.2606,1.4339937681740118e-08,8,2025-09-23,31,2.3607196950903067
2025-08-22 03:00:00,56.25,-3.25,0,0001,1.0,MARINE,12.434723,10.368561,1011.0506,1.6152199799890444e-08,8,2025-09-23,31,16.670557459148213
2025-08-22 03:00:00,56.25,-3.5,0,0001,1.0,MARINE,12.198395,10.602936,1004.28064,1.683052303080846e-08,8,2025-09-23,31,32.05488826065199
2025-08-21 11:00:00,56.0,-3.0,0,0001,1.0,MARINE,14.095856,8.863678,1007.7706,1.2337590874859455e-08,8,2025-09-23,32,25.728319535432533
2025-08-22 00:00:00,56.25,-3.25,0,0001,1.0,MARINE,13.154449,10.652008,1011.3738,1.9426348918383356e-08,8,2025-09-23,32,16.670557459148213
2025-08-22 17:00:00,56.0,-3.5,0,0001,1.0,MARINE,18.088287,10.524078,1005.6131,1.1116095340509305e-08,8,2025-09-23,31,41.11636890976091
2025-08-22 06:00:00,56.25,-3.25,0,0001,1.0,MARINE,12.435944,10.056793,1010.6262,1.2878050681397524e-08,8,2025-09-23,31,16.670557459148213
2025-08-22 06:00:00,56.25,-3.5,0,0001,1.0,MARINE,11.961334,10.314606,1003.85626,1.2848054398162323e-08,8,2025-09-23,31,32.05488826065199
2025-08-21 10:00:00,56.0,-3.0,0,0001,1.0,MARINE,13.672272,8.815338,1007.8106,1.2109459953298548e-08,8,2025-09-23,32,25.728319535432533
2025-08-24 04:00:00,56.25,-3.75,0,0001,1.0,MARINE,12.562897,11.350006,997.665,1.619700212840441e-08,8,2025-09-23,29,47.48039868515998
2025-08-24 03:00:00,56.25,-3.75,0,0001,1.0,MARINE,13.785309,12.001862,997.7544,1.682817534279264e-08,8,2025-09-23,29,47.48039868515998
2025-08-12 20:00:00,56.5,-3.25,0,0001,1.0,MARINE,21.825592,13.684235,995.1094,1.1655498066698417e-08,8,2025-09-23,41,34.136388421711246
2025-08-12 23:00:00,56.5,-3.0,0,0001,1.0,MARINE,16.286774,14.657623,999.8125,1.3681762135268511e-08,8,2025-09-23,41,29.912180088916685
2025-08-12 05:00:00,56.25,-3.75,0,0001,1.0,MARINE,13.819,13.383942,995.2225,1.1820219044297085e-08,8,2025-09-23,41,47.48039868515998
2025-08-16 15:00:00,56.25,-3.25,0,0001,1.0,MARINE,20.8815,14.226471,1020.23065,1.3683609592640847e-08,8,2025-09-23,37,16.670557459148213
2025-08-16 12:00:00,56.5,-3.25,0,0001,1.0,MARINE,18.172516,13.433746,1011.3181,1.172637542623542e-08,8,2025-09-23,37,34.136388421711246
2025-08-16 12:00:00,56.5,-3.5,0,0001,1.0,MARINE,18.12564,13.449371,1004.9981,1.2380914071741339e-08,8,2025-09-23,37,43.70356852912244
2025-08-16 11:00:00,56.5,-3.25,0,0001,1.0,MARINE,17.315826,13.39444,1011.6231,1.1319120570239435e-08,8,2025-09-23,37,34.136388421711246
2025-08-16 11:00:00,56.5,-3.5,0,0001,1.0,MARINE,17.27481,13.431549,1005.27313,1.2027304284456623e-08,8,2025-09-23,37,43.70356852912244
2025-08-16 10:00:00,56.25,-3.75,0,0001,1.0,MARINE,16.15738,13.190338,1008.8575,1.4991586277935055e-08,8,2025-09-23,37,47.48039868515998
2025-08-16 10:00:00,56.5,-3.5,0,0001,1.0,MARINE,15.590973,12.948151,1005.3875,1.1673694497171915e-08,8,2025-09-23,37,43.70356852912244
2025-08-16 09:00:00,56.5,-3.5,0,0001,1.0,MARINE,15.063629,12.674713,1005.5675,1.1320084709887201e-08,8,2025-09-23,37,43.70356852912244
2025-08-16 08:00:00,56.5,-3.5,0,0001,1.0,MARINE,14.435455,12.3368225,1005.4344,1.0966474922602488e-08,8,2025-09-23,37,43.70356852912244
2025-08-17 00:00:00,56.25,-2.25,0,0001,1.0,MARINE,14.476715,12.628815,1028.2719,9.414445500954825e-09,8,2025-09-23,37,45.30140491579865
2025-08-17 00:00:00,56.5,-2.5,0,0001,1.0,MARINE,13.634918,12.369049,1026.4519,9.814844270650223e-09,8,2025-09-23,37,42.143810005234016
2025-08-17 00:00:00,56.5,-2.75,0,0001,1.0,MARINE,12.39859,11.454987,1022.2419,1.1471688377007072e-08,8,2025-09-23,37,33.14124292276113
2025-08-17 01:00:00,56.5,-3.0,0,0001,1.0,MARINE,11.078522,10.463043,1014.7369,1.1946029128869296e-08,8,2025-09-23,36,29.912180088916685
2025-08-17 01:00:00,56.5,-2.75,0,0001,1.0,MARINE,12.004303,11.259918,1021.96686,1.108627092442442e-08,8,2025-09-23,36,33.14124292276113
2025-06-20 06:00:00,56.09999999999996,-3.800000000000014,0,0001,1.0,LAND,14.19754,13.18045,1007.59125,1.5655764726286212e-08,9,2025-09-18,89,5.993353744661033
2025-06-20 06:00:00,56.09999999999996,-3.900000000000014,0,0001,1.0,LAND,14.199493,13.246857,1008.6813,1.601725570926698e-08,9,2025-09-18,89,10.493262729171175
2025-06-20 05:00:00,55.99999999999996,-3.800000000000014,0,0001,1.0,LAND,13.472809,12.213654,1009.6,1.6422386598749588e-08,9,2025-09-18,89,16.625373650183587
2025-06-20 05:00:00,55.99999999999996,-3.900000000000014,0,0001,1.0,LAND,13.127106,11.93631,1005.58,1.6774589291685832e-08,9,2025-09-18,89,18.729227799508397
2025-06-20 02:00:00,55.99999999999996,-3.600000000000014,0,0001,1.0,LAND,14.874664,12.795685,1015.8738,1.511214338852488e-08,9,2025-09-18,89,18.940262614255058
2025-06-20 02:00:00,55.99999999999996,-3.700000000000014,0,0001,1.0,LAND,14.599274,12.813263,1013.84375,1.546123351570042e-08,9,2025-09-18,89,16.704876798041294
2025-06-20 03:00:00,56.0,-3.5,0,0001,1.0,MARINE,12.070465,11.136383,1008.4913,1.3779805130287259e-08,9,2025-09-18,89,22.703409415180072
2025-06-20 02:00:00,56.0,-3.5,0,0001,1.0,MARINE,13.731598,11.950836,1008.9363,1.3501106344015981e-08,9,2025-09-18,89,22.703409415180072
2025-06-20 01:00:00,56.0,-3.5,0,0001,1.0,MARINE,14.478912,12.173248,1008.96875,1.3222407557744708e-08,9,2025-09-18,89,22.703409415180072
2025-06-20 02:00:00,56.0,-3.25,0,0001,1.0,MARINE,14.122223,12.325836,1007.95624,9.473513732742189e-09,9,2025-09-18,89,35.27363463791916
2025-07-19 01:00:00,56.499999999999964,-3.800000000000014,0,0001,1.0,LAND,14.48111,12.1666565,965.70874,9.499789362562308e-09,9,2025-09-18,60,39.33003207339715
2025-07-30 01:00:00,56.19999999999996,-3.3000000000000136,0,0001,1.0,LAND,13.582184,11.593536,996.9437,1.247466396847616e-08,9,2025-09-18,49,28.67434139991308
2025-07-24 03:00:00,56.39999999999996,-3.1000000000000134,0,0001,1.0,LAND,15.345001,13.907623,1006.765,1.3664279485681163e-08,9,2025-09-18,55,49.16708242349585
2025-07-02 11:00:00,55.99999999999996,-3.5000000000000138,0,0001,1.0,LAND,12.467926,10.879547,1013.8256,1.333822657878497e-08,9,2025-09-18,77,22.703409415182904
2025-07-02 10:00:00,56.09999999999996,-3.700000000000014,0,0001,1.0,LAND,12.300934,10.216705,1006.0469,1.4817294280433543e-08,9,2025-09-18,77,6.209934430601996
2025-07-02 04:00:00,56.499999999999964,-4.2000000000000135,0,0001,1.0,LAND,9.142487,8.263824,960.9525,1.0517077357145603e-08,9,2025-09-18,77,47.92393602562079
2025-07-02 09:00:00,56.29999999999996,-3.900000000000014,0,0001,1.0,LAND,12.2743225,9.546783,992.5538,1.5777365747204847e-08,9,2025-09-18,77,19.251388021854765
2025-07-02 09:00:00,56.19999999999996,-4.000000000000014,0,0001,1.0,LAND,12.495026,9.964752,999.22375,1.6066049379759108e-08,9,2025-09-18,77,16.350722740039238
2025-07-11 22:00:00,56.19999999999996,-4.2000000000000135,0,0001,1.0,LAND,19.986969,15.652252,999.8719,9.517097312774803e-09,9,2025-09-18,68,28.257616145984883
2025-07-30 01:00:00,56.0,-3.0,0,0001,1.0,MARINE,13.575104,12.598541,1004.755,1.4271893370813277e-08,9,2025-09-18,49,49.54233622779171
2025-07-30 00:00:00,56.0,-3.0,0,0001,1.0,MARINE,13.8815,12.698395,1004.7356,1.4762002287227335e-08,9,2025-09-18,50,49.54233622779171
2025-07-29 23:00:00,56.0,-3.0,0,0001,1.0,MARINE,14.511139,12.82608,1004.8125,1.4219761590439237e-08,9,2025-09-18,50,49.54233622779171
2025-07-29 16:00:00,56.0,-3.25,0,0001,1.0,MARINE,20.207916,11.396637,1003.15936,1.073690373646711e-08,9,2025-09-18,50,35.27363463791916
2025-07-23 15:00:00,56.0,-3.0,0,0001,1.0,MARINE,18.569977,13.044586,1002.07623,1.2139528049459503e-08,9,2025-09-18,56,49.54233622779171
2025-07-24 15:00:00,56.0,-3.0,0,0001,1.0,MARINE,19.271149,13.49234,1005.53815,1.4291297034674214e-08,9,2025-09-18,55,49.54233622779171
2025-08-22 04:00:00,56.29999999999996,-3.800000000000014,0,0001,1.0,LAND,11.044342,10.647369,995.8269,1.413382892205027e-08,9,2025-09-18,26,17.228273892784127
2025-08-22 04:00:00,56.29999999999996,-3.700000000000014,0,0001,1.0,LAND,10.921295,10.4149475,994.28687,1.5217914484110627e-08,9,2025-09-18,26,17.304412014126722
2025-08-22 04:00:00,56.29999999999996,-3.600000000000014,0,0001,1.0,LAND,10.772858,10.114166,995.72687,1.630200004617098e-08,9,2025-09-18,26,19.455171464778655
2025-08-22 04:00:00,56.29999999999996,-3.5000000000000138,0,0001,1.0,LAND,10.663483,9.870026,996.28687,1.5877069066879024e-08,9,2025-09-18,26,23.10836038398962
2025-08-22 04:00:00,56.29999999999996,-3.4000000000000137,0,0001,1.0,LAND,10.712311,9.76651,999.4469,1.5452138087586753e-08,9,2025-09-18,26,27.675263623546893
2025-08-22 04:00:00,56.19999999999996,-3.700000000000014,0,0001,1.0,LAND,10.487701,9.897369,989.58685,1.422186353868375e-08,9,2025-09-18,26,6.734973972086425
2025-08-22 04:00:00,56.19999999999996,-3.600000000000014,0,0001,1.0,LAND,10.208405,9.500885,987.0469,1.5057840307974026e-08,9,2025-09-18,26,11.163673066424996
2025-08-22 04:00:00,56.19999999999996,-3.5000000000000138,0,0001,1.0,LAND,10.165436,9.293854,986.5669,1.5128997906306614e-08,9,2025-09-18,26,16.748932673435633
2025-08-22 05:00:00,56.29999999999996,-3.800000000000014,0,0001,1.0,LAND,10.899811,10.589264,995.71,1.2853502614114324e-08,9,2025-09-18,26,17.228273892784127
2025-08-22 05:00:00,56.29999999999996,-3.600000000000014,0,0001,1.0,LAND,10.622467,10.034576,995.63,1.4787837880150995e-08,9,2025-09-18,26,19.455171464778655
2025-08-22 05:00:00,56.29999999999996,-3.5000000000000138,0,0001,1.0,LAND,10.53653,9.78653,996.17,1.4487507897046446e-08,9,2025-09-18,26,23.10836038398962
2025-08-22 05:00:00,56.19999999999996,-3.800000000000014,0,0001,1.0,LAND,10.614655,10.233795,994.02,1.222215303039034e-08,9,2025-09-18,26,6.536340455292928
2025-08-22 05:00:00,56.19999999999996,-3.700000000000014,0,0001,1.0,LAND,10.388092,9.884186,989.48,1.2975145606089795e-08,9,2025-09-18,26,6.734973972086425
2025-08-22 05:00:00,56.19999999999996,-3.600000000000014,0,0001,1.0,LAND,10.266998,9.565826,986.94,1.3728138181789252e-08,9,2025-09-18,26,11.163673066424996
2025-08-22 05:00:00,56.19999999999996,-3.5000000000000138,0,0001,1.0,LAND,10.24942,9.352936,986.46,1.3863579987708494e-08,9,2025-09-18,26,16.748932673435633
2025-08-22 06:00:00,56.29999999999996,-3.700000000000014,0,0001,1.0,LAND,10.813629,10.374664,994.32623,1.2423426010154694e-08,9,2025-09-18,26,17.304412014126722
2025-08-22 05:00:00,56.29999999999996,-3.700000000000014,0,0001,1.0,LAND,10.765045,10.34317,994.17,1.3820670247132656e-08,9,2025-09-18,26,17.304412014126722
2025-08-22 03:00:00,56.29999999999996,-3.800000000000014,0,0001,1.0,LAND,11.404205,10.710114,996.1813,1.541415522998621e-08,9,2025-09-18,26,17.228273892784127
2025-08-22 03:00:00,56.29999999999996,-3.700000000000014,0,0001,1.0,LAND,11.324127,10.524567,994.64124,1.66151587210886e-08,9,2025-09-18,26,17.304412014126722
2025-08-22 03:00:00,56.29999999999996,-3.600000000000014,0,0001,1.0,LAND,11.23233,10.284332,996.09125,1.7816162212190976e-08,9,2025-09-18,26,19.455171464778655
2025-08-22 03:00:00,56.29999999999996,-3.5000000000000138,0,0001,1.0,LAND,11.11319,10.069489,996.65125,1.72666302367116e-08,9,2025-09-18,26,23.10836038398962
2025-08-22 03:00:00,56.29999999999996,-3.4000000000000137,0,0001,1.0,LAND,11.150299,9.991364,999.8113,1.6717098261231858e-08,9,2025-09-18,26,27.675263623546893
2025-08-22 03:00:00,56.29999999999996,-3.3000000000000136,0,0001,1.0,LAND,11.433502,10.001129,1002.27124,1.6167566285752124e-08,9,2025-09-18,26,32.776133078680004
2025-08-22 03:00:00,56.29999999999996,-3.2000000000000135,0,0001,1.0,LAND,11.818268,10.05777,1006.0613,1.5618034310272386e-08,9,2025-09-18,26,38.197640235053164
2025-08-22 03:00:00,56.29999999999996,-3.1000000000000134,0,0001,1.0,LAND,12.167877,10.010895,1008.65125,1.4691305560977217e-08,9,2025-09-18,26,43.82092954958045
2025-08-22 03:00:00,56.19999999999996,-3.4000000000000137,0,0001,1.0,LAND,10.902252,9.577301,992.5712,1.6401289215650484e-08,9,2025-09-18,26,22.650761461140704
2025-08-22 06:00:00,56.29999999999996,-3.600000000000014,0,0001,1.0,LAND,10.780426,10.126617,995.77625,1.3273675714131002e-08,9,2025-09-18,26,19.455171464778655
2025-08-22 06:00:00,56.29999999999996,-3.5000000000000138,0,0001,1.0,LAND,10.715973,9.878571,996.3162,1.3097946727213872e-08,9,2025-09-18,26,23.10836038398962
2025-08-22 21:00:00,55.899999999999956,-3.4000000000000137,0,0001,1.0,LAND,13.440826,9.816559,998.1188,1.4874774356687032e-08,9,2025-09-18,26,35.18776626173998
2025-08-22 22:00:00,55.899999999999956,-3.4000000000000137,0,0001,1.0,LAND,12.880768,9.6979065,998.27435,1.5878616014633423e-08,9,2025-09-18,26,35.18776626173998
2025-08-22 23:00:00,55.899999999999956,-3.5000000000000138,0,0001,1.0,LAND,12.574371,9.691803,997.97186,1.6281137799055773e-08,9,2025-09-18,26,31.683314636941866
2025-08-22 23:00:00,55.899999999999956,-3.4000000000000137,0,0001,1.0,LAND,12.521637,9.750397,998.4819,1.6882457672579814e-08,9,2025-09-18,26,35.18776626173998
2025-08-23 00:00:00,55.899999999999956,-3.600000000000014,0,0001,1.0,LAND,12.241364,9.753326,998.5687,1.6678634029431075e-08,9,2025-09-18,26,29.09837795907814
2025-08-23 00:00:00,55.899999999999956,-3.5000000000000138,0,0001,1.0,LAND,12.077301,9.675201,997.8787,1.7282466679978673e-08,9,2025-09-18,26,31.683314636941866
2025-08-23 00:00:00,55.799999999999955,-3.3000000000000136,0,0001,1.0,LAND,10.465973,8.68692,985.39874,1.680009886761865e-08,9,2025-09-18,26,47.82087407335956
2025-08-22 22:00:00,55.899999999999956,-3.5000000000000138,0,0001,1.0,LAND,12.878815,9.6510315,997.78436,1.5279808918132876e-08,9,2025-09-18,26,31.683314636941866
2025-08-22 18:00:00,55.899999999999956,-3.4000000000000137,0,0001,1.0,LAND,16.702057,9.263092,997.1163,1.1863249382847856e-08,9,2025-09-18,26,35.18776626173998
2025-08-22 07:00:00,56.29999999999996,-3.800000000000014,0,0001,1.0,LAND,11.680206,10.890533,996.0513,1.0292849998242441e-08,9,2025-09-18,26,17.228273892784127
2025-08-22 07:00:00,56.29999999999996,-3.700000000000014,0,0001,1.0,LAND,11.594269,10.697174,994.5112,1.1026181773176727e-08,9,2025-09-18,26,17.304412014126722
2025-08-22 07:00:00,56.29999999999996,-3.600000000000014,0,0001,1.0,LAND,11.682159,10.431549,995.96124,1.1759513548111014e-08,9,2025-09-18,26,19.455171464778655
2025-08-22 07:00:00,56.29999999999996,-3.5000000000000138,0,0001,1.0,LAND,11.734894,10.10733,996.52124,1.17083855573813e-08,9,2025-09-18,26,23.10836038398962
2025-08-22 07:00:00,56.19999999999996,-3.700000000000014,0,0001,1.0,LAND,11.350128,10.310455,989.84125,1.0481709740901898e-08,9,2025-09-18,26,6.734973972086425
2025-08-22 07:00:00,56.19999999999996,-3.600000000000014,0,0001,1.0,LAND,11.227081,10.025299,987.3113,1.1068733929419717e-08,9,2025-09-18,26,11.163673066424996
2025-08-22 07:00:00,56.19999999999996,-3.5000000000000138,0,0001,1.0,LAND,11.209503,9.833893,986.84125,1.133274415051226e-08,9,2025-09-18,26,16.748932673435633
2025-08-22 07:00:00,56.19999999999996,-3.4000000000000137,0,0001,1.0,LAND,11.500519,9.871002,992.46124,1.159675437160474e-08,9,2025-09-18,26,22.650761461140704
2025-08-22 15:00:00,55.899999999999956,-3.3000000000000136,0,0001,1.0,LAND,16.360748,9.159088,998.6931,9.432942066344763e-09,9,2025-09-18,26,39.36692156183524
2025-08-22 17:00:00,55.899999999999956,-3.4000000000000137,0,0001,1.0,LAND,17.080719,8.930328,997.045,1.0859407724901464e-08,9,2025-09-18,26,35.18776626173998
2025-08-21 10:00:00,55.799999999999955,-3.3000000000000136,0,0001,1.0,LAND,12.913239,8.179352,986.0681,1.3508886823980016e-08,9,2025-09-18,27,47.82087407335956
2025-08-22 01:00:00,56.29999999999996,-3.5000000000000138,0,0001,1.0,LAND,12.021881,10.223785,996.7575,2.004575257637674e-08,9,2025-09-18,26,23.10836038398962
2025-08-22 01:00:00,56.29999999999996,-3.4000000000000137,0,0001,1.0,LAND,11.912506,10.11441,999.9075,1.9247018608522074e-08,9,2025-09-18,26,27.675263623546893
2025-08-22 01:00:00,56.19999999999996,-3.3000000000000136,0,0001,1.0,LAND,11.9652405,10.018707,998.4375,1.8681861613245733e-08,9,2025-09-18,26,28.67434139991308
2025-08-22 02:00:00,56.29999999999996,-3.600000000000014,0,0001,1.0,LAND,11.64151,10.4086,996.2475,1.9330324378210973e-08,9,2025-09-18,26,19.455171464778655
2025-08-22 02:00:00,56.29999999999996,-3.5000000000000138,0,0001,1.0,LAND,11.375885,10.103912,996.7975,1.8656191406544173e-08,9,2025-09-18,26,23.10836038398962
2025-08-22 02:00:00,56.29999999999996,-3.4000000000000137,0,0001,1.0,LAND,11.2743225,9.945709,999.9575,1.7982058434876973e-08,9,2025-09-18,26,27.675263623546893
2025-08-22 02:00:00,56.29999999999996,-3.3000000000000136,0,0001,1.0,LAND,11.512604,10.010162,1002.4275,1.730792546320977e-08,9,2025-09-18,26,32.776133078680004
2025-08-22 02:00:00,56.29999999999996,-3.2000000000000135,0,0001,1.0,LAND,11.86026,10.082428,1006.2075,1.6633792491542565e-08,9,2025-09-18,26,38.197640235053164
2025-08-23 01:00:00,55.99999999999996,-4.100000000000014,0,0001,1.0,LAND,12.474274,9.694489,995.17377,1.2319381403890968e-08,9,2025-09-18,25,27.030305079630224
2025-08-21 11:00:00,55.99999999999996,-3.600000000000014,0,0001,1.0,LAND,15.53775,8.9808655,1014.3181,1.7252992960218734e-08,9,2025-09-18,27,18.940262614255058
2025-08-21 13:00:00,55.99999999999996,-3.600000000000014,0,0001,1.0,LAND,16.300201,8.7118225,1014.2775,1.7765989124285487e-08,9,2025-09-18,27,18.940262614255058
2025-08-21 13:00:00,55.99999999999996,-3.5000000000000138,0,0001,1.0,LAND,16.237701,8.717682,1016.5975,1.6957226400826698e-08,9,2025-09-18,27,22.703409415182904
2025-08-21 13:00:00,55.99999999999996,-3.4000000000000137,0,0001,1.0,LAND,16.128326,8.553619,1016.6175,1.614846367736794e-08,9,2025-09-18,27,27.37126839771302
2025-08-21 14:00:00,55.99999999999996,-3.5000000000000138,0,0001,1.0,LAND,16.629059,8.844635,1016.2631,1.7024876841631457e-08,9,2025-09-18,27,22.703409415182904
2025-08-21 14:00:00,55.99999999999996,-3.4000000000000137,0,0001,1.0,LAND,16.572418,8.67276,1016.28314,1.6406795477763564e-08,9,2025-09-18,27,27.37126839771302
2025-08-21 14:00:00,55.99999999999996,-3.3000000000000136,0,0001,1.0,LAND,16.566559,8.479401,1015.97314,1.578871411389568e-08,9,2025-09-18,27,32.55699097817271
2025-08-23 01:00:00,55.899999999999956,-3.800000000000014,0,0001,1.0,LAND,12.159821,9.768707,998.98376,1.4103716657516344e-08,9,2025-09-18,25,27.643661592599994
2025-08-23 01:00:00,55.899999999999956,-3.600000000000014,0,0001,1.0,LAND,11.864899,9.74527,998.5538,1.580327280148339e-08,9,2025-09-18,25,29.09837795907814
2025-08-24 03:00:00,56.19999999999996,-3.2000000000000135,0,0001,1.0,LAND,13.494293,11.703033,1004.2581,1.3412629118470844e-08,9,2025-09-18,24,34.75641920028417
2025-08-24 04:00:00,56.09999999999996,-3.600000000000014,0,0001,1.0,LAND,13.952789,12.047272,1004.44,1.935279225762211e-08,9,2025-09-18,24,10.86450858184678
2025-08-23 01:00:00,55.899999999999956,-3.5000000000000138,0,0001,1.0,LAND,11.700836,9.64566,997.85376,1.6339338299030715e-08,9,2025-09-18,25,31.683314636941866
2025-08-23 01:00:00,55.899999999999956,-3.4000000000000137,0,0001,1.0,LAND,11.605133,9.674957,998.3638,1.6875403796577984e-08,9,2025-09-18,25,35.18776626173998
2025-08-23 01:00:00,55.799999999999955,-3.700000000000014,0,0001,1.0,LAND,10.749664,8.967926,992.1238,1.358455979187099e-08,9,2025-09-18,25,38.754235783733385
2025-08-23 01:00:00,55.799999999999955,-3.4000000000000137,0,0001,1.0,LAND,10.200836,8.469879,986.0538,1.5264745615675545e-08,9,2025-09-18,25,44.43485924542433
2025-08-23 01:00:00,55.799999999999955,-3.3000000000000136,0,0001,1.0,LAND,10.138336,8.467926,985.3638,1.5818047964058352e-08,9,2025-09-18,25,47.82087407335956
2025-08-23 02:00:00,55.899999999999956,-3.5000000000000138,0,0001,1.0,LAND,11.490875,9.621735,997.8156,1.5396209918082764e-08,9,2025-09-18,25,31.683314636941866
2025-08-23 02:00:00,55.899999999999956,-3.4000000000000137,0,0001,1.0,LAND,11.410797,9.6510315,998.33563,1.586450826262976e-08,9,2025-09-18,25,35.18776626173998
2025-08-23 02:00:00,55.799999999999955,-3.700000000000014,0,0001,1.0,LAND,11.207672,8.852203,992.04565,1.280677493683085e-08,9,2025-09-18,25,38.754235783733385
2025-08-23 02:00:00,55.799999999999955,-3.600000000000014,0,0001,1.0,LAND,10.98111,8.656891,989.1856,1.3345685519656437e-08,9,2025-09-18,25,39.77415872876998
2025-08-23 02:00:00,55.799999999999955,-3.5000000000000138,0,0001,1.0,LAND,10.758453,8.457672,986.3856,1.3842456033270315e-08,9,2025-09-18,25,41.707382888876346
2025-08-23 02:00:00,55.799999999999955,-3.4000000000000137,0,0001,1.0,LAND,10.6315,8.461578,986.02563,1.4339226546884186e-08,9,2025-09-18,25,44.43485924542433
2025-08-23 02:00:00,55.799999999999955,-3.3000000000000136,0,0001,1.0,LAND,10.473297,8.486969,985.33563,1.4835997060498056e-08,9,2025-09-18,25,47.82087407335956
2025-08-23 01:00:00,55.899999999999956,-3.700000000000014,0,0001,1.0,LAND,12.011383,9.788239,998.66376,1.4953494729499863e-08,9,2025-09-18,25,27.691672828139428
2025-08-12 06:00:00,55.99999999999996,-4.000000000000014,0,0001,1.0,LAND,14.206818,13.619293,994.21375,1.3003934151711182e-08,9,2025-09-18,36,22.40971949207013
2025-08-12 07:00:00,56.09999999999996,-3.900000000000014,0,0001,1.0,LAND,15.943756,15.275299,1003.2656,1.10732856587845e-08,9,2025-09-18,36,10.493262729171175
2025-08-12 07:00:00,56.09999999999996,-3.800000000000014,0,0001,1.0,LAND,15.920319,15.189362,1002.1956,1.1387410162970499e-08,9,2025-09-18,36,5.993353744661033
2025-08-12 23:00:00,56.09999999999996,-3.800000000000014,0,0001,1.0,LAND,19.427155,15.581696,999.1381,2.5141883427024527e-08,9,2025-09-18,36,5.993353744661033
2025-08-13 00:00:00,56.09999999999996,-3.800000000000014,0,0001,1.0,LAND,18.808014,15.561188,999.07623,2.6897355454026905e-08,9,2025-09-18,36,5.993353744661033
2025-08-13 01:00:00,56.09999999999996,-3.700000000000014,0,0001,1.0,LAND,18.336578,15.772614,1001.1406,2.691221326345406e-08,9,2025-09-18,35,6.209934430601996
2025-08-12 22:00:00,56.499999999999964,-4.100000000000014,0,0001,1.0,LAND,17.645416,13.128937,957.8006,1.2389355402709104e-08,9,2025-09-18,36,44.66759555203677
2025-08-13 02:00:00,56.09999999999996,-3.700000000000014,0,0001,1.0,LAND,17.760406,15.678375,1000.895,2.5959587646175217e-08,9,2025-09-18,35,6.209934430601996
2025-08-13 04:00:00,56.09999999999996,-3.3000000000000136,0,0001,1.0,LAND,16.855621,15.813873,1004.9913,2.0884091012086696e-08,9,2025-09-18,35,28.591002816257365
2025-08-13 02:00:00,56.09999999999996,-3.600000000000014,0,0001,1.0,LAND,17.56314,15.596344,998.485,2.674129251367821e-08,9,2025-09-18,35,10.86450858184678
2025-08-16 12:00:00,56.39999999999996,-3.4000000000000137,0,0001,1.0,LAND,17.52774,12.9635315,1020.26685,1.2699915785675129e-08,9,2025-09-18,32,35.58185913326188
2025-08-14 00:00:00,56.499999999999964,-4.2000000000000135,0,0001,1.0,LAND,16.478424,15.989288,956.365,1.694115248085417e-08,9,2025-09-18,35,47.92393602562079
2025-08-14 01:00:00,56.19999999999996,-3.3000000000000136,0,0001,1.0,LAND,17.484772,16.453278,990.6163,1.6412373534300268e-08,9,2025-09-18,34,28.67434139991308
2025-08-13 23:00:00,56.499999999999964,-4.100000000000014,0,0001,1.0,LAND,17.440094,16.221954,956.1969,1.6632372275745547e-08,9,2025-09-18,35,44.66759555203677
2025-08-13 22:00:00,56.39999999999996,-4.000000000000014,0,0001,1.0,LAND,19.192291,17.074615,971.5,1.7095691973169365e-08,9,2025-09-18,35,31.963100330552695
2025-08-13 22:00:00,56.499999999999964,-4.100000000000014,0,0001,1.0,LAND,18.243073,16.428131,956.25,1.6516105187196105e-08,9,2025-09-18,35,44.66759555203677
2025-08-16 12:00:00,56.39999999999996,-3.3000000000000136,0,0001,1.0,LAND,17.457428,12.91861,1019.72687,1.242140701407443e-08,9,2025-09-18,32,39.66883634104958
2025-08-13 22:00:00,56.499999999999964,-4.000000000000014,0,0001,1.0,LAND,18.545807,16.369537,957.79,1.6361330142563592e-08,9,2025-09-18,35,42.067983644050294
2025-08-16 10:00:00,56.499999999999964,-4.100000000000014,0,0001,1.0,LAND,14.827301,12.124908,972.7356,1.1706931965505356e-08,9,2025-09-18,32,44.66759555203677
2025-08-16 10:00:00,56.499999999999964,-4.000000000000014,0,0001,1.0,LAND,14.876129,12.203033,974.3856,1.1733684375977444e-08,9,2025-09-18,32,42.067983644050294
2025-08-16 10:00:00,56.499999999999964,-3.900000000000014,0,0001,1.0,LAND,14.92691,12.271393,977.4356,1.1794869784568953e-08,9,2025-09-18,32,40.25254757506921
2025-08-16 10:00:00,56.39999999999996,-4.000000000000014,0,0001,1.0,LAND,15.12027,12.349518,988.6256,1.253302380395936e-08,9,2025-09-18,32,31.963100330552695
2025-08-16 10:00:00,56.39999999999996,-3.900000000000014,0,0001,1.0,LAND,15.186676,12.433502,993.2356,1.2560657181027409e-08,9,2025-09-18,32,29.526237994276364
2025-08-16 10:00:00,56.39999999999996,-3.800000000000014,0,0001,1.0,LAND,15.24527,12.515533,1002.1956,1.2588290558095455e-08,9,2025-09-18,32,28.252244396515916
2025-08-16 10:00:00,56.39999999999996,-3.700000000000014,0,0001,1.0,LAND,15.315582,12.540924,1009.3256,1.2615923935163502e-08,9,2025-09-18,32,28.29861635985469
2025-08-16 10:00:00,56.39999999999996,-3.600000000000014,0,0001,1.0,LAND,15.397614,12.525299,1016.8256,1.2643557312231548e-08,9,2025-09-18,32,29.659161281032677
2025-08-16 10:00:00,56.39999999999996,-3.5000000000000138,0,0001,1.0,LAND,15.442535,12.511627,1019.6856,1.2285474693119695e-08,9,2025-09-18,32,32.16755550739848
2025-08-16 11:00:00,56.499999999999964,-3.800000000000014,0,0001,1.0,LAND,16.261139,12.654449,985.5725,1.2231021279119105e-08,9,2025-09-18,32,39.33003207339715
2025-08-16 11:00:00,56.499999999999964,-3.700000000000014,0,0001,1.0,LAND,16.354889,12.730621,994.7225,1.2270799524631402e-08,9,2025-09-18,32,39.36326857093194
2025-08-16 11:00:00,56.499999999999964,-3.600000000000014,0,0001,1.0,LAND,16.464264,12.781403,1005.1625,1.2310577770143701e-08,9,2025-09-18,32,40.34989528913585
2025-08-16 11:00:00,56.39999999999996,-3.5000000000000138,0,0001,1.0,LAND,16.702545,12.884918,1019.2825,1.2631949625197758e-08,9,2025-09-18,32,32.16755550739848
2025-08-16 11:00:00,56.39999999999996,-3.4000000000000137,0,0001,1.0,LAND,16.737701,12.871246,1020.4425,1.2313653929841445e-08,9,2025-09-18,32,35.58185913326188
2025-08-16 11:00:00,56.39999999999996,-3.3000000000000136,0,0001,1.0,LAND,16.684967,12.816559,1019.9025,1.1995358234485131e-08,9,2025-09-18,32,39.66883634104958
2025-08-16 12:00:00,56.499999999999964,-3.600000000000014,0,0001,1.0,LAND,17.359772,12.848297,1005.0069,1.26427295299439e-08,9,2025-09-18,32,40.34989528913585
2025-08-16 12:00:00,56.499999999999964,-3.4000000000000137,0,0001,1.0,LAND,17.467194,12.766266,1016.77686,1.2119098613539212e-08,9,2025-09-18,32,44.87206751425793
2025-08-15 17:00:00,55.899999999999956,-3.4000000000000137,0,0001,1.0,LAND,19.60733,13.17984,1005.03,1.5198685356561786e-08,9,2025-09-18,33,35.18776626173998
2025-08-15 17:00:00,55.899999999999956,-3.3000000000000136,0,0001,1.0,LAND,19.660065,13.203278,1005.95,1.4913921889125735e-08,9,2025-09-18,33,39.36692156183524
2025-08-15 18:00:00,55.899999999999956,-3.4000000000000137,0,0001,1.0,LAND,19.100494,13.568756,1005.2438,1.4871597453503016e-08,9,2025-09-18,33,35.18776626173998
2025-08-22 02:00:00,56.25,-3.0,0,0001,1.0,MARINE,12.687653,10.359772,1015.4956,1.5119584658348363e-08,9,2025-09-18,26,47.98735621190846
2025-08-22 02:00:00,56.25,-3.25,0,0001,1.0,MARINE,11.746246,10.051178,1011.2656,1.7243582839388082e-08,9,2025-09-18,26,33.172481753670645
2025-08-22 02:00:00,56.25,-3.5,0,0001,1.0,MARINE,11.697418,10.310944,1004.4956,1.8158012575023847e-08,9,2025-09-18,26,19.399763296218577
2025-08-22 01:00:00,56.25,-3.25,0,0001,1.0,MARINE,12.453033,10.369049,1011.21875,1.8334965878885714e-08,9,2025-09-18,26,33.172481753670645
2025-08-22 01:00:00,56.25,-3.5,0,0001,1.0,MARINE,12.507721,10.61319,1004.41876,1.948550211923923e-08,9,2025-09-18,26,19.399763296218577
2025-08-22 05:00:00,56.25,-3.25,0,0001,1.0,MARINE,11.939117,9.848297,1010.60187,1.3969433720895166e-08,9,2025-09-18,26,33.172481753670645
2025-08-22 04:00:00,56.25,-3.0,0,0001,1.0,MARINE,12.4711,10.025055,1014.89685,1.3560290705131875e-08,9,2025-09-18,26,47.98735621190846
2025-08-22 04:00:00,56.25,-3.25,0,0001,1.0,MARINE,11.8089905,9.819977,1010.6869,1.5060816760392805e-08,9,2025-09-18,26,33.172481753670645
2025-08-22 03:00:00,56.25,-3.0,0,0001,1.0,MARINE,12.98941,10.278717,1015.2606,1.4339937681740118e-08,9,2025-09-18,26,47.98735621190846
2025-08-22 03:00:00,56.25,-3.25,0,0001,1.0,MARINE,12.434723,10.368561,1011.0506,1.6152199799890444e-08,9,2025-09-18,26,33.172481753670645
2025-08-22 03:00:00,56.25,-3.5,0,0001,1.0,MARINE,12.198395,10.602936,1004.28064,1.683052303080846e-08,9,2025-09-18,26,19.399763296218577
2025-08-21 11:00:00,56.0,-3.0,0,0001,1.0,MARINE,14.095856,8.863678,1007.7706,1.2337590874859455e-08,9,2025-09-18,27,49.54233622779171
2025-08-22 00:00:00,56.25,-3.25,0,0001,1.0,MARINE,13.154449,10.652008,1011.3738,1.9426348918383356e-08,9,2025-09-18,27,33.172481753670645
2025-08-22 17:00:00,56.0,-3.5,0,0001,1.0,MARINE,18.088287,10.524078,1005.6131,1.1116095340509305e-08,9,2025-09-18,26,22.703409415180072
2025-08-22 06:00:00,56.25,-3.25,0,0001,1.0,MARINE,12.435944,10.056793,1010.6262,1.2878050681397524e-08,9,2025-09-18,26,33.172481753670645
2025-08-22 06:00:00,56.25,-3.5,0,0001,1.0,MARINE,11.961334,10.314606,1003.85626,1.2848054398162323e-08,9,2025-09-18,26,19.399763296218577
2025-08-21 10:00:00,56.0,-3.0,0,0001,1.0,MARINE,13.672272,8.815338,1007.8106,1.2109459953298548e-08,9,2025-09-18,27,49.54233622779171
2025-08-21 02:00:00,56.25,-4.5,0,0001,1.0,MARINE,11.342194,9.593903,984.0006,1.1329059163012305e-08,9,2025-09-18,27,47.574118581212076
2025-08-24 04:00:00,56.25,-3.75,0,0001,1.0,MARINE,12.562897,11.350006,997.665,1.619700212840441e-08,9,2025-09-18,24,11.428371968856487
2025-08-24 03:00:00,56.25,-3.75,0,0001,1.0,MARINE,13.785309,12.001862,997.7544,1.682817534279264e-08,9,2025-09-18,24,11.428371968856487
2025-08-23 00:00:00,56.0,-4.0,0,0001,1.0,MARINE,12.430084,10.018219,1002.6806,1.3579697366594583e-08,9,2025-09-18,26,22.40971949206606
2025-08-12 21:00:00,55.75,-4.0,0,0001,1.0,MARINE,19.617828,15.142242,992.8031,1.8899828369000926e-08,9,2025-09-18,36,46.7625883886154
2025-08-12 22:00:00,56.5,-4.0,0,0001,1.0,MARINE,17.347809,12.690338,973.3719,1.280458147845396e-08,9,2025-09-18,36,42.067983644053655
2025-08-14 01:00:00,56.5,-3.75,0,0001,1.0,MARINE,14.661041,14.018707,979.6575,1.4885793612797494e-08,9,2025-09-18,34,39.225695757903125
2025-08-13 21:00:00,56.5,-4.25,0,0001,1.0,MARINE,15.8368225,14.398346,964.4075,1.6603697111650196e-08,9,2025-09-18,35,49.759117182693004
2025-08-14 00:00:00,56.5,-3.75,0,0001,1.0,MARINE,15.975494,14.673248,979.9487,1.5390044572072402e-08,9,2025-09-18,35,39.225695757903125
2025-08-13 22:00:00,56.5,-3.75,0,0001,1.0,MARINE,17.911285,15.267975,980.02124,1.5388011309625094e-08,9,2025-09-18,35,39.225695757903125
2025-08-12 05:00:00,56.25,-3.75,0,0001,1.0,MARINE,13.819,13.383942,995.2225,1.1820219044297085e-08,9,2025-09-18,36,11.428371968856487
2025-08-16 15:00:00,56.25,-3.25,0,0001,1.0,MARINE,20.8815,14.226471,1020.23065,1.3683609592640847e-08,9,2025-09-18,32,33.172481753670645
2025-08-16 19:00:00,56.0,-4.5,0,0001,1.0,MARINE,19.902496,15.914459,1009.3225,2.105031793320236e-08,9,2025-09-18,32,49.1395559556115
2025-08-16 20:00:00,56.0,-4.5,0,0001,1.0,MARINE,17.150055,14.384186,1009.2725,2.1248889758851558e-08,9,2025-09-18,32,49.1395559556115
2025-08-16 12:00:00,56.5,-3.5,0,0001,1.0,MARINE,18.12564,13.449371,1004.9981,1.2380914071741339e-08,9,2025-09-18,32,42.22312954711918
2025-08-16 12:00:00,56.5,-3.75,0,0001,1.0,MARINE,17.990875,13.570465,997.0681,1.2615172906294067e-08,9,2025-09-18,32,39.225695757903125
2025-08-16 12:00:00,56.5,-4.0,0,0001,1.0,MARINE,17.799469,13.650543,988.5681,1.2569245200211378e-08,9,2025-09-18,32,42.067983644053655
2025-08-16 11:00:00,56.5,-3.5,0,0001,1.0,MARINE,17.27481,13.431549,1005.27313,1.2027304284456623e-08,9,2025-09-18,32,42.22312954711918
2025-08-16 11:00:00,56.5,-4.0,0,0001,1.0,MARINE,16.884186,13.333893,988.7631,1.215146478809427e-08,9,2025-09-18,32,42.067983644053655
2025-08-16 10:00:00,56.25,-3.75,0,0001,1.0,MARINE,16.15738,13.190338,1008.8575,1.4991586277935055e-08,9,2025-09-18,32,11.428371968856487
2025-08-16 10:00:00,56.5,-3.5,0,0001,1.0,MARINE,15.590973,12.948151,1005.3875,1.1673694497171915e-08,9,2025-09-18,32,42.22312954711918
2025-08-16 10:00:00,56.5,-3.75,0,0001,1.0,MARINE,15.52066,12.942291,997.4275,1.1886647897455982e-08,9,2025-09-18,32,39.225695757903125
2025-08-16 09:00:00,56.5,-3.5,0,0001,1.0,MARINE,15.063629,12.674713,1005.5675,1.1320084709887201e-08,9,2025-09-18,32,42.22312954711918
2025-08-16 09:00:00,56.5,-3.75,0,0001,1.0,MARINE,14.798004,12.893463,997.5875,1.152238539303694e-08,9,2025-09-18,32,39.225695757903125
2025-08-16 09:00:00,56.5,-4.0,0,0001,1.0,MARINE,14.571442,13.01651,989.0475,1.131590396386006e-08,9,2025-09-18,32,42.067983644053655
2025-08-16 08:00:00,56.5,-3.5,0,0001,1.0,MARINE,14.435455,12.3368225,1005.4344,1.0966474922602488e-08,9,2025-09-18,32,42.22312954711918
2025-06-20 06:00:00,56.09999999999996,-3.800000000000014,0,0001,1.0,LAND,14.19754,13.18045,1007.59125,1.5655764726286212e-08,10,2025-09-11,82,5.993353744661033
2025-06-20 06:00:00,56.09999999999996,-3.900000000000014,0,0001,1.0,LAND,14.199493,13.246857,1008.6813,1.601725570926698e-08,10,2025-09-11,82,10.493262729171175
2025-06-20 05:00:00,55.99999999999996,-3.800000000000014,0,0001,1.0,LAND,13.472809,12.213654,1009.6,1.6422386598749588e-08,10,2025-09-11,82,16.625373650183587
2025-06-20 05:00:00,55.99999999999996,-3.900000000000014,0,0001,1.0,LAND,13.127106,11.93631,1005.58,1.6774589291685832e-08,10,2025-09-11,82,18.729227799508397
2025-06-20 02:00:00,55.99999999999996,-3.600000000000014,0,0001,1.0,LAND,14.874664,12.795685,1015.8738,1.511214338852488e-08,10,2025-09-11,82,18.940262614255058
2025-06-20 02:00:00,55.99999999999996,-3.700000000000014,0,0001,1.0,LAND,14.599274,12.813263,1013.84375,1.546123351570042e-08,10,2025-09-11,82,16.704876798041294
2025-06-19 04:00:00,55.99999999999996,-4.300000000000013,0,0001,1.0,LAND,8.608551,8.511871,1004.5744,1.171520421413187e-08,10,2025-09-11,83,37.66443917532765
2025-06-19 03:00:00,55.99999999999996,-4.500000000000012,0,0001,1.0,LAND,10.179596,10.034821,1014.97626,1.1473595962208177e-08,10,2025-09-11,83,49.13955595561383
2025-06-19 04:00:00,55.899999999999956,-4.300000000000013,0,0001,1.0,LAND,9.038239,8.941559,1009.8544,1.1804855315489312e-08,10,2025-09-11,83,43.69593849035156
2025-06-19 05:00:00,55.99999999999996,-4.100000000000014,0,0001,1.0,LAND,8.695465,8.224274,1000.7175,1.1722308272214301e-08,10,2025-09-11,83,27.030305079630224
2025-06-19 07:00:00,56.09999999999996,-3.4000000000000137,0,0001,1.0,LAND,12.744537,10.826569,1016.65436,9.662741699371853e-09,10,2025-09-11,83,22.527295305734203
2025-06-19 07:00:00,56.09999999999996,-3.5000000000000138,0,0001,1.0,LAND,12.420319,10.670319,1012.71436,1.0272956864806385e-08,10,2025-09-11,83,16.563299958390772
2025-06-19 06:00:00,55.99999999999996,-3.800000000000014,0,0001,1.0,LAND,10.89566,10.316071,1014.02686,1.161046592201817e-08,10,2025-09-11,83,16.625373650183587
2025-06-19 06:00:00,55.99999999999996,-3.900000000000014,0,0001,1.0,LAND,10.602692,10.130524,1009.9369,1.1635351127026e-08,10,2025-09-11,83,18.729227799508397
2025-06-19 05:00:00,55.899999999999956,-4.100000000000014,0,0001,1.0,LAND,8.800934,8.421539,1005.4875,1.1623001274404105e-08,10,2025-09-11,83,34.922513483196234
2025-06-19 05:00:00,55.99999999999996,-4.000000000000014,0,0001,1.0,LAND,8.859528,8.417633,1003.9975,1.1719049878659294e-08,10,2025-09-11,83,22.40971949207013
2025-06-14 01:00:00,56.29999999999996,-3.1000000000000134,0,0001,1.0,LAND,14.17276,11.548981,1006.76935,1.3550268536851843e-08,10,2025-09-11,88,43.82092954958045
2025-06-14 17:00:00,56.19999999999996,-4.2000000000000135,0,0001,1.0,LAND,14.383453,12.585968,990.08435,1.1871211948640704e-08,10,2025-09-11,88,28.257616145984883
2025-06-14 18:00:00,56.29999999999996,-3.600000000000014,0,0001,1.0,LAND,14.114899,12.569122,986.26,1.1032621261009016e-08,10,2025-09-11,88,19.455171464778655
2025-06-14 18:00:00,56.29999999999996,-3.5000000000000138,0,0001,1.0,LAND,14.152008,12.53006,986.77,1.0955677254287402e-08,10,2025-09-11,88,23.10836038398962
2025-06-20 03:00:00,56.0,-3.5,0,0001,1.0,MARINE,12.070465,11.136383,1008.4913,1.3779805130287259e-08,10,2025-09-11,82,22.703409415180072
2025-06-20 02:00:00,56.0,-3.5,0,0001,1.0,MARINE,13.731598,11.950836,1008.9363,1.3501106344015981e-08,10,2025-09-11,82,22.703409415180072
2025-06-20 01:00:00,56.0,-3.5,0,0001,1.0,MARINE,14.478912,12.173248,1008.96875,1.3222407557744708e-08,10,2025-09-11,82,22.703409415180072
2025-06-20 02:00:00,56.0,-3.25,0,0001,1.0,MARINE,14.122223,12.325836,1007.95624,9.473513732742189e-09,10,2025-09-11,82,35.27363463791916
2025-06-19 01:00:00,56.0,-4.5,0,0001,1.0,MARINE,11.372223,10.285309,1007.33124,1.131426260088852e-08,10,2025-09-11,83,49.1395559556115
2025-06-19 02:00:00,56.0,-4.5,0,0001,1.0,MARINE,10.778717,10.070709,1007.53375,1.1393929281548315e-08,10,2025-09-11,83,49.1395559556115
2025-06-19 03:00:00,56.0,-4.25,0,0001,1.0,MARINE,9.711334,9.356842,1006.4125,1.1724098969434506e-08,10,2025-09-11,83,34.89600165521449
2025-06-19 07:00:00,56.0,-3.25,0,0001,1.0,MARINE,13.939117,11.303619,1011.9338,9.17122881342417e-09,10,2025-09-11,83,35.27363463791916
2025-06-19 07:00:00,56.0,-3.5,0,0001,1.0,MARINE,13.898102,11.549713,1012.9437,1.0803269982299408e-08,10,2025-09-11,83,22.703409415180072
2025-06-19 06:00:00,56.0,-3.5,0,0001,1.0,MARINE,11.654938,10.674469,1012.8644,1.0880695455739406e-08,10,2025-09-11,83,22.703409415180072
2025-06-19 04:00:00,56.0,-4.0,0,0001,1.0,MARINE,8.487946,8.208649,1008.6169,1.177786342528481e-08,10,2025-09-11,83,22.40971949206606
2025-06-19 04:00:00,56.0,-4.25,0,0001,1.0,MARINE,8.394196,8.13443,1006.5469,1.1725647415990666e-08,10,2025-09-11,83,34.89600165521449
2025-06-19 05:00:00,56.0,-3.75,0,0001,1.0,MARINE,9.476715,9.075836,1011.425,1.1685459063344844e-08,10,2025-09-11,83,16.373732848233665
2025-07-19 01:00:00,56.499999999999964,-3.800000000000014,0,0001,1.0,LAND,14.48111,12.1666565,965.70874,9.499789362562308e-09,10,2025-09-11,53,39.33003207339715
2025-07-30 01:00:00,56.19999999999996,-3.3000000000000136,0,0001,1.0,LAND,13.582184,11.593536,996.9437,1.247466396847616e-08,10,2025-09-11,42,28.67434139991308
2025-07-24 03:00:00,56.39999999999996,-3.1000000000000134,0,0001,1.0,LAND,15.345001,13.907623,1006.765,1.3664279485681163e-08,10,2025-09-11,48,49.16708242349585
2025-07-02 11:00:00,55.99999999999996,-3.5000000000000138,0,0001,1.0,LAND,12.467926,10.879547,1013.8256,1.333822657878497e-08,10,2025-09-11,70,22.703409415182904
2025-07-02 10:00:00,56.09999999999996,-3.700000000000014,0,0001,1.0,LAND,12.300934,10.216705,1006.0469,1.4817294280433543e-08,10,2025-09-11,70,6.209934430601996
2025-07-02 04:00:00,56.499999999999964,-4.2000000000000135,0,0001,1.0,LAND,9.142487,8.263824,960.9525,1.0517077357145603e-08,10,2025-09-11,70,47.92393602562079
2025-07-02 09:00:00,56.29999999999996,-3.900000000000014,0,0001,1.0,LAND,12.2743225,9.546783,992.5538,1.5777365747204847e-08,10,2025-09-11,70,19.251388021854765
2025-07-02 09:00:00,56.19999999999996,-4.000000000000014,0,0001,1.0,LAND,12.495026,9.964752,999.22375,1.6066049379759108e-08,10,2025-09-11,70,16.350722740039238
2025-07-11 22:00:00,56.19999999999996,-4.2000000000000135,0,0001,1.0,LAND,19.986969,15.652252,999.8719,9.517097312774803e-09,10,2025-09-11,61,28.257616145984883
2025-07-30 01:00:00,56.0,-3.0,0,0001,1.0,MARINE,13.575104,12.598541,1004.755,1.4271893370813277e-08,10,2025-09-11,42,49.54233622779171
2025-07-30 00:00:00,56.0,-3.0,0,0001,1.0,MARINE,13.8815,12.698395,1004.7356,1.4762002287227335e-08,10,2025-09-11,43,49.54233622779171
2025-07-29 23:00:00,56.0,-3.0,0,0001,1.0,MARINE,14.511139,12.82608,1004.8125,1.4219761590439237e-08,10,2025-09-11,43,49.54233622779171
2025-07-29 16:00:00,56.0,-3.25,0,0001,1.0,MARINE,20.207916,11.396637,1003.15936,1.073690373646711e-08,10,2025-09-11,43,35.27363463791916
2025-07-23 15:00:00,56.0,-3.0,0,0001,1.0,MARINE,18.569977,13.044586,1002.07623,1.2139528049459503e-08,10,2025-09-11,49,49.54233622779171
2025-07-24 15:00:00,56.0,-3.0,0,0001,1.0,MARINE,19.271149,13.49234,1005.53815,1.4291297034674214e-08,10,2025-09-11,48,49.54233622779171
2025-08-22 04:00:00,56.29999999999996,-3.800000000000014,0,0001,1.0,LAND,11.044342,10.647369,995.8269,1.413382892205027e-08,10,2025-09-11,19,17.228273892784127
2025-08-22 04:00:00,56.29999999999996,-3.700000000000014,0,0001,1.0,LAND,10.921295,10.4149475,994.28687,1.5217914484110627e-08,10,2025-09-11,19,17.304412014126722
2025-08-22 04:00:00,56.29999999999996,-3.600000000000014,0,0001,1.0,LAND,10.772858,10.114166,995.72687,1.630200004617098e-08,10,2025-09-11,19,19.455171464778655
2025-08-22 04:00:00,56.29999999999996,-3.5000000000000138,0,0001,1.0,LAND,10.663483,9.870026,996.28687,1.5877069066879024e-08,10,2025-09-11,19,23.10836038398962
2025-08-22 04:00:00,56.29999999999996,-3.4000000000000137,0,0001,1.0,LAND,10.712311,9.76651,999.4469,1.5452138087586753e-08,10,2025-09-11,19,27.675263623546893
2025-08-22 04:00:00,56.19999999999996,-3.700000000000014,0,0001,1.0,LAND,10.487701,9.897369,989.58685,1.422186353868375e-08,10,2025-09-11,19,6.734973972086425
2025-08-22 04:00:00,56.19999999999996,-3.600000000000014,0,0001,1.0,LAND,10.208405,9.500885,987.0469,1.5057840307974026e-08,10,2025-09-11,19,11.163673066424996
2025-08-22 04:00:00,56.19999999999996,-3.5000000000000138,0,0001,1.0,LAND,10.165436,9.293854,986.5669,1.5128997906306614e-08,10,2025-09-11,19,16.748932673435633
2025-08-22 05:00:00,56.29999999999996,-3.800000000000014,0,0001,1.0,LAND,10.899811,10.589264,995.71,1.2853502614114324e-08,10,2025-09-11,19,17.228273892784127
2025-08-22 05:00:00,56.29999999999996,-3.600000000000014,0,0001,1.0,LAND,10.622467,10.034576,995.63,1.4787837880150995e-08,10,2025-09-11,19,19.455171464778655
2025-08-22 05:00:00,56.29999999999996,-3.5000000000000138,0,0001,1.0,LAND,10.53653,9.78653,996.17,1.4487507897046446e-08,10,2025-09-11,19,23.10836038398962
2025-08-22 05:00:00,56.19999999999996,-3.800000000000014,0,0001,1.0,LAND,10.614655,10.233795,994.02,1.222215303039034e-08,10,2025-09-11,19,6.536340455292928
2025-08-22 05:00:00,56.19999999999996,-3.700000000000014,0,0001,1.0,LAND,10.388092,9.884186,989.48,1.2975145606089795e-08,10,2025-09-11,19,6.734973972086425
2025-08-22 05:00:00,56.19999999999996,-3.600000000000014,0,0001,1.0,LAND,10.266998,9.565826,986.94,1.3728138181789252e-08,10,2025-09-11,19,11.163673066424996
2025-08-22 05:00:00,56.19999999999996,-3.5000000000000138,0,0001,1.0,LAND,10.24942,9.352936,986.46,1.3863579987708494e-08,10,2025-09-11,19,16.748932673435633
2025-08-22 06:00:00,56.29999999999996,-3.700000000000014,0,0001,1.0,LAND,10.813629,10.374664,994.32623,1.2423426010154694e-08,10,2025-09-11,19,17.304412014126722
2025-08-22 05:00:00,56.29999999999996,-3.700000000000014,0,0001,1.0,LAND,10.765045,10.34317,994.17,1.3820670247132656e-08,10,2025-09-11,19,17.304412014126722
2025-08-22 03:00:00,56.29999999999996,-3.800000000000014,0,0001,1.0,LAND,11.404205,10.710114,996.1813,1.541415522998621e-08,10,2025-09-11,19,17.228273892784127
2025-08-22 03:00:00,56.29999999999996,-3.700000000000014,0,0001,1.0,LAND,11.324127,10.524567,994.64124,1.66151587210886e-08,10,2025-09-11,19,17.304412014126722
2025-08-22 03:00:00,56.29999999999996,-3.600000000000014,0,0001,1.0,LAND,11.23233,10.284332,996.09125,1.7816162212190976e-08,10,2025-09-11,19,19.455171464778655
2025-08-22 03:00:00,56.29999999999996,-3.5000000000000138,0,0001,1.0,LAND,11.11319,10.069489,996.65125,1.72666302367116e-08,10,2025-09-11,19,23.10836038398962
2025-08-22 03:00:00,56.29999999999996,-3.4000000000000137,0,0001,1.0,LAND,11.150299,9.991364,999.8113,1.6717098261231858e-08,10,2025-09-11,19,27.675263623546893
2025-08-22 03:00:00,56.29999999999996,-3.3000000000000136,0,0001,1.0,LAND,11.433502,10.001129,1002.27124,1.6167566285752124e-08,10,2025-09-11,19,32.776133078680004
2025-08-22 03:00:00,56.29999999999996,-3.2000000000000135,0,0001,1.0,LAND,11.818268,10.05777,1006.0613,1.5618034310272386e-08,10,2025-09-11,19,38.197640235053164
2025-08-22 03:00:00,56.29999999999996,-3.1000000000000134,0,0001,1.0,LAND,12.167877,10.010895,1008.65125,1.4691305560977217e-08,10,2025-09-11,19,43.82092954958045
2025-08-22 03:00:00,56.19999999999996,-3.4000000000000137,0,0001,1.0,LAND,10.902252,9.577301,992.5712,1.6401289215650484e-08,10,2025-09-11,19,22.650761461140704
2025-08-22 06:00:00,56.29999999999996,-3.600000000000014,0,0001,1.0,LAND,10.780426,10.126617,995.77625,1.3273675714131002e-08,10,2025-09-11,19,19.455171464778655
2025-08-22 06:00:00,56.29999999999996,-3.5000000000000138,0,0001,1.0,LAND,10.715973,9.878571,996.3162,1.3097946727213872e-08,10,2025-09-11,19,23.10836038398962
2025-08-22 21:00:00,55.899999999999956,-3.4000000000000137,0,0001,1.0,LAND,13.440826,9.816559,998.1188,1.4874774356687032e-08,10,2025-09-11,19,35.18776626173998
2025-08-22 22:00:00,55.899999999999956,-3.4000000000000137,0,0001,1.0,LAND,12.880768,9.6979065,998.27435,1.5878616014633423e-08,10,2025-09-11,19,35.18776626173998
2025-08-22 23:00:00,55.899999999999956,-3.5000000000000138,0,0001,1.0,LAND,12.574371,9.691803,997.97186,1.6281137799055773e-08,10,2025-09-11,19,31.683314636941866
2025-08-22 23:00:00,55.899999999999956,-3.4000000000000137,0,0001,1.0,LAND,12.521637,9.750397,998.4819,1.6882457672579814e-08,10,2025-09-11,19,35.18776626173998
2025-08-23 00:00:00,55.899999999999956,-3.600000000000014,0,0001,1.0,LAND,12.241364,9.753326,998.5687,1.6678634029431075e-08,10,2025-09-11,19,29.09837795907814
2025-08-23 00:00:00,55.899999999999956,-3.5000000000000138,0,0001,1.0,LAND,12.077301,9.675201,997.8787,1.7282466679978673e-08,10,2025-09-11,19,31.683314636941866
2025-08-23 00:00:00,55.799999999999955,-3.3000000000000136,0,0001,1.0,LAND,10.465973,8.68692,985.39874,1.680009886761865e-08,10,2025-09-11,19,47.82087407335956
2025-08-22 22:00:00,55.899999999999956,-3.5000000000000138,0,0001,1.0,LAND,12.878815,9.6510315,997.78436,1.5279808918132876e-08,10,2025-09-11,19,31.683314636941866
2025-08-22 18:00:00,55.899999999999956,-3.4000000000000137,0,0001,1.0,LAND,16.702057,9.263092,997.1163,1.1863249382847856e-08,10,2025-09-11,19,35.18776626173998
2025-08-22 07:00:00,56.29999999999996,-3.800000000000014,0,0001,1.0,LAND,11.680206,10.890533,996.0513,1.0292849998242441e-08,10,2025-09-11,19,17.228273892784127
2025-08-22 07:00:00,56.29999999999996,-3.700000000000014,0,0001,1.0,LAND,11.594269,10.697174,994.5112,1.1026181773176727e-08,10,2025-09-11,19,17.304412014126722
2025-08-22 07:00:00,56.29999999999996,-3.600000000000014,0,0001,1.0,LAND,11.682159,10.431549,995.96124,1.1759513548111014e-08,10,2025-09-11,19,19.455171464778655
2025-08-22 07:00:00,56.29999999999996,-3.5000000000000138,0,0001,1.0,LAND,11.734894,10.10733,996.52124,1.17083855573813e-08,10,2025-09-11,19,23.10836038398962
2025-08-22 07:00:00,56.19999999999996,-3.700000000000014,0,0001,1.0,LAND,11.350128,10.310455,989.84125,1.0481709740901898e-08,10,2025-09-11,19,6.734973972086425
2025-08-22 07:00:00,56.19999999999996,-3.600000000000014,0,0001,1.0,LAND,11.227081,10.025299,987.3113,1.1068733929419717e-08,10,2025-09-11,19,11.163673066424996
2025-08-22 07:00:00,56.19999999999996,-3.5000000000000138,0,0001,1.0,LAND,11.209503,9.833893,986.84125,1.133274415051226e-08,10,2025-09-11,19,16.748932673435633
2025-08-22 07:00:00,56.19999999999996,-3.4000000000000137,0,0001,1.0,LAND,11.500519,9.871002,992.46124,1.159675437160474e-08,10,2025-09-11,19,22.650761461140704
2025-08-22 15:00:00,55.899999999999956,-3.3000000000000136,0,0001,1.0,LAND,16.360748,9.159088,998.6931,9.432942066344763e-09,10,2025-09-11,19,39.36692156183524
2025-08-22 17:00:00,55.899999999999956,-3.4000000000000137,0,0001,1.0,LAND,17.080719,8.930328,997.045,1.0859407724901464e-08,10,2025-09-11,19,35.18776626173998
2025-08-21 10:00:00,55.799999999999955,-3.3000000000000136,0,0001,1.0,LAND,12.913239,8.179352,986.0681,1.3508886823980016e-08,10,2025-09-11,20,47.82087407335956
2025-08-22 01:00:00,56.29999999999996,-3.5000000000000138,0,0001,1.0,LAND,12.021881,10.223785,996.7575,2.004575257637674e-08,10,2025-09-11,19,23.10836038398962
2025-08-22 01:00:00,56.29999999999996,-3.4000000000000137,0,0001,1.0,LAND,11.912506,10.11441,999.9075,1.9247018608522074e-08,10,2025-09-11,19,27.675263623546893
2025-08-22 01:00:00,56.19999999999996,-3.3000000000000136,0,0001,1.0,LAND,11.9652405,10.018707,998.4375,1.8681861613245733e-08,10,2025-09-11,19,28.67434139991308
2025-08-22 02:00:00,56.29999999999996,-3.600000000000014,0,0001,1.0,LAND,11.64151,10.4086,996.2475,1.9330324378210973e-08,10,2025-09-11,19,19.455171464778655
2025-08-22 02:00:00,56.29999999999996,-3.5000000000000138,0,0001,1.0,LAND,11.375885,10.103912,996.7975,1.8656191406544173e-08,10,2025-09-11,19,23.10836038398962
2025-08-22 02:00:00,56.29999999999996,-3.4000000000000137,0,0001,1.0,LAND,11.2743225,9.945709,999.9575,1.7982058434876973e-08,10,2025-09-11,19,27.675263623546893
2025-08-22 02:00:00,56.29999999999996,-3.3000000000000136,0,0001,1.0,LAND,11.512604,10.010162,1002.4275,1.730792546320977e-08,10,2025-09-11,19,32.776133078680004
2025-08-22 02:00:00,56.29999999999996,-3.2000000000000135,0,0001,1.0,LAND,11.86026,10.082428,1006.2075,1.6633792491542565e-08,10,2025-09-11,19,38.197640235053164
2025-08-23 01:00:00,55.99999999999996,-4.100000000000014,0,0001,1.0,LAND,12.474274,9.694489,995.17377,1.2319381403890968e-08,10,2025-09-11,18,27.030305079630224
2025-08-21 11:00:00,55.99999999999996,-3.600000000000014,0,0001,1.0,LAND,15.53775,8.9808655,1014.3181,1.7252992960218734e-08,10,2025-09-11,20,18.940262614255058
2025-08-21 13:00:00,55.99999999999996,-3.600000000000014,0,0001,1.0,LAND,16.300201,8.7118225,1014.2775,1.7765989124285487e-08,10,2025-09-11,20,18.940262614255058
2025-08-21 13:00:00,55.99999999999996,-3.5000000000000138,0,0001,1.0,LAND,16.237701,8.717682,1016.5975,1.6957226400826698e-08,10,2025-09-11,20,22.703409415182904
2025-08-21 13:00:00,55.99999999999996,-3.4000000000000137,0,0001,1.0,LAND,16.128326,8.553619,1016.6175,1.614846367736794e-08,10,2025-09-11,20,27.37126839771302
2025-08-21 14:00:00,55.99999999999996,-3.5000000000000138,0,0001,1.0,LAND,16.629059,8.844635,1016.2631,1.7024876841631457e-08,10,2025-09-11,20,22.703409415182904
2025-08-21 14:00:00,55.99999999999996,-3.4000000000000137,0,0001,1.0,LAND,16.572418,8.67276,1016.28314,1.6406795477763564e-08,10,2025-09-11,20,27.37126839771302
2025-08-21 14:00:00,55.99999999999996,-3.3000000000000136,0,0001,1.0,LAND,16.566559,8.479401,1015.97314,1.578871411389568e-08,10,2025-09-11,20,32.55699097817271
2025-08-23 01:00:00,55.899999999999956,-3.800000000000014,0,0001,1.0,LAND,12.159821,9.768707,998.98376,1.4103716657516344e-08,10,2025-09-11,18,27.643661592599994
2025-08-23 01:00:00,55.899999999999956,-3.600000000000014,0,0001,1.0,LAND,11.864899,9.74527,998.5538,1.580327280148339e-08,10,2025-09-11,18,29.09837795907814
2025-08-24 03:00:00,56.19999999999996,-3.2000000000000135,0,0001,1.0,LAND,13.494293,11.703033,1004.2581,1.3412629118470844e-08,10,2025-09-11,17,34.75641920028417
2025-08-24 04:00:00,56.09999999999996,-3.600000000000014,0,0001,1.0,LAND,13.952789,12.047272,1004.44,1.935279225762211e-08,10,2025-09-11,17,10.86450858184678
2025-08-23 01:00:00,55.899999999999956,-3.5000000000000138,0,0001,1.0,LAND,11.700836,9.64566,997.85376,1.6339338299030715e-08,10,2025-09-11,18,31.683314636941866
2025-08-23 01:00:00,55.899999999999956,-3.4000000000000137,0,0001,1.0,LAND,11.605133,9.674957,998.3638,1.6875403796577984e-08,10,2025-09-11,18,35.18776626173998
2025-08-23 01:00:00,55.799999999999955,-3.700000000000014,0,0001,1.0,LAND,10.749664,8.967926,992.1238,1.358455979187099e-08,10,2025-09-11,18,38.754235783733385
2025-08-23 01:00:00,55.799999999999955,-3.4000000000000137,0,0001,1.0,LAND,10.200836,8.469879,986.0538,1.5264745615675545e-08,10,2025-09-11,18,44.43485924542433
2025-08-23 01:00:00,55.799999999999955,-3.3000000000000136,0,0001,1.0,LAND,10.138336,8.467926,985.3638,1.5818047964058352e-08,10,2025-09-11,18,47.82087407335956
2025-08-23 02:00:00,55.899999999999956,-3.5000000000000138,0,0001,1.0,LAND,11.490875,9.621735,997.8156,1.5396209918082764e-08,10,2025-09-11,18,31.683314636941866
2025-08-23 02:00:00,55.899999999999956,-3.4000000000000137,0,0001,1.0,LAND,11.410797,9.6510315,998.33563,1.586450826262976e-08,10,2025-09-11,18,35.18776626173998
2025-08-23 02:00:00,55.799999999999955,-3.700000000000014,0,0001,1.0,LAND,11.207672,8.852203,992.04565,1.280677493683085e-08,10,2025-09-11,18,38.754235783733385
2025-08-23 02:00:00,55.799999999999955,-3.600000000000014,0,0001,1.0,LAND,10.98111,8.656891,989.1856,1.3345685519656437e-08,10,2025-09-11,18,39.77415872876998
2025-08-23 02:00:00,55.799999999999955,-3.5000000000000138,0,0001,1.0,LAND,10.758453,8.457672,986.3856,1.3842456033270315e-08,10,2025-09-11,18,41.707382888876346
2025-08-23 02:00:00,55.799999999999955,-3.4000000000000137,0,0001,1.0,LAND,10.6315,8.461578,986.02563,1.4339226546884186e-08,10,2025-09-11,18,44.43485924542433
2025-08-23 02:00:00,55.799999999999955,-3.3000000000000136,0,0001,1.0,LAND,10.473297,8.486969,985.33563,1.4835997060498056e-08,10,2025-09-11,18,47.82087407335956
2025-08-23 01:00:00,55.899999999999956,-3.700000000000014,0,0001,1.0,LAND,12.011383,9.788239,998.66376,1.4953494729499863e-08,10,2025-09-11,18,27.691672828139428
2025-08-12 06:00:00,55.99999999999996,-4.000000000000014,0,0001,1.0,LAND,14.206818,13.619293,994.21375,1.3003934151711182e-08,10,2025-09-11,29,22.40971949207013
2025-08-12 07:00:00,56.09999999999996,-3.900000000000014,0,0001,1.0,LAND,15.943756,15.275299,1003.2656,1.10732856587845e-08,10,2025-09-11,29,10.493262729171175
2025-08-12 07:00:00,56.09999999999996,-3.800000000000014,0,0001,1.0,LAND,15.920319,15.189362,1002.1956,1.1387410162970499e-08,10,2025-09-11,29,5.993353744661033
2025-08-12 23:00:00,56.09999999999996,-3.800000000000014,0,0001,1.0,LAND,19.427155,15.581696,999.1381,2.5141883427024527e-08,10,2025-09-11,29,5.993353744661033
2025-08-13 00:00:00,56.09999999999996,-3.800000000000014,0,0001,1.0,LAND,18.808014,15.561188,999.07623,2.6897355454026905e-08,10,2025-09-11,29,5.993353744661033
2025-08-13 01:00:00,56.09999999999996,-3.700000000000014,0,0001,1.0,LAND,18.336578,15.772614,1001.1406,2.691221326345406e-08,10,2025-09-11,28,6.209934430601996
2025-08-12 22:00:00,56.499999999999964,-4.100000000000014,0,0001,1.0,LAND,17.645416,13.128937,957.8006,1.2389355402709104e-08,10,2025-09-11,29,44.66759555203677
2025-08-13 02:00:00,56.09999999999996,-3.700000000000014,0,0001,1.0,LAND,17.760406,15.678375,1000.895,2.5959587646175217e-08,10,2025-09-11,28,6.209934430601996
2025-08-13 04:00:00,56.09999999999996,-3.3000000000000136,0,0001,1.0,LAND,16.855621,15.813873,1004.9913,2.0884091012086696e-08,10,2025-09-11,28,28.591002816257365
2025-08-13 02:00:00,56.09999999999996,-3.600000000000014,0,0001,1.0,LAND,17.56314,15.596344,998.485,2.674129251367821e-08,10,2025-09-11,28,10.86450858184678
2025-08-16 12:00:00,56.39999999999996,-3.4000000000000137,0,0001,1.0,LAND,17.52774,12.9635315,1020.26685,1.2699915785675129e-08,10,2025-09-11,25,35.58185913326188
2025-08-14 00:00:00,56.499999999999964,-4.2000000000000135,0,0001,1.0,LAND,16.478424,15.989288,956.365,1.694115248085417e-08,10,2025-09-11,28,47.92393602562079
2025-08-14 01:00:00,56.19999999999996,-3.3000000000000136,0,0001,1.0,LAND,17.484772,16.453278,990.6163,1.6412373534300268e-08,10,2025-09-11,27,28.67434139991308
2025-08-13 23:00:00,56.499999999999964,-4.100000000000014,0,0001,1.0,LAND,17.440094,16.221954,956.1969,1.6632372275745547e-08,10,2025-09-11,28,44.66759555203677
2025-08-13 22:00:00,56.39999999999996,-4.000000000000014,0,0001,1.0,LAND,19.192291,17.074615,971.5,1.7095691973169365e-08,10,2025-09-11,28,31.963100330552695
2025-08-13 22:00:00,56.499999999999964,-4.100000000000014,0,0001,1.0,LAND,18.243073,16.428131,956.25,1.6516105187196105e-08,10,2025-09-11,28,44.66759555203677
2025-08-16 12:00:00,56.39999999999996,-3.3000000000000136,0,0001,1.0,LAND,17.457428,12.91861,1019.72687,1.242140701407443e-08,10,2025-09-11,25,39.66883634104958
2025-08-13 22:00:00,56.499999999999964,-4.000000000000014,0,0001,1.0,LAND,18.545807,16.369537,957.79,1.6361330142563592e-08,10,2025-09-11,28,42.067983644050294
2025-08-16 10:00:00,56.499999999999964,-4.100000000000014,0,0001,1.0,LAND,14.827301,12.124908,972.7356,1.1706931965505356e-08,10,2025-09-11,25,44.66759555203677
2025-08-16 10:00:00,56.499999999999964,-4.000000000000014,0,0001,1.0,LAND,14.876129,12.203033,974.3856,1.1733684375977444e-08,10,2025-09-11,25,42.067983644050294
2025-08-16 10:00:00,56.499999999999964,-3.900000000000014,0,0001,1.0,LAND,14.92691,12.271393,977.4356,1.1794869784568953e-08,10,2025-09-11,25,40.25254757506921
2025-08-16 10:00:00,56.39999999999996,-4.000000000000014,0,0001,1.0,LAND,15.12027,12.349518,988.6256,1.253302380395936e-08,10,2025-09-11,25,31.963100330552695
2025-08-16 10:00:00,56.39999999999996,-3.900000000000014,0,0001,1.0,LAND,15.186676,12.433502,993.2356,1.2560657181027409e-08,10,2025-09-11,25,29.526237994276364
2025-08-16 10:00:00,56.39999999999996,-3.800000000000014,0,0001,1.0,LAND,15.24527,12.515533,1002.1956,1.2588290558095455e-08,10,2025-09-11,25,28.252244396515916
2025-08-16 10:00:00,56.39999999999996,-3.700000000000014,0,0001,1.0,LAND,15.315582,12.540924,1009.3256,1.2615923935163502e-08,10,2025-09-11,25,28.29861635985469
2025-08-16 10:00:00,56.39999999999996,-3.600000000000014,0,0001,1.0,LAND,15.397614,12.525299,1016.8256,1.2643557312231548e-08,10,2025-09-11,25,29.659161281032677
2025-08-16 10:00:00,56.39999999999996,-3.5000000000000138,0,0001,1.0,LAND,15.442535,12.511627,1019.6856,1.2285474693119695e-08,10,2025-09-11,25,32.16755550739848
2025-08-16 11:00:00,56.499999999999964,-3.800000000000014,0,0001,1.0,LAND,16.261139,12.654449,985.5725,1.2231021279119105e-08,10,2025-09-11,25,39.33003207339715
2025-08-16 11:00:00,56.499999999999964,-3.700000000000014,0,0001,1.0,LAND,16.354889,12.730621,994.7225,1.2270799524631402e-08,10,2025-09-11,25,39.36326857093194
2025-08-16 11:00:00,56.499999999999964,-3.600000000000014,0,0001,1.0,LAND,16.464264,12.781403,1005.1625,1.2310577770143701e-08,10,2025-09-11,25,40.34989528913585
2025-08-16 11:00:00,56.39999999999996,-3.5000000000000138,0,0001,1.0,LAND,16.702545,12.884918,1019.2825,1.2631949625197758e-08,10,2025-09-11,25,32.16755550739848
2025-08-16 11:00:00,56.39999999999996,-3.4000000000000137,0,0001,1.0,LAND,16.737701,12.871246,1020.4425,1.2313653929841445e-08,10,2025-09-11,25,35.58185913326188
2025-08-16 11:00:00,56.39999999999996,-3.3000000000000136,0,0001,1.0,LAND,16.684967,12.816559,1019.9025,1.1995358234485131e-08,10,2025-09-11,25,39.66883634104958
2025-08-16 12:00:00,56.499999999999964,-3.600000000000014,0,0001,1.0,LAND,17.359772,12.848297,1005.0069,1.26427295299439e-08,10,2025-09-11,25,40.34989528913585
2025-08-16 12:00:00,56.499999999999964,-3.4000000000000137,0,0001,1.0,LAND,17.467194,12.766266,1016.77686,1.2119098613539212e-08,10,2025-09-11,25,44.87206751425793
2025-08-15 17:00:00,55.899999999999956,-3.4000000000000137,0,0001,1.0,LAND,19.60733,13.17984,1005.03,1.5198685356561786e-08,10,2025-09-11,26,35.18776626173998
2025-08-15 17:00:00,55.899999999999956,-3.3000000000000136,0,0001,1.0,LAND,19.660065,13.203278,1005.95,1.4913921889125735e-08,10,2025-09-11,26,39.36692156183524
2025-08-15 18:00:00,55.899999999999956,-3.4000000000000137,0,0001,1.0,LAND,19.100494,13.568756,1005.2438,1.4871597453503016e-08,10,2025-09-11,26,35.18776626173998
2025-08-22 02:00:00,56.25,-3.0,0,0001,1.0,MARINE,12.687653,10.359772,1015.4956,1.5119584658348363e-08,10,2025-09-11,19,47.98735621190846
2025-08-22 02:00:00,56.25,-3.25,0,0001,1.0,MARINE,11.746246,10.051178,1011.2656,1.7243582839388082e-08,10,2025-09-11,19,33.172481753670645
2025-08-22 02:00:00,56.25,-3.5,0,0001,1.0,MARINE,11.697418,10.310944,1004.4956,1.8158012575023847e-08,10,2025-09-11,19,19.399763296218577
2025-08-22 01:00:00,56.25,-3.25,0,0001,1.0,MARINE,12.453033,10.369049,1011.21875,1.8334965878885714e-08,10,2025-09-11,19,33.172481753670645
2025-08-22 01:00:00,56.25,-3.5,0,0001,1.0,MARINE,12.507721,10.61319,1004.41876,1.948550211923923e-08,10,2025-09-11,19,19.399763296218577
2025-08-22 05:00:00,56.25,-3.25,0,0001,1.0,MARINE,11.939117,9.848297,1010.60187,1.3969433720895166e-08,10,2025-09-11,19,33.172481753670645
2025-08-22 04:00:00,56.25,-3.0,0,0001,1.0,MARINE,12.4711,10.025055,1014.89685,1.3560290705131875e-08,10,2025-09-11,19,47.98735621190846
2025-08-22 04:00:00,56.25,-3.25,0,0001,1.0,MARINE,11.8089905,9.819977,1010.6869,1.5060816760392805e-08,10,2025-09-11,19,33.172481753670645
2025-08-22 03:00:00,56.25,-3.0,0,0001,1.0,MARINE,12.98941,10.278717,1015.2606,1.4339937681740118e-08,10,2025-09-11,19,47.98735621190846
2025-08-22 03:00:00,56.25,-3.25,0,0001,1.0,MARINE,12.434723,10.368561,1011.0506,1.6152199799890444e-08,10,2025-09-11,19,33.172481753670645
2025-08-22 03:00:00,56.25,-3.5,0,0001,1.0,MARINE,12.198395,10.602936,1004.28064,1.683052303080846e-08,10,2025-09-11,19,19.399763296218577
2025-08-21 11:00:00,56.0,-3.0,0,0001,1.0,MARINE,14.095856,8.863678,1007.7706,1.2337590874859455e-08,10,2025-09-11,20,49.54233622779171
2025-08-22 00:00:00,56.25,-3.25,0,0001,1.0,MARINE,13.154449,10.652008,1011.3738,1.9426348918383356e-08,10,2025-09-11,20,33.172481753670645
2025-08-22 17:00:00,56.0,-3.5,0,0001,1.0,MARINE,18.088287,10.524078,1005.6131,1.1116095340509305e-08,10,2025-09-11,19,22.703409415180072
2025-08-22 06:00:00,56.25,-3.25,0,0001,1.0,MARINE,12.435944,10.056793,1010.6262,1.2878050681397524e-08,10,2025-09-11,19,33.172481753670645
2025-08-22 06:00:00,56.25,-3.5,0,0001,1.0,MARINE,11.961334,10.314606,1003.85626,1.2848054398162323e-08,10,2025-09-11,19,19.399763296218577
2025-08-21 10:00:00,56.0,-3.0,0,0001,1.0,MARINE,13.672272,8.815338,1007.8106,1.2109459953298548e-08,10,2025-09-11,20,49.54233622779171
2025-08-21 02:00:00,56.25,-4.5,0,0001,1.0,MARINE,11.342194,9.593903,984.0006,1.1329059163012305e-08,10,2025-09-11,20,47.574118581212076
2025-08-24 04:00:00,56.25,-3.75,0,0001,1.0,MARINE,12.562897,11.350006,997.665,1.619700212840441e-08,10,2025-09-11,17,11.428371968856487
2025-08-24 03:00:00,56.25,-3.75,0,0001,1.0,MARINE,13.785309,12.001862,997.7544,1.682817534279264e-08,10,2025-09-11,17,11.428371968856487
2025-08-23 00:00:00,56.0,-4.0,0,0001,1.0,MARINE,12.430084,10.018219,1002.6806,1.3579697366594583e-08,10,2025-09-11,19,22.40971949206606
2025-08-12 21:00:00,55.75,-4.0,0,0001,1.0,MARINE,19.617828,15.142242,992.8031,1.8899828369000926e-08,10,2025-09-11,29,46.7625883886154
2025-08-12 22:00:00,56.5,-4.0,0,0001,1.0,MARINE,17.347809,12.690338,973.3719,1.280458147845396e-08,10,2025-09-11,29,42.067983644053655
2025-08-14 01:00:00,56.5,-3.75,0,0001,1.0,MARINE,14.661041,14.018707,979.6575,1.4885793612797494e-08,10,2025-09-11,27,39.225695757903125
2025-08-13 21:00:00,56.5,-4.25,0,0001,1.0,MARINE,15.8368225,14.398346,964.4075,1.6603697111650196e-08,10,2025-09-11,28,49.759117182693004
2025-08-14 00:00:00,56.5,-3.75,0,0001,1.0,MARINE,15.975494,14.673248,979.9487,1.5390044572072402e-08,10,2025-09-11,28,39.225695757903125
2025-08-13 22:00:00,56.5,-3.75,0,0001,1.0,MARINE,17.911285,15.267975,980.02124,1.5388011309625094e-08,10,2025-09-11,28,39.225695757903125
2025-08-12 05:00:00,56.25,-3.75,0,0001,1.0,MARINE,13.819,13.383942,995.2225,1.1820219044297085e-08,10,2025-09-11,29,11.428371968856487
2025-08-16 15:00:00,56.25,-3.25,0,0001,1.0,MARINE,20.8815,14.226471,1020.23065,1.3683609592640847e-08,10,2025-09-11,25,33.172481753670645
2025-08-16 19:00:00,56.0,-4.5,0,0001,1.0,MARINE,19.902496,15.914459,1009.3225,2.105031793320236e-08,10,2025-09-11,25,49.1395559556115
2025-08-16 20:00:00,56.0,-4.5,0,0001,1.0,MARINE,17.150055,14.384186,1009.2725,2.1248889758851558e-08,10,2025-09-11,25,49.1395559556115
2025-08-16 12:00:00,56.5,-3.5,0,0001,1.0,MARINE,18.12564,13.449371,1004.9981,1.2380914071741339e-08,10,2025-09-11,25,42.22312954711918
2025-08-16 12:00:00,56.5,-3.75,0,0001,1.0,MARINE,17.990875,13.570465,997.0681,1.2615172906294067e-08,10,2025-09-11,25,39.225695757903125
2025-08-16 12:00:00,56.5,-4.0,0,0001,1.0,MARINE,17.799469,13.650543,988.5681,1.2569245200211378e-08,10,2025-09-11,25,42.067983644053655
2025-08-16 11:00:00,56.5,-3.5,0,0001,1.0,MARINE,17.27481,13.431549,1005.27313,1.2027304284456623e-08,10,2025-09-11,25,42.22312954711918
2025-08-16 11:00:00,56.5,-4.0,0,0001,1.0,MARINE,16.884186,13.333893,988.7631,1.215146478809427e-08,10,2025-09-11,25,42.067983644053655
2025-08-16 10:00:00,56.25,-3.75,0,0001,1.0,MARINE,16.15738,13.190338,1008.8575,1.4991586277935055e-08,10,2025-09-11,25,11.428371968856487
2025-08-16 10:00:00,56.5,-3.5,0,0001,1.0,MARINE,15.590973,12.948151,1005.3875,1.1673694497171915e-08,10,2025-09-11,25,42.22312954711918
2025-08-16 10:00:00,56.5,-3.75,0,0001,1.0,MARINE,15.52066,12.942291,997.4275,1.1886647897455982e-08,10,2025-09-11,25,39.225695757903125
2025-08-16 09:00:00,56.5,-3.5,0,0001,1.0,MARINE,15.063629,12.674713,1005.5675,1.1320084709887201e-08,10,2025-09-11,25,42.22312954711918
2025-08-16 09:00:00,56.5,-3.75,0,0001,1.0,MARINE,14.798004,12.893463,997.5875,1.152238539303694e-08,10,2025-09-11,25,39.225695757903125
2025-08-16 09:00:00,56.5,-4.0,0,0001,1.0,MARINE,14.571442,13.01651,989.0475,1.131590396386006e-08,10,2025-09-11,25,42.067983644053655
2025-08-16 08:00:00,56.5,-3.5,0,0001,1.0,MARINE,14.435455,12.3368225,1005.4344,1.0966474922602488e-08,10,2025-09-11,25,42.22312954711918
2025-06-20 06:00:00,56.09999999999996,-3.800000000000014,0,0001,1.0,LAND,14.19754,13.18045,1007.59125,1.5655764726286212e-08,11,2025-08-30,70,5.993353744661033
2025-06-20 06:00:00,56.09999999999996,-3.900000000000014,0,0001,1.0,LAND,14.199493,13.246857,1008.6813,1.601725570926698e-08,11,2025-08-30,70,10.493262729171175
2025-06-20 05:00:00,55.99999999999996,-3.800000000000014,0,0001,1.0,LAND,13.472809,12.213654,1009.6,1.6422386598749588e-08,11,2025-08-30,70,16.625373650183587
2025-06-20 05:00:00,55.99999999999996,-3.900000000000014,0,0001,1.0,LAND,13.127106,11.93631,1005.58,1.6774589291685832e-08,11,2025-08-30,70,18.729227799508397
2025-06-20 02:00:00,55.99999999999996,-3.600000000000014,0,0001,1.0,LAND,14.874664,12.795685,1015.8738,1.511214338852488e-08,11,2025-08-30,70,18.940262614255058
2025-06-20 02:00:00,55.99999999999996,-3.700000000000014,0,0001,1.0,LAND,14.599274,12.813263,1013.84375,1.546123351570042e-08,11,2025-08-30,70,16.704876798041294
2025-06-19 04:00:00,55.99999999999996,-4.300000000000013,0,0001,1.0,LAND,8.608551,8.511871,1004.5744,1.171520421413187e-08,11,2025-08-30,71,37.66443917532765
2025-06-19 03:00:00,55.99999999999996,-4.500000000000012,0,0001,1.0,LAND,10.179596,10.034821,1014.97626,1.1473595962208177e-08,11,2025-08-30,71,49.13955595561383
2025-06-19 04:00:00,55.899999999999956,-4.300000000000013,0,0001,1.0,LAND,9.038239,8.941559,1009.8544,1.1804855315489312e-08,11,2025-08-30,71,43.69593849035156
2025-06-19 05:00:00,55.99999999999996,-4.100000000000014,0,0001,1.0,LAND,8.695465,8.224274,1000.7175,1.1722308272214301e-08,11,2025-08-30,71,27.030305079630224
2025-06-19 07:00:00,56.09999999999996,-3.4000000000000137,0,0001,1.0,LAND,12.744537,10.826569,1016.65436,9.662741699371853e-09,11,2025-08-30,71,22.527295305734203
2025-06-19 07:00:00,56.09999999999996,-3.5000000000000138,0,0001,1.0,LAND,12.420319,10.670319,1012.71436,1.0272956864806385e-08,11,2025-08-30,71,16.563299958390772
2025-06-19 06:00:00,55.99999999999996,-3.800000000000014,0,0001,1.0,LAND,10.89566,10.316071,1014.02686,1.161046592201817e-08,11,2025-08-30,71,16.625373650183587
2025-06-19 06:00:00,55.99999999999996,-3.900000000000014,0,0001,1.0,LAND,10.602692,10.130524,1009.9369,1.1635351127026e-08,11,2025-08-30,71,18.729227799508397
2025-06-19 05:00:00,55.899999999999956,-4.100000000000014,0,0001,1.0,LAND,8.800934,8.421539,1005.4875,1.1623001274404105e-08,11,2025-08-30,71,34.922513483196234
2025-06-19 05:00:00,55.99999999999996,-4.000000000000014,0,0001,1.0,LAND,8.859528,8.417633,1003.9975,1.1719049878659294e-08,11,2025-08-30,71,22.40971949207013
2025-06-14 01:00:00,56.29999999999996,-3.1000000000000134,0,0001,1.0,LAND,14.17276,11.548981,1006.76935,1.3550268536851843e-08,11,2025-08-30,76,43.82092954958045
2025-06-14 17:00:00,56.19999999999996,-4.2000000000000135,0,0001,1.0,LAND,14.383453,12.585968,990.08435,1.1871211948640704e-08,11,2025-08-30,76,28.257616145984883
2025-06-14 18:00:00,56.29999999999996,-3.600000000000014,0,0001,1.0,LAND,14.114899,12.569122,986.26,1.1032621261009016e-08,11,2025-08-30,76,19.455171464778655
2025-06-14 18:00:00,56.29999999999996,-3.5000000000000138,0,0001,1.0,LAND,14.152008,12.53006,986.77,1.0955677254287402e-08,11,2025-08-30,76,23.10836038398962
2025-06-20 03:00:00,56.0,-3.5,0,0001,1.0,MARINE,12.070465,11.136383,1008.4913,1.3779805130287259e-08,11,2025-08-30,70,22.703409415180072
2025-06-20 02:00:00,56.0,-3.5,0,0001,1.0,MARINE,13.731598,11.950836,1008.9363,1.3501106344015981e-08,11,2025-08-30,70,22.703409415180072
2025-06-20 01:00:00,56.0,-3.5,0,0001,1.0,MARINE,14.478912,12.173248,1008.96875,1.3222407557744708e-08,11,2025-08-30,70,22.703409415180072
2025-06-20 02:00:00,56.0,-3.25,0,0001,1.0,MARINE,14.122223,12.325836,1007.95624,9.473513732742189e-09,11,2025-08-30,70,35.27363463791916
2025-06-19 01:00:00,56.0,-4.5,0,0001,1.0,MARINE,11.372223,10.285309,1007.33124,1.131426260088852e-08,11,2025-08-30,71,49.1395559556115
2025-06-19 02:00:00,56.0,-4.5,0,0001,1.0,MARINE,10.778717,10.070709,1007.53375,1.1393929281548315e-08,11,2025-08-30,71,49.1395559556115
2025-06-19 03:00:00,56.0,-4.25,0,0001,1.0,MARINE,9.711334,9.356842,1006.4125,1.1724098969434506e-08,11,2025-08-30,71,34.89600165521449
2025-06-19 07:00:00,56.0,-3.25,0,0001,1.0,MARINE,13.939117,11.303619,1011.9338,9.17122881342417e-09,11,2025-08-30,71,35.27363463791916
2025-06-19 07:00:00,56.0,-3.5,0,0001,1.0,MARINE,13.898102,11.549713,1012.9437,1.0803269982299408e-08,11,2025-08-30,71,22.703409415180072
2025-06-19 06:00:00,56.0,-3.5,0,0001,1.0,MARINE,11.654938,10.674469,1012.8644,1.0880695455739406e-08,11,2025-08-30,71,22.703409415180072
2025-06-19 04:00:00,56.0,-4.0,0,0001,1.0,MARINE,8.487946,8.208649,1008.6169,1.177786342528481e-08,11,2025-08-30,71,22.40971949206606
2025-06-19 04:00:00,56.0,-4.25,0,0001,1.0,MARINE,8.394196,8.13443,1006.5469,1.1725647415990666e-08,11,2025-08-30,71,34.89600165521449
2025-06-19 05:00:00,56.0,-3.75,0,0001,1.0,MARINE,9.476715,9.075836,1011.425,1.1685459063344844e-08,11,2025-08-30,71,16.373732848233665
2025-07-19 01:00:00,56.499999999999964,-3.800000000000014,0,0001,1.0,LAND,14.48111,12.1666565,965.70874,9.499789362562308e-09,11,2025-08-30,41,39.33003207339715
2025-07-30 01:00:00,56.19999999999996,-3.3000000000000136,0,0001,1.0,LAND,13.582184,11.593536,996.9437,1.247466396847616e-08,11,2025-08-30,30,28.67434139991308
2025-07-24 03:00:00,56.39999999999996,-3.1000000000000134,0,0001,1.0,LAND,15.345001,13.907623,1006.765,1.3664279485681163e-08,11,2025-08-30,36,49.16708242349585
2025-07-02 11:00:00,55.99999999999996,-3.5000000000000138,0,0001,1.0,LAND,12.467926,10.879547,1013.8256,1.333822657878497e-08,11,2025-08-30,58,22.703409415182904
2025-07-02 10:00:00,56.09999999999996,-3.700000000000014,0,0001,1.0,LAND,12.300934,10.216705,1006.0469,1.4817294280433543e-08,11,2025-08-30,58,6.209934430601996
2025-07-02 04:00:00,56.499999999999964,-4.2000000000000135,0,0001,1.0,LAND,9.142487,8.263824,960.9525,1.0517077357145603e-08,11,2025-08-30,58,47.92393602562079
2025-07-02 09:00:00,56.29999999999996,-3.900000000000014,0,0001,1.0,LAND,12.2743225,9.546783,992.5538,1.5777365747204847e-08,11,2025-08-30,58,19.251388021854765
2025-07-02 09:00:00,56.19999999999996,-4.000000000000014,0,0001,1.0,LAND,12.495026,9.964752,999.22375,1.6066049379759108e-08,11,2025-08-30,58,16.350722740039238
2025-07-11 22:00:00,56.19999999999996,-4.2000000000000135,0,0001,1.0,LAND,19.986969,15.652252,999.8719,9.517097312774803e-09,11,2025-08-30,49,28.257616145984883
2025-07-30 01:00:00,56.0,-3.0,0,0001,1.0,MARINE,13.575104,12.598541,1004.755,1.4271893370813277e-08,11,2025-08-30,30,49.54233622779171
2025-07-30 00:00:00,56.0,-3.0,0,0001,1.0,MARINE,13.8815,12.698395,1004.7356,1.4762002287227335e-08,11,2025-08-30,31,49.54233622779171
2025-07-29 23:00:00,56.0,-3.0,0,0001,1.0,MARINE,14.511139,12.82608,1004.8125,1.4219761590439237e-08,11,2025-08-30,31,49.54233622779171
2025-07-29 16:00:00,56.0,-3.25,0,0001,1.0,MARINE,20.207916,11.396637,1003.15936,1.073690373646711e-08,11,2025-08-30,31,35.27363463791916
2025-07-23 15:00:00,56.0,-3.0,0,0001,1.0,MARINE,18.569977,13.044586,1002.07623,1.2139528049459503e-08,11,2025-08-30,37,49.54233622779171
2025-07-24 15:00:00,56.0,-3.0,0,0001,1.0,MARINE,19.271149,13.49234,1005.53815,1.4291297034674214e-08,11,2025-08-30,36,49.54233622779171
2025-08-22 04:00:00,56.29999999999996,-3.800000000000014,0,0001,1.0,LAND,11.044342,10.647369,995.8269,1.413382892205027e-08,11,2025-08-30,7,17.228273892784127
2025-08-22 04:00:00,56.29999999999996,-3.700000000000014,0,0001,1.0,LAND,10.921295,10.4149475,994.28687,1.5217914484110627e-08,11,2025-08-30,7,17.304412014126722
2025-08-22 04:00:00,56.29999999999996,-3.600000000000014,0,0001,1.0,LAND,10.772858,10.114166,995.72687,1.630200004617098e-08,11,2025-08-30,7,19.455171464778655
2025-08-22 04:00:00,56.29999999999996,-3.5000000000000138,0,0001,1.0,LAND,10.663483,9.870026,996.28687,1.5877069066879024e-08,11,2025-08-30,7,23.10836038398962
2025-08-22 04:00:00,56.29999999999996,-3.4000000000000137,0,0001,1.0,LAND,10.712311,9.76651,999.4469,1.5452138087586753e-08,11,2025-08-30,7,27.675263623546893
2025-08-22 04:00:00,56.19999999999996,-3.700000000000014,0,0001,1.0,LAND,10.487701,9.897369,989.58685,1.422186353868375e-08,11,2025-08-30,7,6.734973972086425
2025-08-22 04:00:00,56.19999999999996,-3.600000000000014,0,0001,1.0,LAND,10.208405,9.500885,987.0469,1.5057840307974026e-08,11,2025-08-30,7,11.163673066424996
2025-08-22 04:00:00,56.19999999999996,-3.5000000000000138,0,0001,1.0,LAND,10.165436,9.293854,986.5669,1.5128997906306614e-08,11,2025-08-30,7,16.748932673435633
2025-08-22 05:00:00,56.29999999999996,-3.800000000000014,0,0001,1.0,LAND,10.899811,10.589264,995.71,1.2853502614114324e-08,11,2025-08-30,7,17.228273892784127
2025-08-22 05:00:00,56.29999999999996,-3.600000000000014,0,0001,1.0,LAND,10.622467,10.034576,995.63,1.4787837880150995e-08,11,2025-08-30,7,19.455171464778655
2025-08-22 05:00:00,56.29999999999996,-3.5000000000000138,0,0001,1.0,LAND,10.53653,9.78653,996.17,1.4487507897046446e-08,11,2025-08-30,7,23.10836038398962
2025-08-22 05:00:00,56.19999999999996,-3.800000000000014,0,0001,1.0,LAND,10.614655,10.233795,994.02,1.222215303039034e-08,11,2025-08-30,7,6.536340455292928
2025-08-22 05:00:00,56.19999999999996,-3.700000000000014,0,0001,1.0,LAND,10.388092,9.884186,989.48,1.2975145606089795e-08,11,2025-08-30,7,6.734973972086425
2025-08-22 05:00:00,56.19999999999996,-3.600000000000014,0,0001,1.0,LAND,10.266998,9.565826,986.94,1.3728138181789252e-08,11,2025-08-30,7,11.163673066424996
2025-08-22 05:00:00,56.19999999999996,-3.5000000000000138,0,0001,1.0,LAND,10.24942,9.352936,986.46,1.3863579987708494e-08,11,2025-08-30,7,16.748932673435633
2025-08-22 06:00:00,56.29999999999996,-3.700000000000014,0,0001,1.0,LAND,10.813629,10.374664,994.32623,1.2423426010154694e-08,11,2025-08-30,7,17.304412014126722
2025-08-22 05:00:00,56.29999999999996,-3.700000000000014,0,0001,1.0,LAND,10.765045,10.34317,994.17,1.3820670247132656e-08,11,2025-08-30,7,17.304412014126722
2025-08-22 03:00:00,56.29999999999996,-3.800000000000014,0,0001,1.0,LAND,11.404205,10.710114,996.1813,1.541415522998621e-08,11,2025-08-30,7,17.228273892784127
2025-08-22 03:00:00,56.29999999999996,-3.700000000000014,0,0001,1.0,LAND,11.324127,10.524567,994.64124,1.66151587210886e-08,11,2025-08-30,7,17.304412014126722
2025-08-22 03:00:00,56.29999999999996,-3.600000000000014,0,0001,1.0,LAND,11.23233,10.284332,996.09125,1.7816162212190976e-08,11,2025-08-30,7,19.455171464778655
2025-08-22 03:00:00,56.29999999999996,-3.5000000000000138,0,0001,1.0,LAND,11.11319,10.069489,996.65125,1.72666302367116e-08,11,2025-08-30,7,23.10836038398962
2025-08-22 03:00:00,56.29999999999996,-3.4000000000000137,0,0001,1.0,LAND,11.150299,9.991364,999.8113,1.6717098261231858e-08,11,2025-08-30,7,27.675263623546893
2025-08-22 03:00:00,56.29999999999996,-3.3000000000000136,0,0001,1.0,LAND,11.433502,10.001129,1002.27124,1.6167566285752124e-08,11,2025-08-30,7,32.776133078680004
2025-08-22 03:00:00,56.29999999999996,-3.2000000000000135,0,0001,1.0,LAND,11.818268,10.05777,1006.0613,1.5618034310272386e-08,11,2025-08-30,7,38.197640235053164
2025-08-22 03:00:00,56.29999999999996,-3.1000000000000134,0,0001,1.0,LAND,12.167877,10.010895,1008.65125,1.4691305560977217e-08,11,2025-08-30,7,43.82092954958045
2025-08-22 03:00:00,56.19999999999996,-3.4000000000000137,0,0001,1.0,LAND,10.902252,9.577301,992.5712,1.6401289215650484e-08,11,2025-08-30,7,22.650761461140704
2025-08-22 06:00:00,56.29999999999996,-3.600000000000014,0,0001,1.0,LAND,10.780426,10.126617,995.77625,1.3273675714131002e-08,11,2025-08-30,7,19.455171464778655
2025-08-22 06:00:00,56.29999999999996,-3.5000000000000138,0,0001,1.0,LAND,10.715973,9.878571,996.3162,1.3097946727213872e-08,11,2025-08-30,7,23.10836038398962
2025-08-22 21:00:00,55.899999999999956,-3.4000000000000137,0,0001,1.0,LAND,13.440826,9.816559,998.1188,1.4874774356687032e-08,11,2025-08-30,7,35.18776626173998
2025-08-22 22:00:00,55.899999999999956,-3.4000000000000137,0,0001,1.0,LAND,12.880768,9.6979065,998.27435,1.5878616014633423e-08,11,2025-08-30,7,35.18776626173998
2025-08-22 23:00:00,55.899999999999956,-3.5000000000000138,0,0001,1.0,LAND,12.574371,9.691803,997.97186,1.6281137799055773e-08,11,2025-08-30,7,31.683314636941866
2025-08-22 23:00:00,55.899999999999956,-3.4000000000000137,0,0001,1.0,LAND,12.521637,9.750397,998.4819,1.6882457672579814e-08,11,2025-08-30,7,35.18776626173998
2025-08-23 00:00:00,55.899999999999956,-3.600000000000014,0,0001,1.0,LAND,12.241364,9.753326,998.5687,1.6678634029431075e-08,11,2025-08-30,7,29.09837795907814
2025-08-23 00:00:00,55.899999999999956,-3.5000000000000138,0,0001,1.0,LAND,12.077301,9.675201,997.8787,1.7282466679978673e-08,11,2025-08-30,7,31.683314636941866
2025-08-23 00:00:00,55.799999999999955,-3.3000000000000136,0,0001,1.0,LAND,10.465973,8.68692,985.39874,1.680009886761865e-08,11,2025-08-30,7,47.82087407335956
2025-08-22 22:00:00,55.899999999999956,-3.5000000000000138,0,0001,1.0,LAND,12.878815,9.6510315,997.78436,1.5279808918132876e-08,11,2025-08-30,7,31.683314636941866
2025-08-22 18:00:00,55.899999999999956,-3.4000000000000137,0,0001,1.0,LAND,16.702057,9.263092,997.1163,1.1863249382847856e-08,11,2025-08-30,7,35.18776626173998
2025-08-22 07:00:00,56.29999999999996,-3.800000000000014,0,0001,1.0,LAND,11.680206,10.890533,996.0513,1.0292849998242441e-08,11,2025-08-30,7,17.228273892784127
2025-08-22 07:00:00,56.29999999999996,-3.700000000000014,0,0001,1.0,LAND,11.594269,10.697174,994.5112,1.1026181773176727e-08,11,2025-08-30,7,17.304412014126722
2025-08-22 07:00:00,56.29999999999996,-3.600000000000014,0,0001,1.0,LAND,11.682159,10.431549,995.96124,1.1759513548111014e-08,11,2025-08-30,7,19.455171464778655
2025-08-22 07:00:00,56.29999999999996,-3.5000000000000138,0,0001,1.0,LAND,11.734894,10.10733,996.52124,1.17083855573813e-08,11,2025-08-30,7,23.10836038398962
2025-08-22 07:00:00,56.19999999999996,-3.700000000000014,0,0001,1.0,LAND,11.350128,10.310455,989.84125,1.0481709740901898e-08,11,2025-08-30,7,6.734973972086425
2025-08-22 07:00:00,56.19999999999996,-3.600000000000014,0,0001,1.0,LAND,11.227081,10.025299,987.3113,1.1068733929419717e-08,11,2025-08-30,7,11.163673066424996
2025-08-22 07:00:00,56.19999999999996,-3.5000000000000138,0,0001,1.0,LAND,11.209503,9.833893,986.84125,1.133274415051226e-08,11,2025-08-30,7,16.748932673435633
2025-08-22 07:00:00,56.19999999999996,-3.4000000000000137,0,0001,1.0,LAND,11.500519,9.871002,992.46124,1.159675437160474e-08,11,2025-08-30,7,22.650761461140704
2025-08-22 15:00:00,55.899999999999956,-3.3000000000000136,0,0001,1.0,LAND,16.360748,9.159088,998.6931,9.432942066344763e-09,11,2025-08-30,7,39.36692156183524
2025-08-22 17:00:00,55.899999999999956,-3.4000000000000137,0,0001,1.0,LAND,17.080719,8.930328,997.045,1.0859407724901464e-08,11,2025-08-30,7,35.18776626173998
2025-08-21 10:00:00,55.799999999999955,-3.3000000000000136,0,0001,1.0,LAND,12.913239,8.179352,986.0681,1.3508886823980016e-08,11,2025-08-30,8,47.82087407335956
2025-08-22 01:00:00,56.29999999999996,-3.5000000000000138,0,0001,1.0,LAND,12.021881,10.223785,996.7575,2.004575257637674e-08,11,2025-08-30,7,23.10836038398962
2025-08-22 01:00:00,56.29999999999996,-3.4000000000000137,0,0001,1.0,LAND,11.912506,10.11441,999.9075,1.9247018608522074e-08,11,2025-08-30,7,27.675263623546893
2025-08-22 01:00:00,56.19999999999996,-3.3000000000000136,0,0001,1.0,LAND,11.9652405,10.018707,998.4375,1.8681861613245733e-08,11,2025-08-30,7,28.67434139991308
2025-08-22 02:00:00,56.29999999999996,-3.600000000000014,0,0001,1.0,LAND,11.64151,10.4086,996.2475,1.9330324378210973e-08,11,2025-08-30,7,19.455171464778655
2025-08-22 02:00:00,56.29999999999996,-3.5000000000000138,0,0001,1.0,LAND,11.375885,10.103912,996.7975,1.8656191406544173e-08,11,2025-08-30,7,23.10836038398962
2025-08-22 02:00:00,56.29999999999996,-3.4000000000000137,0,0001,1.0,LAND,11.2743225,9.945709,999.9575,1.7982058434876973e-08,11,2025-08-30,7,27.675263623546893
2025-08-22 02:00:00,56.29999999999996,-3.3000000000000136,0,0001,1.0,LAND,11.512604,10.010162,1002.4275,1.730792546320977e-08,11,2025-08-30,7,32.776133078680004
2025-08-22 02:00:00,56.29999999999996,-3.2000000000000135,0,0001,1.0,LAND,11.86026,10.082428,1006.2075,1.6633792491542565e-08,11,2025-08-30,7,38.197640235053164
2025-08-23 01:00:00,55.99999999999996,-4.100000000000014,0,0001,1.0,LAND,12.474274,9.694489,995.17377,1.2319381403890968e-08,11,2025-08-30,6,27.030305079630224
2025-08-21 11:00:00,55.99999999999996,-3.600000000000014,0,0001,1.0,LAND,15.53775,8.9808655,1014.3181,1.7252992960218734e-08,11,2025-08-30,8,18.940262614255058
2025-08-21 13:00:00,55.99999999999996,-3.600000000000014,0,0001,1.0,LAND,16.300201,8.7118225,1014.2775,1.7765989124285487e-08,11,2025-08-30,8,18.940262614255058
2025-08-21 13:00:00,55.99999999999996,-3.5000000000000138,0,0001,1.0,LAND,16.237701,8.717682,1016.5975,1.6957226400826698e-08,11,2025-08-30,8,22.703409415182904
2025-08-21 13:00:00,55.99999999999996,-3.4000000000000137,0,0001,1.0,LAND,16.128326,8.553619,1016.6175,1.614846367736794e-08,11,2025-08-30,8,27.37126839771302
2025-08-21 14:00:00,55.99999999999996,-3.5000000000000138,0,0001,1.0,LAND,16.629059,8.844635,1016.2631,1.7024876841631457e-08,11,2025-08-30,8,22.703409415182904
2025-08-21 14:00:00,55.99999999999996,-3.4000000000000137,0,0001,1.0,LAND,16.572418,8.67276,1016.28314,1.6406795477763564e-08,11,2025-08-30,8,27.37126839771302
2025-08-21 14:00:00,55.99999999999996,-3.3000000000000136,0,0001,1.0,LAND,16.566559,8.479401,1015.97314,1.578871411389568e-08,11,2025-08-30,8,32.55699097817271
2025-08-23 01:00:00,55.899999999999956,-3.800000000000014,0,0001,1.0,LAND,12.159821,9.768707,998.98376,1.4103716657516344e-08,11,2025-08-30,6,27.643661592599994
2025-08-23 01:00:00,55.899999999999956,-3.600000000000014,0,0001,1.0,LAND,11.864899,9.74527,998.5538,1.580327280148339e-08,11,2025-08-30,6,29.09837795907814
2025-08-24 03:00:00,56.19999999999996,-3.2000000000000135,0,0001,1.0,LAND,13.494293,11.703033,1004.2581,1.3412629118470844e-08,11,2025-08-30,5,34.75641920028417
2025-08-24 04:00:00,56.09999999999996,-3.600000000000014,0,0001,1.0,LAND,13.952789,12.047272,1004.44,1.935279225762211e-08,11,2025-08-30,5,10.86450858184678
2025-08-23 01:00:00,55.899999999999956,-3.5000000000000138,0,0001,1.0,LAND,11.700836,9.64566,997.85376,1.6339338299030715e-08,11,2025-08-30,6,31.683314636941866
2025-08-23 01:00:00,55.899999999999956,-3.4000000000000137,0,0001,1.0,LAND,11.605133,9.674957,998.3638,1.6875403796577984e-08,11,2025-08-30,6,35.18776626173998
2025-08-23 01:00:00,55.799999999999955,-3.700000000000014,0,0001,1.0,LAND,10.749664,8.967926,992.1238,1.358455979187099e-08,11,2025-08-30,6,38.754235783733385
2025-08-23 01:00:00,55.799999999999955,-3.4000000000000137,0,0001,1.0,LAND,10.200836,8.469879,986.0538,1.5264745615675545e-08,11,2025-08-30,6,44.43485924542433
2025-08-23 01:00:00,55.799999999999955,-3.3000000000000136,0,0001,1.0,LAND,10.138336,8.467926,985.3638,1.5818047964058352e-08,11,2025-08-30,6,47.82087407335956
2025-08-23 02:00:00,55.899999999999956,-3.5000000000000138,0,0001,1.0,LAND,11.490875,9.621735,997.8156,1.5396209918082764e-08,11,2025-08-30,6,31.683314636941866
2025-08-23 02:00:00,55.899999999999956,-3.4000000000000137,0,0001,1.0,LAND,11.410797,9.6510315,998.33563,1.586450826262976e-08,11,2025-08-30,6,35.18776626173998
2025-08-23 02:00:00,55.799999999999955,-3.700000000000014,0,0001,1.0,LAND,11.207672,8.852203,992.04565,1.280677493683085e-08,11,2025-08-30,6,38.754235783733385
2025-08-23 02:00:00,55.799999999999955,-3.600000000000014,0,0001,1.0,LAND,10.98111,8.656891,989.1856,1.3345685519656437e-08,11,2025-08-30,6,39.77415872876998
2025-08-23 02:00:00,55.799999999999955,-3.5000000000000138,0,0001,1.0,LAND,10.758453,8.457672,986.3856,1.3842456033270315e-08,11,2025-08-30,6,41.707382888876346
2025-08-23 02:00:00,55.799999999999955,-3.4000000000000137,0,0001,1.0,LAND,10.6315,8.461578,986.02563,1.4339226546884186e-08,11,2025-08-30,6,44.43485924542433
2025-08-23 02:00:00,55.799999999999955,-3.3000000000000136,0,0001,1.0,LAND,10.473297,8.486969,985.33563,1.4835997060498056e-08,11,2025-08-30,6,47.82087407335956
2025-08-23 01:00:00,55.899999999999956,-3.700000000000014,0,0001,1.0,LAND,12.011383,9.788239,998.66376,1.4953494729499863e-08,11,2025-08-30,6,27.691672828139428
2025-08-12 06:00:00,55.99999999999996,-4.000000000000014,0,0001,1.0,LAND,14.206818,13.619293,994.21375,1.3003934151711182e-08,11,2025-08-30,17,22.40971949207013
2025-08-12 07:00:00,56.09999999999996,-3.900000000000014,0,0001,1.0,LAND,15.943756,15.275299,1003.2656,1.10732856587845e-08,11,2025-08-30,17,10.493262729171175
2025-08-12 07:00:00,56.09999999999996,-3.800000000000014,0,0001,1.0,LAND,15.920319,15.189362,1002.1956,1.1387410162970499e-08,11,2025-08-30,17,5.993353744661033
2025-08-12 23:00:00,56.09999999999996,-3.800000000000014,0,0001,1.0,LAND,19.427155,15.581696,999.1381,2.5141883427024527e-08,11,2025-08-30,17,5.993353744661033
2025-08-13 00:00:00,56.09999999999996,-3.800000000000014,0,0001,1.0,LAND,18.808014,15.561188,999.07623,2.6897355454026905e-08,11,2025-08-30,17,5.993353744661033
2025-08-13 01:00:00,56.09999999999996,-3.700000000000014,0,0001,1.0,LAND,18.336578,15.772614,1001.1406,2.691221326345406e-08,11,2025-08-30,16,6.209934430601996
2025-08-12 22:00:00,56.499999999999964,-4.100000000000014,0,0001,1.0,LAND,17.645416,13.128937,957.8006,1.2389355402709104e-08,11,2025-08-30,17,44.66759555203677
2025-08-13 02:00:00,56.09999999999996,-3.700000000000014,0,0001,1.0,LAND,17.760406,15.678375,1000.895,2.5959587646175217e-08,11,2025-08-30,16,6.209934430601996
2025-08-13 04:00:00,56.09999999999996,-3.3000000000000136,0,0001,1.0,LAND,16.855621,15.813873,1004.9913,2.0884091012086696e-08,11,2025-08-30,16,28.591002816257365
2025-08-13 02:00:00,56.09999999999996,-3.600000000000014,0,0001,1.0,LAND,17.56314,15.596344,998.485,2.674129251367821e-08,11,2025-08-30,16,10.86450858184678
2025-08-16 12:00:00,56.39999999999996,-3.4000000000000137,0,0001,1.0,LAND,17.52774,12.9635315,1020.26685,1.2699915785675129e-08,11,2025-08-30,13,35.58185913326188
2025-08-14 00:00:00,56.499999999999964,-4.2000000000000135,0,0001,1.0,LAND,16.478424,15.989288,956.365,1.694115248085417e-08,11,2025-08-30,16,47.92393602562079
2025-08-14 01:00:00,56.19999999999996,-3.3000000000000136,0,0001,1.0,LAND,17.484772,16.453278,990.6163,1.6412373534300268e-08,11,2025-08-30,15,28.67434139991308
2025-08-13 23:00:00,56.499999999999964,-4.100000000000014,0,0001,1.0,LAND,17.440094,16.221954,956.1969,1.6632372275745547e-08,11,2025-08-30,16,44.66759555203677
2025-08-13 22:00:00,56.39999999999996,-4.000000000000014,0,0001,1.0,LAND,19.192291,17.074615,971.5,1.7095691973169365e-08,11,2025-08-30,16,31.963100330552695
2025-08-13 22:00:00,56.499999999999964,-4.100000000000014,0,0001,1.0,LAND,18.243073,16.428131,956.25,1.6516105187196105e-08,11,2025-08-30,16,44.66759555203677
2025-08-16 12:00:00,56.39999999999996,-3.3000000000000136,0,0001,1.0,LAND,17.457428,12.91861,1019.72687,1.242140701407443e-08,11,2025-08-30,13,39.66883634104958
2025-08-13 22:00:00,56.499999999999964,-4.000000000000014,0,0001,1.0,LAND,18.545807,16.369537,957.79,1.6361330142563592e-08,11,2025-08-30,16,42.067983644050294
2025-08-16 10:00:00,56.499999999999964,-4.100000000000014,0,0001,1.0,LAND,14.827301,12.124908,972.7356,1.1706931965505356e-08,11,2025-08-30,13,44.66759555203677
2025-08-16 10:00:00,56.499999999999964,-4.000000000000014,0,0001,1.0,LAND,14.876129,12.203033,974.3856,1.1733684375977444e-08,11,2025-08-30,13,42.067983644050294
2025-08-16 10:00:00,56.499999999999964,-3.900000000000014,0,0001,1.0,LAND,14.92691,12.271393,977.4356,1.1794869784568953e-08,11,2025-08-30,13,40.25254757506921
2025-08-16 10:00:00,56.39999999999996,-4.000000000000014,0,0001,1.0,LAND,15.12027,12.349518,988.6256,1.253302380395936e-08,11,2025-08-30,13,31.963100330552695
2025-08-16 10:00:00,56.39999999999996,-3.900000000000014,0,0001,1.0,LAND,15.186676,12.433502,993.2356,1.2560657181027409e-08,11,2025-08-30,13,29.526237994276364
2025-08-16 10:00:00,56.39999999999996,-3.800000000000014,0,0001,1.0,LAND,15.24527,12.515533,1002.1956,1.2588290558095455e-08,11,2025-08-30,13,28.252244396515916
2025-08-16 10:00:00,56.39999999999996,-3.700000000000014,0,0001,1.0,LAND,15.315582,12.540924,1009.3256,1.2615923935163502e-08,11,2025-08-30,13,28.29861635985469
2025-08-16 10:00:00,56.39999999999996,-3.600000000000014,0,0001,1.0,LAND,15.397614,12.525299,1016.8256,1.2643557312231548e-08,11,2025-08-30,13,29.659161281032677
2025-08-16 10:00:00,56.39999999999996,-3.5000000000000138,0,0001,1.0,LAND,15.442535,12.511627,1019.6856,1.2285474693119695e-08,11,2025-08-30,13,32.16755550739848
2025-08-16 11:00:00,56.499999999999964,-3.800000000000014,0,0001,1.0,LAND,16.261139,12.654449,985.5725,1.2231021279119105e-08,11,2025-08-30,13,39.33003207339715
2025-08-16 11:00:00,56.499999999999964,-3.700000000000014,0,0001,1.0,LAND,16.354889,12.730621,994.7225,1.2270799524631402e-08,11,2025-08-30,13,39.36326857093194
2025-08-16 11:00:00,56.499999999999964,-3.600000000000014,0,0001,1.0,LAND,16.464264,12.781403,1005.1625,1.2310577770143701e-08,11,2025-08-30,13,40.34989528913585
2025-08-16 11:00:00,56.39999999999996,-3.5000000000000138,0,0001,1.0,LAND,16.702545,12.884918,1019.2825,1.2631949625197758e-08,11,2025-08-30,13,32.16755550739848
2025-08-16 11:00:00,56.39999999999996,-3.4000000000000137,0,0001,1.0,LAND,16.737701,12.871246,1020.4425,1.2313653929841445e-08,11,2025-08-30,13,35.58185913326188
2025-08-16 11:00:00,56.39999999999996,-3.3000000000000136,0,0001,1.0,LAND,16.684967,12.816559,1019.9025,1.1995358234485131e-08,11,2025-08-30,13,39.66883634104958
2025-08-16 12:00:00,56.499999999999964,-3.600000000000014,0,0001,1.0,LAND,17.359772,12.848297,1005.0069,1.26427295299439e-08,11,2025-08-30,13,40.34989528913585
2025-08-16 12:00:00,56.499999999999964,-3.4000000000000137,0,0001,1.0,LAND,17.467194,12.766266,1016.77686,1.2119098613539212e-08,11,2025-08-30,13,44.87206751425793
2025-08-15 17:00:00,55.899999999999956,-3.4000000000000137,0,0001,1.0,LAND,19.60733,13.17984,1005.03,1.5198685356561786e-08,11,2025-08-30,14,35.18776626173998
2025-08-15 17:00:00,55.899999999999956,-3.3000000000000136,0,0001,1.0,LAND,19.660065,13.203278,1005.95,1.4913921889125735e-08,11,2025-08-30,14,39.36692156183524
2025-08-15 18:00:00,55.899999999999956,-3.4000000000000137,0,0001,1.0,LAND,19.100494,13.568756,1005.2438,1.4871597453503016e-08,11,2025-08-30,14,35.18776626173998
2025-08-22 02:00:00,56.25,-3.0,0,0001,1.0,MARINE,12.687653,10.359772,1015.4956,1.5119584658348363e-08,11,2025-08-30,7,47.98735621190846
2025-08-22 02:00:00,56.25,-3.25,0,0001,1.0,MARINE,11.746246,10.051178,1011.2656,1.7243582839388082e-08,11,2025-08-30,7,33.172481753670645
2025-08-22 02:00:00,56.25,-3.5,0,0001,1.0,MARINE,11.697418,10.310944,1004.4956,1.8158012575023847e-08,11,2025-08-30,7,19.399763296218577
2025-08-22 01:00:00,56.25,-3.25,0,0001,1.0,MARINE,12.453033,10.369049,1011.21875,1.8334965878885714e-08,11,2025-08-30,7,33.172481753670645
2025-08-22 01:00:00,56.25,-3.5,0,0001,1.0,MARINE,12.507721,10.61319,1004.41876,1.948550211923923e-08,11,2025-08-30,7,19.399763296218577
2025-08-22 05:00:00,56.25,-3.25,0,0001,1.0,MARINE,11.939117,9.848297,1010.60187,1.3969433720895166e-08,11,2025-08-30,7,33.172481753670645
2025-08-22 04:00:00,56.25,-3.0,0,0001,1.0,MARINE,12.4711,10.025055,1014.89685,1.3560290705131875e-08,11,2025-08-30,7,47.98735621190846
2025-08-22 04:00:00,56.25,-3.25,0,0001,1.0,MARINE,11.8089905,9.819977,1010.6869,1.5060816760392805e-08,11,2025-08-30,7,33.172481753670645
2025-08-22 03:00:00,56.25,-3.0,0,0001,1.0,MARINE,12.98941,10.278717,1015.2606,1.4339937681740118e-08,11,2025-08-30,7,47.98735621190846
2025-08-22 03:00:00,56.25,-3.25,0,0001,1.0,MARINE,12.434723,10.368561,1011.0506,1.6152199799890444e-08,11,2025-08-30,7,33.172481753670645
2025-08-22 03:00:00,56.25,-3.5,0,0001,1.0,MARINE,12.198395,10.602936,1004.28064,1.683052303080846e-08,11,2025-08-30,7,19.399763296218577
2025-08-21 11:00:00,56.0,-3.0,0,0001,1.0,MARINE,14.095856,8.863678,1007.7706,1.2337590874859455e-08,11,2025-08-30,8,49.54233622779171
2025-08-22 00:00:00,56.25,-3.25,0,0001,1.0,MARINE,13.154449,10.652008,1011.3738,1.9426348918383356e-08,11,2025-08-30,8,33.172481753670645
2025-08-22 17:00:00,56.0,-3.5,0,0001,1.0,MARINE,18.088287,10.524078,1005.6131,1.1116095340509305e-08,11,2025-08-30,7,22.703409415180072
2025-08-22 06:00:00,56.25,-3.25,0,0001,1.0,MARINE,12.435944,10.056793,1010.6262,1.2878050681397524e-08,11,2025-08-30,7,33.172481753670645
2025-08-22 06:00:00,56.25,-3.5,0,0001,1.0,MARINE,11.961334,10.314606,1003.85626,1.2848054398162323e-08,11,2025-08-30,7,19.399763296218577
2025-08-21 10:00:00,56.0,-3.0,0,0001,1.0,MARINE,13.672272,8.815338,1007.8106,1.2109459953298548e-08,11,2025-08-30,8,49.54233622779171
2025-08-21 02:00:00,56.25,-4.5,0,0001,1.0,MARINE,11.342194,9.593903,984.0006,1.1329059163012305e-08,11,2025-08-30,8,47.574118581212076
2025-08-24 04:00:00,56.25,-3.75,0,0001,1.0,MARINE,12.562897,11.350006,997.665,1.619700212840441e-08,11,2025-08-30,5,11.428371968856487
2025-08-24 03:00:00,56.25,-3.75,0,0001,1.0,MARINE,13.785309,12.001862,997.7544,1.682817534279264e-08,11,2025-08-30,5,11.428371968856487
2025-08-23 00:00:00,56.0,-4.0,0,0001,1.0,MARINE,12.430084,10.018219,1002.6806,1.3579697366594583e-08,11,2025-08-30,7,22.40971949206606
2025-08-12 21:00:00,55.75,-4.0,0,0001,1.0,MARINE,19.617828,15.142242,992.8031,1.8899828369000926e-08,11,2025-08-30,17,46.7625883886154
2025-08-12 22:00:00,56.5,-4.0,0,0001,1.0,MARINE,17.347809,12.690338,973.3719,1.280458147845396e-08,11,2025-08-30,17,42.067983644053655
2025-08-14 01:00:00,56.5,-3.75,0,0001,1.0,MARINE,14.661041,14.018707,979.6575,1.4885793612797494e-08,11,2025-08-30,15,39.225695757903125
2025-08-13 21:00:00,56.5,-4.25,0,0001,1.0,MARINE,15.8368225,14.398346,964.4075,1.6603697111650196e-08,11,2025-08-30,16,49.759117182693004
2025-08-14 00:00:00,56.5,-3.75,0,0001,1.0,MARINE,15.975494,14.673248,979.9487,1.5390044572072402e-08,11,2025-08-30,16,39.225695757903125
2025-08-13 22:00:00,56.5,-3.75,0,0001,1.0,MARINE,17.911285,15.267975,980.02124,1.5388011309625094e-08,11,2025-08-30,16,39.225695757903125
2025-08-12 05:00:00,56.25,-3.75,0,0001,1.0,MARINE,13.819,13.383942,995.2225,1.1820219044297085e-08,11,2025-08-30,17,11.428371968856487
2025-08-16 15:00:00,56.25,-3.25,0,0001,1.0,MARINE,20.8815,14.226471,1020.23065,1.3683609592640847e-08,11,2025-08-30,13,33.172481753670645
2025-08-16 19:00:00,56.0,-4.5,0,0001,1.0,MARINE,19.902496,15.914459,1009.3225,2.105031793320236e-08,11,2025-08-30,13,49.1395559556115
2025-08-16 20:00:00,56.0,-4.5,0,0001,1.0,MARINE,17.150055,14.384186,1009.2725,2.1248889758851558e-08,11,2025-08-30,13,49.1395559556115
2025-08-16 12:00:00,56.5,-3.5,0,0001,1.0,MARINE,18.12564,13.449371,1004.9981,1.2380914071741339e-08,11,2025-08-30,13,42.22312954711918
2025-08-16 12:00:00,56.5,-3.75,0,0001,1.0,MARINE,17.990875,13.570465,997.0681,1.2615172906294067e-08,11,2025-08-30,13,39.225695757903125
2025-08-16 12:00:00,56.5,-4.0,0,0001,1.0,MARINE,17.799469,13.650543,988.5681,1.2569245200211378e-08,11,2025-08-30,13,42.067983644053655
2025-08-16 11:00:00,56.5,-3.5,0,0001,1.0,MARINE,17.27481,13.431549,1005.27313,1.2027304284456623e-08,11,2025-08-30,13,42.22312954711918
2025-08-16 11:00:00,56.5,-4.0,0,0001,1.0,MARINE,16.884186,13.333893,988.7631,1.215146478809427e-08,11,2025-08-30,13,42.067983644053655
2025-08-16 10:00:00,56.25,-3.75,0,0001,1.0,MARINE,16.15738,13.190338,1008.8575,1.4991586277935055e-08,11,2025-08-30,13,11.428371968856487
2025-08-16 10:00:00,56.5,-3.5,0,0001,1.0,MARINE,15.590973,12.948151,1005.3875,1.1673694497171915e-08,11,2025-08-30,13,42.22312954711918
2025-08-16 10:00:00,56.5,-3.75,0,0001,1.0,MARINE,15.52066,12.942291,997.4275,1.1886647897455982e-08,11,2025-08-30,13,39.225695757903125
2025-08-16 09:00:00,56.5,-3.5,0,0001,1.0,MARINE,15.063629,12.674713,1005.5675,1.1320084709887201e-08,11,2025-08-30,13,42.22312954711918
2025-08-16 09:00:00,56.5,-3.75,0,0001,1.0,MARINE,14.798004,12.893463,997.5875,1.152238539303694e-08,11,2025-08-30,13,39.225695757903125
2025-08-16 09:00:00,56.5,-4.0,0,0001,1.0,MARINE,14.571442,13.01651,989.0475,1.131590396386006e-08,11,2025-08-30,13,42.067983644053655
2025-08-16 08:00:00,56.5,-3.5,0,0001,1.0,MARINE,14.435455,12.3368225,1005.4344,1.0966474922602488e-08,11,2025-08-30,13,42.22312954711918
2025-05-21 01:00:00,56.499999999999964,-3.5000000000000138,0,0001,1.0,LAND,10.704742,6.8962708,1002.09564,9.318859424863622e-09,12,2025-08-09,79,42.22312954711519
2025-05-21 01:00:00,56.499999999999964,-3.700000000000014,0,0001,1.0,LAND,10.140289,5.931427,983.6956,9.028441346822588e-09,12,2025-08-09,79,39.36326857093194
2025-05-21 00:00:00,55.799999999999955,-3.700000000000014,0,0001,1.0,LAND,11.053131,8.002472,990.78064,1.348845557469408e-08,12,2025-08-09,80,38.754235783733385
2025-05-21 01:00:00,56.499999999999964,-3.600000000000014,0,0001,1.0,LAND,10.499664,6.4685364,994.1756,9.524323968390671e-09,12,2025-08-09,79,40.34989528913585
2025-05-21 00:00:00,55.799999999999955,-3.800000000000014,0,0001,1.0,LAND,10.916412,8.711456,995.2006,1.3167846590888228e-08,12,2025-08-09,80,38.719855640516904
2025-05-20 23:00:00,55.799999999999955,-3.4000000000000137,0,0001,1.0,LAND,11.245514,7.486603,984.60565,1.1976703272649407e-08,12,2025-08-09,80,44.43485924542433
2025-05-20 22:00:00,56.09999999999996,-3.900000000000014,0,0001,1.0,LAND,13.398346,9.386139,1005.4194,1.2617192429732036e-08,12,2025-08-09,80,10.493262729171175
2025-05-20 06:00:00,55.99999999999996,-3.5000000000000138,0,0001,1.0,LAND,8.205963,6.945709,1019.77814,1.0986707543735782e-08,12,2025-08-09,80,22.703409415182904
2025-05-20 06:00:00,55.99999999999996,-3.600000000000014,0,0001,1.0,LAND,8.131744,6.896881,1017.4481,1.1057740501029637e-08,12,2025-08-09,80,18.940262614255058
2025-05-20 06:00:00,56.09999999999996,-3.700000000000014,0,0001,1.0,LAND,7.8055725,6.8753967,1011.72815,1.0207315603860973e-08,12,2025-08-09,80,6.209934430601996
2025-05-20 01:00:00,56.29999999999996,-3.4000000000000137,0,0001,1.0,LAND,7.99234,6.732086,1004.97687,1.1600060856320656e-08,12,2025-08-09,80,27.675263623546893
2025-05-20 01:00:00,56.29999999999996,-3.5000000000000138,0,0001,1.0,LAND,7.8263245,6.4742737,1001.78687,1.1565917362732672e-08,12,2025-08-09,80,23.10836038398962
2025-05-20 01:00:00,56.39999999999996,-3.3000000000000136,0,0001,1.0,LAND,8.422028,7.1910706,1014.5469,1.1300193706690856e-08,12,2025-08-09,80,39.66883634104958
2025-05-20 01:00:00,56.39999999999996,-3.4000000000000137,0,0001,1.0,LAND,8.464996,7.200836,1015.1669,1.1248569557291122e-08,12,2025-08-09,80,35.58185913326188
2025-05-11 05:00:00,56.09999999999996,-3.800000000000014,0,0001,1.0,LAND,8.924469,4.3172913,999.415,2.1084464470652177e-08,12,2025-08-09,89,5.993353744661033
2025-05-11 04:00:00,56.19999999999996,-3.800000000000014,0,0001,1.0,LAND,8.603424,3.6402893,988.9938,1.9611991142199393e-08,12,2025-08-09,89,6.536340455292928
2025-05-11 03:00:00,56.499999999999964,-3.800000000000014,0,0001,1.0,LAND,8.809723,2.9864807,969.90436,1.560029888603196e-08,12,2025-08-09,89,39.33003207339715
2025-05-11 03:00:00,56.19999999999996,-3.900000000000014,0,0001,1.0,LAND,9.112457,4.0919495,994.2944,1.88992408944883e-08,12,2025-08-09,89,10.803666891575661
2025-05-20 15:00:00,56.0,-3.25,0,0001,1.0,MARINE,19.653961,5.0489807,1005.85065,9.694109376345664e-09,12,2025-08-09,80,35.27363463791916
2025-05-20 15:00:00,56.0,-3.5,0,0001,1.0,MARINE,20.056305,4.3614807,1006.8906,1.0674149175659893e-08,12,2025-08-09,80,22.703409415180072
2025-05-20 14:00:00,56.0,-3.25,0,0001,1.0,MARINE,19.180817,5.5663147,1006.155,9.338596544209598e-09,12,2025-08-09,80,35.27363463791916
2025-05-20 22:00:00,56.0,-3.5,0,0001,1.0,MARINE,12.767731,7.2381897,1005.3206,1.4665998230670954e-08,12,2025-08-09,80,22.703409415180072
2025-05-20 03:00:00,56.25,-3.25,0,0001,1.0,MARINE,8.925934,6.981598,1015.9794,1.0994600722902304e-08,12,2025-08-09,80,33.172481753670645
2025-05-20 03:00:00,56.25,-3.5,0,0001,1.0,MARINE,8.144684,6.3624573,1009.1294,1.0884233694885617e-08,12,2025-08-09,80,19.399763296218577
2025-05-11 17:00:00,56.0,-4.25,0,0001,1.0,MARINE,18.025787,6.6908264,991.745,1.9208349577581974e-08,12,2025-08-09,89,34.89600165521449
2025-05-11 17:00:00,56.0,-4.5,0,0001,1.0,MARINE,17.318756,7.6127014,993.075,2.0463276813783342e-08,12,2025-08-09,89,49.1395559556115
2025-06-20 06:00:00,56.09999999999996,-3.800000000000014,0,0001,1.0,LAND,14.19754,13.18045,1007.59125,1.5655764726286212e-08,12,2025-08-09,49,5.993353744661033
2025-06-20 06:00:00,56.09999999999996,-3.900000000000014,0,0001,1.0,LAND,14.199493,13.246857,1008.6813,1.601725570926698e-08,12,2025-08-09,49,10.493262729171175
2025-06-20 05:00:00,55.99999999999996,-3.800000000000014,0,0001,1.0,LAND,13.472809,12.213654,1009.6,1.6422386598749588e-08,12,2025-08-09,49,16.625373650183587
2025-06-20 05:00:00,55.99999999999996,-3.900000000000014,0,0001,1.0,LAND,13.127106,11.93631,1005.58,1.6774589291685832e-08,12,2025-08-09,49,18.729227799508397
2025-06-20 02:00:00,55.99999999999996,-3.600000000000014,0,0001,1.0,LAND,14.874664,12.795685,1015.8738,1.511214338852488e-08,12,2025-08-09,49,18.940262614255058
2025-06-20 02:00:00,55.99999999999996,-3.700000000000014,0,0001,1.0,LAND,14.599274,12.813263,1013.84375,1.546123351570042e-08,12,2025-08-09,49,16.704876798041294
2025-06-19 04:00:00,55.99999999999996,-4.300000000000013,0,0001,1.0,LAND,8.608551,8.511871,1004.5744,1.171520421413187e-08,12,2025-08-09,50,37.66443917532765
2025-06-19 03:00:00,55.99999999999996,-4.500000000000012,0,0001,1.0,LAND,10.179596,10.034821,1014.97626,1.1473595962208177e-08,12,2025-08-09,50,49.13955595561383
2025-06-19 04:00:00,55.899999999999956,-4.300000000000013,0,0001,1.0,LAND,9.038239,8.941559,1009.8544,1.1804855315489312e-08,12,2025-08-09,50,43.69593849035156
2025-06-19 05:00:00,55.99999999999996,-4.100000000000014,0,0001,1.0,LAND,8.695465,8.224274,1000.7175,1.1722308272214301e-08,12,2025-08-09,50,27.030305079630224
2025-06-19 07:00:00,56.09999999999996,-3.4000000000000137,0,0001,1.0,LAND,12.744537,10.826569,1016.65436,9.662741699371853e-09,12,2025-08-09,50,22.527295305734203
2025-06-19 07:00:00,56.09999999999996,-3.5000000000000138,0,0001,1.0,LAND,12.420319,10.670319,1012.71436,1.0272956864806385e-08,12,2025-08-09,50,16.563299958390772
2025-06-19 06:00:00,55.99999999999996,-3.800000000000014,0,0001,1.0,LAND,10.89566,10.316071,1014.02686,1.161046592201817e-08,12,2025-08-09,50,16.625373650183587
2025-06-19 06:00:00,55.99999999999996,-3.900000000000014,0,0001,1.0,LAND,10.602692,10.130524,1009.9369,1.1635351127026e-08,12,2025-08-09,50,18.729227799508397
2025-06-19 05:00:00,55.899999999999956,-4.100000000000014,0,0001,1.0,LAND,8.800934,8.421539,1005.4875,1.1623001274404105e-08,12,2025-08-09,50,34.922513483196234
2025-06-19 05:00:00,55.99999999999996,-4.000000000000014,0,0001,1.0,LAND,8.859528,8.417633,1003.9975,1.1719049878659294e-08,12,2025-08-09,50,22.40971949207013
2025-06-14 01:00:00,56.29999999999996,-3.1000000000000134,0,0001,1.0,LAND,14.17276,11.548981,1006.76935,1.3550268536851843e-08,12,2025-08-09,55,43.82092954958045
2025-06-14 17:00:00,56.19999999999996,-4.2000000000000135,0,0001,1.0,LAND,14.383453,12.585968,990.08435,1.1871211948640704e-08,12,2025-08-09,55,28.257616145984883
2025-06-14 18:00:00,56.29999999999996,-3.600000000000014,0,0001,1.0,LAND,14.114899,12.569122,986.26,1.1032621261009016e-08,12,2025-08-09,55,19.455171464778655
2025-06-14 18:00:00,56.29999999999996,-3.5000000000000138,0,0001,1.0,LAND,14.152008,12.53006,986.77,1.0955677254287402e-08,12,2025-08-09,55,23.10836038398962
2025-06-20 03:00:00,56.0,-3.5,0,0001,1.0,MARINE,12.070465,11.136383,1008.4913,1.3779805130287259e-08,12,2025-08-09,49,22.703409415180072
2025-06-20 02:00:00,56.0,-3.5,0,0001,1.0,MARINE,13.731598,11.950836,1008.9363,1.3501106344015981e-08,12,2025-08-09,49,22.703409415180072
2025-06-20 01:00:00,56.0,-3.5,0,0001,1.0,MARINE,14.478912,12.173248,1008.96875,1.3222407557744708e-08,12,2025-08-09,49,22.703409415180072
2025-06-20 02:00:00,56.0,-3.25,0,0001,1.0,MARINE,14.122223,12.325836,1007.95624,9.473513732742189e-09,12,2025-08-09,49,35.27363463791916
2025-06-19 01:00:00,56.0,-4.5,0,0001,1.0,MARINE,11.372223,10.285309,1007.33124,1.131426260088852e-08,12,2025-08-09,50,49.1395559556115
2025-06-19 02:00:00,56.0,-4.5,0,0001,1.0,MARINE,10.778717,10.070709,1007.53375,1.1393929281548315e-08,12,2025-08-09,50,49.1395559556115
2025-06-19 03:00:00,56.0,-4.25,0,0001,1.0,MARINE,9.711334,9.356842,1006.4125,1.1724098969434506e-08,12,2025-08-09,50,34.89600165521449
2025-06-19 07:00:00,56.0,-3.25,0,0001,1.0,MARINE,13.939117,11.303619,1011.9338,9.17122881342417e-09,12,2025-08-09,50,35.27363463791916
2025-06-19 07:00:00,56.0,-3.5,0,0001,1.0,MARINE,13.898102,11.549713,1012.9437,1.0803269982299408e-08,12,2025-08-09,50,22.703409415180072
2025-06-19 06:00:00,56.0,-3.5,0,0001,1.0,MARINE,11.654938,10.674469,1012.8644,1.0880695455739406e-08,12,2025-08-09,50,22.703409415180072
2025-06-19 04:00:00,56.0,-4.0,0,0001,1.0,MARINE,8.487946,8.208649,1008.6169,1.177786342528481e-08,12,2025-08-09,50,22.40971949206606
2025-06-19 04:00:00,56.0,-4.25,0,0001,1.0,MARINE,8.394196,8.13443,1006.5469,1.1725647415990666e-08,12,2025-08-09,50,34.89600165521449
2025-06-19 05:00:00,56.0,-3.75,0,0001,1.0,MARINE,9.476715,9.075836,1011.425,1.1685459063344844e-08,12,2025-08-09,50,16.373732848233665
2025-07-19 01:00:00,56.499999999999964,-3.800000000000014,0,0001,1.0,LAND,14.48111,12.1666565,965.70874,9.499789362562308e-09,12,2025-08-09,20,39.33003207339715
2025-07-30 01:00:00,56.19999999999996,-3.3000000000000136,0,0001,1.0,LAND,13.582184,11.593536,996.9437,1.247466396847616e-08,12,2025-08-09,9,28.67434139991308
2025-07-24 03:00:00,56.39999999999996,-3.1000000000000134,0,0001,1.0,LAND,15.345001,13.907623,1006.765,1.3664279485681163e-08,12,2025-08-09,15,49.16708242349585
2025-07-02 11:00:00,55.99999999999996,-3.5000000000000138,0,0001,1.0,LAND,12.467926,10.879547,1013.8256,1.333822657878497e-08,12,2025-08-09,37,22.703409415182904
2025-07-02 10:00:00,56.09999999999996,-3.700000000000014,0,0001,1.0,LAND,12.300934,10.216705,1006.0469,1.4817294280433543e-08,12,2025-08-09,37,6.209934430601996
2025-07-02 04:00:00,56.499999999999964,-4.2000000000000135,0,0001,1.0,LAND,9.142487,8.263824,960.9525,1.0517077357145603e-08,12,2025-08-09,37,47.92393602562079
2025-07-02 09:00:00,56.29999999999996,-3.900000000000014,0,0001,1.0,LAND,12.2743225,9.546783,992.5538,1.5777365747204847e-08,12,2025-08-09,37,19.251388021854765
2025-07-02 09:00:00,56.19999999999996,-4.000000000000014,0,0001,1.0,LAND,12.495026,9.964752,999.22375,1.6066049379759108e-08,12,2025-08-09,37,16.350722740039238
2025-07-11 22:00:00,56.19999999999996,-4.2000000000000135,0,0001,1.0,LAND,19.986969,15.652252,999.8719,9.517097312774803e-09,12,2025-08-09,28,28.257616145984883
2025-07-30 01:00:00,56.0,-3.0,0,0001,1.0,MARINE,13.575104,12.598541,1004.755,1.4271893370813277e-08,12,2025-08-09,9,49.54233622779171
2025-07-30 00:00:00,56.0,-3.0,0,0001,1.0,MARINE,13.8815,12.698395,1004.7356,1.4762002287227335e-08,12,2025-08-09,10,49.54233622779171
2025-07-29 23:00:00,56.0,-3.0,0,0001,1.0,MARINE,14.511139,12.82608,1004.8125,1.4219761590439237e-08,12,2025-08-09,10,49.54233622779171
2025-07-29 16:00:00,56.0,-3.25,0,0001,1.0,MARINE,20.207916,11.396637,1003.15936,1.073690373646711e-08,12,2025-08-09,10,35.27363463791916
2025-07-23 15:00:00,56.0,-3.0,0,0001,1.0,MARINE,18.569977,13.044586,1002.07623,1.2139528049459503e-08,12,2025-08-09,16,49.54233622779171
2025-07-24 15:00:00,56.0,-3.0,0,0001,1.0,MARINE,19.271149,13.49234,1005.53815,1.4291297034674214e-08,12,2025-08-09,15,49.54233622779171
2025-04-29 18:00:00,57.39999999999998,-2.2000000000000126,0,0001,1.0,LAND,16.559967,11.868317,1010.8144,1.0412215922794855e-08,13,2025-07-28,89,40.02037996263323
2025-04-29 18:00:00,57.39999999999998,-2.3000000000000127,0,0001,1.0,LAND,16.972076,11.448395,1009.0544,1.004967456474936e-08,13,2025-07-28,89,34.79645121898301
2025-04-29 17:00:00,57.59999999999998,-3.1000000000000134,0,0001,1.0,LAND,16.08487,8.931793,1008.4319,9.176726573078896e-09,13,2025-07-28,89,44.611127017516715
2025-04-29 06:00:00,57.199999999999974,-2.1000000000000125,0,0001,1.0,LAND,9.933502,9.126495,1018.5019,9.188131144810966e-09,13,2025-07-28,89,41.84408072076466
2025-04-29 16:00:00,57.59999999999998,-3.2000000000000135,0,0001,1.0,LAND,16.528229,8.8003235,1008.66437,9.119308271484041e-09,13,2025-07-28,89,47.40084652634246
2025-04-29 17:00:00,57.59999999999998,-3.2000000000000135,0,0001,1.0,LAND,16.344635,8.869293,1008.6719,9.312162078482069e-09,13,2025-07-28,89,47.40084652634246
2025-04-29 23:00:00,57.39999999999998,-2.700000000000013,0,0001,1.0,LAND,11.530182,9.547028,999.945,9.287440376944222e-09,13,2025-07-28,89,19.19565270902045
2025-04-30 00:00:00,57.39999999999998,-2.400000000000013,0,0001,1.0,LAND,11.116852,9.334259,1008.3275,1.172529007220636e-08,13,2025-07-28,89,29.867335619501787
2025-04-30 00:00:00,57.39999999999998,-2.3000000000000127,0,0001,1.0,LAND,10.851227,9.127228,1009.7375,1.2147723271738147e-08,13,2025-07-28,89,34.79645121898301
2025-04-30 01:00:00,57.39999999999998,-2.2000000000000126,0,0001,1.0,LAND,10.247711,8.667023,1011.2025,1.2068601354386858e-08,13,2025-07-28,88,40.02037996263323
2025-04-30 01:00:00,57.39999999999998,-2.1000000000000125,0,0001,1.0,LAND,10.027008,8.420929,1013.1925,1.2506546962405958e-08,13,2025-07-28,88,45.437542608940014
2025-04-30 00:00:00,57.5,-2.25,0,0001,1.0,MARINE,8.731842,7.3294983,1013.9381,1.2231456847366912e-08,13,2025-07-28,89,43.894939360184935
2025-05-01 11:00:00,56.99999999999997,-2.3000000000000127,0,0001,1.0,LAND,14.425934,9.966461,996.5687,1.064024762742537e-08,13,2025-07-28,87,39.53905600204514
2025-05-12 04:00:00,57.09999999999997,-2.400000000000013,0,0001,1.0,LAND,7.6454163,7.488678,998.08185,1.0870829273794101e-08,13,2025-07-28,76,27.98095695424412
2025-05-12 03:00:00,57.09999999999997,-2.400000000000013,0,0001,1.0,LAND,7.5003967,7.3941956,997.8237,1.1306255487397843e-08,13,2025-07-28,76,27.98095695424412
2025-05-13 00:00:00,57.09999999999997,-2.2000000000000126,0,0001,1.0,LAND,9.703888,9.268951,1010.9406,1.816257544362573e-08,13,2025-07-28,76,38.70796351931493
2025-05-13 00:00:00,57.09999999999997,-2.3000000000000127,0,0001,1.0,LAND,9.549591,9.220123,1006.53064,1.821514494793089e-08,13,2025-07-28,76,33.230622714978374
2025-05-12 23:00:00,57.09999999999997,-2.3000000000000127,0,0001,1.0,LAND,9.843414,9.39505,1006.32874,1.7381059804385428e-08,13,2025-07-28,76,33.230622714978374
2025-05-13 06:00:00,57.299999999999976,-2.3000000000000127,0,0001,1.0,LAND,8.205475,7.792389,1007.74,1.3142458676895944e-08,13,2025-07-28,75,30.4631305018836
2025-05-13 05:00:00,57.299999999999976,-2.3000000000000127,0,0001,1.0,LAND,6.9596252,6.808014,1007.2506,1.3537196400885193e-08,13,2025-07-28,75,30.4631305018836
2025-05-13 05:00:00,57.39999999999998,-2.3000000000000127,0,0001,1.0,LAND,7.1022034,6.946686,1009.1806,1.2671460695538629e-08,13,2025-07-28,75,34.79645121898301
2025-05-13 04:00:00,57.299999999999976,-2.2000000000000126,0,0001,1.0,LAND,6.927643,6.829254,1010.4856,1.413618318698233e-08,13,2025-07-28,75,36.33050644353857
2025-05-13 05:00:00,57.5,-2.25,0,0001,1.0,MARINE,7.2167053,7.153961,1014.09937,1.1992948153090834e-08,13,2025-07-28,75,43.894939360184935
2025-05-13 05:00:00,57.5,-2.5,0,0001,1.0,MARINE,7.021393,6.8941956,1009.8794,1.0653800293358722e-08,13,2025-07-28,75,34.30806585540185
2025-05-13 04:00:00,57.5,-2.5,0,0001,1.0,MARINE,7.2398987,7.2049866,1009.22375,1.0456218502152858e-08,13,2025-07-28,75,34.30806585540185
2025-05-13 03:00:00,57.25,-2.25,0,0001,1.0,MARINE,7.013092,7.004059,1009.72125,1.504744068236986e-08,13,2025-07-28,75,32.6574181405798
2025-06-20 18:00:00,56.99999999999997,-3.1000000000000134,0,0001,1.0,LAND,21.577057,12.64566,966.3575,1.0269674888263885e-08,13,2025-07-28,37,32.04027447842747
2025-06-20 18:00:00,56.99999999999997,-3.2000000000000135,0,0001,1.0,LAND,21.731354,12.700348,965.1975,1.0374685999181908e-08,13,2025-07-28,37,35.88157265340145
2025-06-20 18:00:00,56.99999999999997,-3.3000000000000136,0,0001,1.0,LAND,21.539948,12.749176,961.0675,1.0594358695881609e-08,13,2025-07-28,37,40.26516952557438
2025-06-20 18:00:00,56.99999999999997,-3.4000000000000137,0,0001,1.0,LAND,21.088776,12.700348,954.6775,1.0814031392581312e-08,13,2025-07-28,37,45.03296941221375
2025-06-29 17:00:00,57.49999999999998,-3.2000000000000135,0,0001,1.0,LAND,19.292877,6.219635,991.9481,1.3081481083550457e-08,13,2025-07-28,28,38.324085896362384
2025-06-29 16:00:00,57.49999999999998,-2.9000000000000132,0,0001,1.0,LAND,19.312653,6.3385315,994.075,1.2559630650313818e-08,13,2025-07-28,28,30.203969467941604
2025-06-29 16:00:00,57.49999999999998,-3.0000000000000133,0,0001,1.0,LAND,19.252106,6.1529846,992.405,1.3122836188076329e-08,13,2025-07-28,28,32.02901556375898
2025-06-29 16:00:00,57.59999999999998,-3.2000000000000135,0,0001,1.0,LAND,18.795074,6.8248596,1006.235,1.5751836131745895e-08,13,2025-07-28,28,47.40084652634246
2025-06-29 16:00:00,57.49999999999998,-3.1000000000000134,0,0001,1.0,LAND,19.5607,5.8268127,993.105,1.3686041725838845e-08,13,2025-07-28,28,34.80435654168863
2025-06-10 00:00:00,56.89999999999997,-2.500000000000013,0,0001,1.0,LAND,9.1961975,8.672516,983.0112,1.6968804139594754e-08,13,2025-07-28,48,41.19006122777602
2025-06-09 23:00:00,56.99999999999997,-2.800000000000013,0,0001,1.0,LAND,7.9547424,7.427887,964.9344,1.4339277210063088e-08,13,2025-07-28,48,26.099638483888928
2025-06-09 23:00:00,56.99999999999997,-2.9000000000000132,0,0001,1.0,LAND,7.7086487,7.2013245,960.02435,1.389569189343643e-08,13,2025-07-28,48,26.896668929101637
2025-06-10 01:00:00,57.0,-2.25,0,0001,1.0,MARINE,10.172516,9.466705,996.22186,1.672865066841103e-08,13,2025-07-28,47,41.854195447865884
2025-06-10 00:00:00,57.0,-2.75,0,0001,1.0,MARINE,8.515045,8.388824,969.14874,1.4603299680615715e-08,13,2025-07-28,48,26.218409375040846
2025-07-24 18:00:00,57.49999999999998,-3.4000000000000137,0,0001,1.0,LAND,17.44754,11.232941,987.8063,9.108132803526233e-09,13,2025-07-28,3,46.896040545295136
2025-07-24 21:00:00,57.39999999999998,-3.5000000000000138,0,0001,1.0,LAND,15.468048,10.889069,982.9313,1.2120855819031416e-08,13,2025-07-28,3,46.31221300453779
2025-07-02 16:00:00,57.199999999999974,-3.600000000000014,0,0001,1.0,LAND,10.875885,8.101959,959.5875,1.9921499413062817e-08,13,2025-07-28,25,48.79649827355394
2025-07-02 17:00:00,57.09999999999997,-3.3000000000000136,0,0001,1.0,LAND,10.2621155,7.893463,960.0019,1.7385088479926093e-08,13,2025-07-28,25,34.08907859975556
2025-07-02 05:00:00,56.99999999999997,-2.800000000000013,0,0001,1.0,LAND,9.200104,8.334137,975.17126,9.382330357077526e-09,13,2025-07-28,25,26.099638483888928
2025-07-02 06:00:00,56.99999999999997,-3.0000000000000133,0,0001,1.0,LAND,9.877106,8.475006,965.10565,1.178385222733173e-08,13,2025-07-28,25,28.957904536525685
2025-07-02 07:00:00,57.199999999999974,-2.9000000000000132,0,0001,1.0,LAND,11.35318,9.750885,980.1969,1.2021177460871263e-08,13,2025-07-28,25,7.55724438901406
2025-07-02 08:00:00,57.59999999999998,-2.800000000000013,0,0001,1.0,LAND,12.673248,9.974762,1000.1525,2.5728104091625722e-08,13,2025-07-28,25,40.624519839302
2025-07-02 08:00:00,57.49999999999998,-2.800000000000013,0,0001,1.0,LAND,12.71817,9.849762,994.7125,2.2157378746592693e-08,13,2025-07-28,25,29.506088872706844
2025-07-02 09:00:00,57.5,-2.75,0,0001,1.0,MARINE,14.372955,10.101471,998.65686,2.3137363828681704e-08,13,2025-07-28,25,29.609785713122804
2025-07-02 08:00:00,57.25,-3.0,0,0001,1.0,MARINE,12.951813,9.709625,972.8187,1.582030254946652e-08,13,2025-07-28,25,12.6269770109024
2025-07-02 08:00:00,57.5,-3.0,0,0001,1.0,MARINE,13.85025,10.524078,994.02875,2.2108217182884725e-08,13,2025-07-28,25,32.02901556376086
2025-07-02 07:00:00,57.25,-3.0,0,0001,1.0,MARINE,11.799469,10.042389,972.8113,1.4652292841995136e-08,13,2025-07-28,25,12.6269770109024
2025-07-02 06:00:00,57.25,-3.0,0,0001,1.0,MARINE,10.798004,9.780182,972.78815,1.348428313452375e-08,13,2025-07-28,25,12.6269770109024
2025-07-02 16:00:00,57.25,-3.0,0,0001,1.0,MARINE,11.344879,9.015289,972.8525,1.7722837789927697e-08,13,2025-07-28,25,12.6269770109024
2025-04-29 04:00:00,54.09999999999993,-0.7000000000000116,0,0001,1.0,LAND,10.29483,8.500885,1017.02185,1.6751104355468837e-08,14,2025-07-12,73,25.604639169800354
2025-04-29 05:00:00,54.09999999999993,-0.7000000000000116,0,0001,1.0,LAND,9.957306,8.334503,1016.9956,1.704468458966585e-08,14,2025-07-12,73,25.604639169800354
2025-04-29 05:00:00,53.99999999999993,-0.7000000000000116,0,0001,1.0,LAND,9.678009,8.123566,1013.35565,1.7087590009622746e-08,14,2025-07-12,73,16.641151901192476
2025-04-29 06:00:00,54.09999999999993,-0.7000000000000116,0,0001,1.0,LAND,10.261627,8.739777,1016.8819,1.7338264823862865e-08,14,2025-07-12,73,25.604639169800354
2025-04-29 03:00:00,54.19999999999993,-0.9000000000000116,0,0001,1.0,LAND,11.215729,9.439606,1024.8744,1.653193337780601e-08,14,2025-07-12,73,42.021139456508834
2025-04-28 20:00:00,54.09999999999993,-0.8000000000000116,0,0001,1.0,LAND,16.22232,10.122467,1019.4844,1.315132358570315e-08,14,2025-07-12,74,29.25019032805875
2025-04-29 02:00:00,54.19999999999993,-1.0000000000000115,0,0001,1.0,LAND,11.159576,9.332184,1020.57935,1.6679341759603288e-08,14,2025-07-12,73,46.21405965756416
2025-04-29 03:00:00,54.19999999999993,-1.0000000000000115,0,0001,1.0,LAND,11.028229,9.154449,1020.4844,1.6850686623826272e-08,14,2025-07-12,73,46.21405965756416
2025-04-28 18:00:00,53.89999999999993,-0.5000000000000117,0,0001,1.0,LAND,18.028473,11.082184,1020.8806,1.1828248269729408e-08,14,2025-07-12,74,1.1064409546399625
2025-04-28 19:00:00,53.99999999999993,-0.7000000000000116,0,0001,1.0,LAND,17.484528,10.087921,1012.8787,1.2770451881157259e-08,14,2025-07-12,74,16.641151901192476
2025-04-15 05:00:00,53.699999999999925,-1.2000000000000117,0,0001,1.0,LAND,6.9527893,5.5523987,991.82935,9.686361157612743e-09,14,2025-07-12,87,49.96752395835586
2025-04-28 19:00:00,54.0,-0.75,0,0001,1.0,MARINE,16.210602,10.579254,1018.22375,1.278859869853948e-08,14,2025-07-12,74,19.14290772440179
2025-04-29 06:00:00,54.25,-0.75,0,0001,1.0,MARINE,9.828278,8.848785,1015.1175,1.7299338683773855e-08,14,2025-07-12,73,42.145558523293396
2025-04-29 05:00:00,54.0,-0.75,0,0001,1.0,MARINE,8.423737,7.6286926,1018.97,1.704169583227595e-08,14,2025-07-12,73,19.14290772440179
2025-04-29 03:00:00,54.0,-0.75,0,0001,1.0,MARINE,8.899078,7.931793,1019.1094,1.662624637965837e-08,14,2025-07-12,73,19.14290772440179
2025-04-29 02:00:00,54.0,-0.75,0,0001,1.0,MARINE,8.687897,7.841217,1018.97,1.6418521653349582e-08,14,2025-07-12,73,19.14290772440179
2025-05-20 22:00:00,53.699999999999925,-0.9000000000000116,0,0001,1.0,LAND,13.665924,7.854889,1017.4494,1.4218439795913804e-08,14,2025-07-12,52,33.38707795873535
2025-05-23 19:00:00,53.59999999999992,-0.6000000000000116,0,0001,1.0,LAND,15.668854,4.959137,1012.79,9.568015046923549e-09,14,2025-07-12,49,33.45440539927218
2025-05-23 18:00:00,53.49999999999992,-0.7000000000000116,0,0001,1.0,LAND,16.426666,3.0873108,1013.6406,9.468998918293986e-09,14,2025-07-12,49,45.74788484845561
2025-05-23 17:00:00,53.49999999999992,-0.7000000000000116,0,0001,1.0,LAND,17.21939,2.5204163,1013.78125,9.13009295944191e-09,14,2025-07-12,49,45.74788484845561
2025-05-23 17:00:00,53.59999999999992,-0.7000000000000116,0,0001,1.0,LAND,16.502594,3.2294006,1014.29126,9.038920982066758e-09,14,2025-07-12,49,35.14411592280381
2025-05-28 15:00:00,53.75,0.0,0,0001,1.0,MARINE,14.021637,10.26236,1015.95624,9.303821713047037e-09,14,2025-07-12,44,37.589960891704465
2025-05-23 19:00:00,53.5,-0.5,0,0001,1.0,MARINE,14.403717,6.172516,1010.78375,9.338225655704721e-09,14,2025-07-12,49,44.12674461652206
2025-05-23 18:00:00,53.5,-0.5,0,0001,1.0,MARINE,15.844391,5.3407288,1010.83374,9.036411618978964e-09,14,2025-07-12,49,44.12674461652206
2025-06-19 00:00:00,53.699999999999925,-0.7000000000000116,0,0001,1.0,LAND,15.076569,12.429108,1023.4556,1.2093705481496558e-08,14,2025-07-12,23,24.992693708104287
2025-06-18 22:00:00,53.99999999999993,-0.7000000000000116,0,0001,1.0,LAND,15.298004,11.563141,1012.23,1.30616598278022e-08,14,2025-07-12,23,16.641151901192476
2025-06-18 22:00:00,54.09999999999993,-0.7000000000000116,0,0001,1.0,LAND,15.305817,11.590485,1015.76,1.2154441693853945e-08,14,2025-07-12,23,25.604639169800354
2025-06-18 22:00:00,54.19999999999993,-0.7000000000000116,0,0001,1.0,LAND,15.55191,11.742828,1021.96,1.1247223559904157e-08,14,2025-07-12,23,35.79878624113112
2025-06-18 22:00:00,54.29999999999993,-0.7000000000000116,0,0001,1.0,LAND,15.010895,11.6510315,1014.99,1.0340005425954369e-08,14,2025-07-12,23,46.41976502056331
2025-06-18 21:00:00,53.99999999999993,-0.7000000000000116,0,0001,1.0,LAND,16.328033,11.667877,1012.02625,1.2217437617145125e-08,14,2025-07-12,23,16.641151901192476
2025-06-18 21:00:00,54.09999999999993,-0.7000000000000116,0,0001,1.0,LAND,16.392487,11.628815,1015.52625,1.1426569163087312e-08,14,2025-07-12,23,25.604639169800354
2025-06-18 21:00:00,54.19999999999993,-0.8000000000000116,0,0001,1.0,LAND,16.437408,12.564362,1023.73627,1.067447297220586e-08,14,2025-07-12,23,38.48437649052876
2025-06-10 19:00:00,53.699999999999925,-0.8000000000000116,0,0001,1.0,LAND,16.854156,8.444,1017.05,1.9398096425445552e-08,14,2025-07-12,31,28.749513801113267
2025-06-10 19:00:00,53.699999999999925,-0.9000000000000116,0,0001,1.0,LAND,17.209625,8.024078,1017.18,1.9162499790651936e-08,14,2025-07-12,31,33.38707795873535
2025-06-18 21:00:00,54.29999999999993,-0.8000000000000116,0,0001,1.0,LAND,16.085846,11.179596,1012.57623,9.94107762775151e-09,14,2025-07-12,23,48.51604233970324
2025-06-18 20:00:00,54.09999999999993,-0.7000000000000116,0,0001,1.0,LAND,17.501862,11.552155,1015.1425,1.0698696632320676e-08,14,2025-07-12,23,25.604639169800354
2025-06-18 19:00:00,54.09999999999993,-0.7000000000000116,0,0001,1.0,LAND,18.633698,11.375885,1014.9256,9.970824101554041e-09,14,2025-07-12,23,25.604639169800354
2025-06-18 18:00:00,53.89999999999993,-0.4000000000000117,0,0001,1.0,LAND,19.721344,10.885651,1022.5625,9.432875591740909e-09,14,2025-07-12,23,7.605472199624755
2025-06-18 20:00:00,54.25,-0.75,0,0001,1.0,MARINE,16.82193,10.589752,1012.9456,9.69940517718088e-09,14,2025-07-12,23,42.145558523293396
2025-06-18 19:00:00,54.25,-0.75,0,0001,1.0,MARINE,18.008453,10.599274,1012.7463,9.124789463373655e-09,14,2025-07-12,23,42.145558523293396
2025-06-10 20:00:00,53.5,-0.75,0,0001,1.0,MARINE,15.719879,8.136139,1017.35187,1.9247685982085942e-08,14,2025-07-12,31,46.72755588744085
2025-06-10 19:00:00,53.5,-0.75,0,0001,1.0,MARINE,17.571198,8.052643,1016.7969,1.9122793173028293e-08,14,2025-07-12,31,46.72755588744085
2025-06-10 19:00:00,53.75,-1.0,0,0001,1.0,MARINE,17.684479,7.558502,1018.1669,1.879241181187064e-08,14,2025-07-12,31,35.71538224910391
2025-07-02 16:00:00,54.0,0.0,0,0001,1.0,MARINE,15.15152,13.460602,1016.3725,1.0067603343580984e-08,14,2025-07-12,9,35.662825175485814
2025-04-23 17:00:00,51.599999999999895,-3.5000000000000138,0,0001,1.0,LAND,12.386017,6.920929,994.5075,1.1186839195727416e-08,15,2025-07-07,74,18.275848275081078
2025-04-23 18:00:00,51.699999999999896,-3.600000000000014,0,0001,1.0,LAND,11.585602,7.472931,985.44,1.1363377905305411e-08,15,2025-07-07,74,31.26710978978504
2025-04-23 18:00:00,51.699999999999896,-3.5000000000000138,0,0001,1.0,LAND,11.655914,6.9944153,983.69,1.1524498008675516e-08,15,2025-07-07,74,28.852652725349063
2025-04-23 18:00:00,51.699999999999896,-3.4000000000000137,0,0001,1.0,LAND,11.778961,6.564728,982.65,1.1685618112045684e-08,15,2025-07-07,74,27.97919866414783
2025-04-23 19:00:00,51.699999999999896,-3.700000000000014,0,0001,1.0,LAND,11.318146,7.1288147,991.4338,1.2375571322351046e-08,15,2025-07-07,74,34.90422671338373
2025-04-11 19:00:00,51.699999999999896,-3.900000000000014,0,0001,1.0,LAND,16.20108,8.163483,1003.91815,2.5087909976313637e-08,15,2025-07-07,86,44.56677851698217
2025-04-10 20:00:00,51.49999999999989,-2.700000000000013,0,0001,1.0,LAND,12.236725,5.86026,1021.675,1.9103008073542575e-08,15,2025-07-07,87,48.68467796371996
2025-04-28 00:00:00,51.25,-3.25,0,0001,1.0,MARINE,10.58609,9.094391,1022.08563,1.6168871685984173e-08,15,2025-07-07,70,24.336854292756932
2025-04-28 04:00:00,51.5,-3.25,0,0001,1.0,MARINE,7.207184,6.4950256,1014.1362,1.2460788697173518e-08,15,2025-07-07,69,11.74989740360183
2025-04-28 05:00:00,51.5,-3.25,0,0001,1.0,MARINE,6.79776,6.174713,1014.40686,1.1440803841337504e-08,15,2025-07-07,69,11.74989740360183
2025-04-11 17:00:00,51.5,-4.0,0,0001,1.0,MARINE,14.85025,8.253815,1012.07874,2.596938466122413e-08,15,2025-07-07,86,42.085372910152884
2025-04-11 16:00:00,51.5,-4.0,0,0001,1.0,MARINE,14.732086,8.583893,1012.9319,2.7250659876779293e-08,15,2025-07-07,86,42.085372910152884
2025-04-11 18:00:00,51.5,-4.0,0,0001,1.0,MARINE,14.829254,7.5968323,1011.3625,2.468810944566898e-08,15,2025-07-07,86,42.085372910152884
2025-04-11 03:00:00,51.25,-3.75,0,0001,1.0,MARINE,9.1586,6.9117737,1014.96564,2.7738225230610324e-08,15,2025-07-07,86,32.92568249960623
2025-04-11 02:00:00,51.25,-3.75,0,0001,1.0,MARINE,9.108551,7.0206604,1015.5769,2.8347391480460786e-08,15,2025-07-07,86,32.92568249960623
2025-04-11 05:00:00,51.5,-3.5,0,0001,1.0,MARINE,4.457672,3.1634827,1012.92126,3.080475804069906e-08,15,2025-07-07,86,9.100759522282779
2025-04-10 14:00:00,51.25,-4.0,0,0001,1.0,MARINE,10.08194,4.1271057,1024.3363,1.5653250769649925e-08,15,2025-07-07,87,47.26887884669098
2025-04-10 19:00:00,51.5,-2.75,0,0001,1.0,MARINE,14.009186,4.771881,1018.7406,1.7757411523849697e-08,15,2025-07-07,87,45.24772613497809
2025-04-10 19:00:00,51.5,-3.0,0,0001,1.0,MARINE,13.757233,5.2445374,1020.65063,1.8151702058099916e-08,15,2025-07-07,87,28.15860314964706
2025-04-10 18:00:00,51.5,-3.0,0,0001,1.0,MARINE,14.647614,4.2169495,1020.78687,1.668067745042004e-08,15,2025-07-07,87,28.15860314964706
2025-05-23 04:00:00,51.7999999999999,-3.3000000000000136,0,0001,1.0,LAND,8.652252,4.8470764,977.6781,1.7142364379848778e-08,15,2025-07-07,44,39.6796622500677
2025-05-23 03:00:00,51.699999999999896,-3.1000000000000134,0,0001,1.0,LAND,10.611969,5.37442,993.8094,1.7856289044605414e-08,15,2025-07-07,44,34.74212144288849
2025-05-23 03:00:00,51.699999999999896,-3.2000000000000135,0,0001,1.0,LAND,10.309235,5.274811,989.83936,1.8641451715596287e-08,15,2025-07-07,44,31.146515848093053
2025-05-23 03:00:00,51.699999999999896,-3.3000000000000136,0,0001,1.0,LAND,10.090485,5.245514,987.2294,1.8046873481725804e-08,15,2025-07-07,44,28.787362039725057
2025-05-23 04:00:00,51.699999999999896,-3.3000000000000136,0,0001,1.0,LAND,9.538971,5.2552795,986.78815,1.7669680774102288e-08,15,2025-07-07,44,28.787362039725057
2025-05-23 05:00:00,51.699999999999896,-3.3000000000000136,0,0001,1.0,LAND,9.265778,5.497467,986.7594,1.7292488066478772e-08,15,2025-07-07,44,28.787362039725057
2025-05-23 05:00:00,51.699999999999896,-3.4000000000000137,0,0001,1.0,LAND,9.302887,5.4896545,986.7394,1.683968889332227e-08,15,2025-07-07,44,27.97919866414783
2025-05-23 03:00:00,51.7999999999999,-3.4000000000000137,0,0001,1.0,LAND,9.328766,4.858795,978.6994,1.7177182176642293e-08,15,2025-07-07,44,39.098596607028234
2025-05-23 03:00:00,51.7999999999999,-3.5000000000000138,0,0001,1.0,LAND,9.1822815,5.059967,979.4294,1.6867384683427668e-08,15,2025-07-07,44,39.72695106888052
2025-05-02 02:00:00,51.49999999999989,-3.3000000000000136,0,0001,1.0,LAND,12.169586,10.7430725,1004.5925,1.0522829330115791e-08,15,2025-07-07,65,8.890661875624794
2025-05-02 02:00:00,51.49999999999989,-3.4000000000000137,0,0001,1.0,LAND,12.198883,11.002838,1002.7525,1.1330746766770713e-08,15,2025-07-07,65,5.741503545337164
2025-05-02 01:00:00,51.599999999999895,-3.4000000000000137,0,0001,1.0,LAND,12.22818,10.992828,993.555,1.2751886213633613e-08,15,2025-07-07,65,16.859925662010447
2025-05-02 01:00:00,51.599999999999895,-3.5000000000000138,0,0001,1.0,LAND,12.732086,11.578766,994.205,1.3771675947772738e-08,15,2025-07-07,65,18.275848275081078
2025-05-01 22:00:00,51.7999999999999,-3.5000000000000138,0,0001,1.0,LAND,15.37442,10.544586,974.3794,1.727942411377943e-08,15,2025-07-07,66,39.72695106888052
2025-05-02 01:00:00,51.49999999999989,-3.4000000000000137,0,0001,1.0,LAND,13.005524,11.38736,1002.605,1.1168611859418816e-08,15,2025-07-07,65,5.741503545337164
2025-05-07 16:00:00,51.49999999999989,-3.3000000000000136,0,0001,1.0,LAND,15.899567,7.303131,1011.6294,1.7186417067271654e-08,15,2025-07-07,60,8.890661875624794
2025-05-11 22:00:00,51.7999999999999,-3.0000000000000133,0,0001,1.0,LAND,14.544342,11.556305,985.1169,1.930886058450794e-08,15,2025-07-07,56,47.78738548466268
2025-05-11 21:00:00,51.7999999999999,-3.1000000000000134,0,0001,1.0,LAND,14.492096,11.185211,975.9256,1.9503502368679786e-08,15,2025-07-07,56,44.180798171033985
2025-05-10 20:00:00,51.699999999999896,-3.900000000000014,0,0001,1.0,LAND,16.805084,5.49234,1001.32623,9.209486543741353e-09,15,2025-07-07,57,44.56677851698217
2025-05-07 16:00:00,51.599999999999895,-3.5000000000000138,0,0001,1.0,LAND,15.83902,6.8714905,1001.3894,1.893720291690182e-08,15,2025-07-07,60,18.275848275081078
2025-05-13 20:00:00,51.699999999999896,-2.9000000000000132,0,0001,1.0,LAND,17.363434,11.551422,1005.045,1.0944144479554468e-08,15,2025-07-07,54,44.3551700220103
2025-05-13 20:00:00,51.7999999999999,-3.0000000000000133,0,0001,1.0,LAND,16.769684,10.569,994.055,9.825484870165266e-09,15,2025-07-07,54,47.78738548466268
2025-05-13 20:00:00,51.7999999999999,-3.1000000000000134,0,0001,1.0,LAND,16.371246,10.186188,984.915,1.0344603248079099e-08,15,2025-07-07,54,44.180798171033985
2025-05-13 20:00:00,51.7999999999999,-3.2000000000000135,0,0001,1.0,LAND,16.076324,10.059235,979.675,1.0863721625992924e-08,15,2025-07-07,54,41.419277811806566
2025-05-13 19:00:00,50.999999999999886,-3.4000000000000137,0,0001,1.0,LAND,16.535553,10.685699,996.3131,1.3855058766939736e-08,15,2025-07-07,54,49.85776994614922
2025-05-07 19:00:00,51.49999999999989,-3.3000000000000136,0,0001,1.0,LAND,14.828033,9.104523,1010.76935,1.3984382263298584e-08,15,2025-07-07,60,8.890661875624794
2025-05-07 19:00:00,51.49999999999989,-3.4000000000000137,0,0001,1.0,LAND,14.70694,9.319366,1008.9894,1.4796569784240016e-08,15,2025-07-07,60,5.741503545337164
2025-05-07 18:00:00,51.599999999999895,-3.4000000000000137,0,0001,1.0,LAND,15.173248,6.6352844,1000.35815,1.62149857985124e-08,15,2025-07-07,60,16.859925662010447
2025-05-07 17:00:00,51.49999999999989,-3.3000000000000136,0,0001,1.0,LAND,15.656158,7.1893616,1011.3794,1.6119072132613963e-08,15,2025-07-07,60,8.890661875624794
2025-05-07 17:00:00,51.49999999999989,-3.4000000000000137,0,0001,1.0,LAND,15.484283,7.5467834,1009.6194,1.6855027114755335e-08,15,2025-07-07,60,5.741503545337164
2025-05-07 17:00:00,51.599999999999895,-3.5000000000000138,0,0001,1.0,LAND,15.683502,6.912018,1001.1394,1.7958359577185598e-08,15,2025-07-07,60,18.275848275081078
2025-05-07 17:00:00,51.599999999999895,-3.4000000000000137,0,0001,1.0,LAND,15.712799,6.193268,1000.4294,1.7222421710982524e-08,15,2025-07-07,60,16.859925662010447
2025-05-07 18:00:00,51.49999999999989,-3.3000000000000136,0,0001,1.0,LAND,15.18692,7.471222,1011.27814,1.5051727197956275e-08,15,2025-07-07,60,8.890661875624794
2025-05-20 11:00:00,51.5,-3.75,0,0001,1.0,MARINE,16.684967,8.386627,1010.4431,9.806136874734765e-09,15,2025-07-07,47,25.04393698348154
2025-05-23 02:00:00,51.25,-3.5,0,0001,1.0,MARINE,12.607819,8.190582,1012.4875,1.2196026304607471e-08,15,2025-07-07,44,23.167728400956417
2025-05-23 01:00:00,51.75,-3.75,0,0001,1.0,MARINE,7.7743225,5.1419983,994.22125,1.399786333950782e-08,15,2025-07-07,44,41.4225591210323
2025-05-01 21:00:00,51.75,-3.75,0,0001,1.0,MARINE,17.210602,10.883209,988.3744,1.7439727020146396e-08,15,2025-07-07,66,41.4225591210323
2025-05-01 19:00:00,51.75,-3.75,0,0001,1.0,MARINE,20.565826,10.549469,987.9387,1.8428053160981224e-08,15,2025-07-07,66,41.4225591210323
2025-05-10 18:00:00,51.5,-4.0,0,0001,1.0,MARINE,17.357574,5.2240295,1007.7444,1.1164849267331155e-08,15,2025-07-07,57,42.085372910152884
2025-05-11 15:00:00,51.5,-4.0,0,0001,1.0,MARINE,16.210602,11.315094,1002.39624,1.510014380201612e-08,15,2025-07-07,56,42.085372910152884
2025-05-11 14:00:00,51.5,-4.0,0,0001,1.0,MARINE,17.324127,10.574127,1002.58374,1.3886692684650546e-08,15,2025-07-07,56,42.085372910152884
2025-05-09 16:00:00,51.5,-4.0,0,0001,1.0,MARINE,14.720123,7.756256,1013.1906,9.59877925292102e-09,15,2025-07-07,58,42.085372910152884
2025-05-11 19:00:00,51.5,-2.75,0,0001,1.0,MARINE,17.910797,12.17569,999.16,1.4880858249336655e-08,15,2025-07-07,56,45.24772613497809
2025-06-30 04:00:00,51.699999999999896,-3.0000000000000133,0,0001,1.0,LAND,15.9027405,15.108551,1001.95874,9.534794287447398e-09,15,2025-07-07,6,39.23570349718314
2025-06-21 12:00:00,51.5,-4.0,0,0001,1.0,MARINE,19.097809,17.050201,1010.08813,2.08526982348189e-08,15,2025-07-07,15,42.085372910152884
2025-06-11 00:00:00,51.75,-3.75,0,0001,1.0,MARINE,9.38858,8.520172,993.73627,1.7697039084163346e-08,15,2025-07-07,26,41.4225591210323
2025-06-11 04:00:00,51.5,-3.5,0,0001,1.0,MARINE,10.006744,9.053619,1007.355,1.349727862809373e-08,15,2025-07-07,25,9.100759522282779
2025-06-11 03:00:00,51.5,-3.5,0,0001,1.0,MARINE,10.3541565,9.3246155,1007.3025,1.4132487763384956e-08,15,2025-07-07,25,9.100759522282779
2025-06-11 03:00:00,51.5,-3.75,0,0001,1.0,MARINE,9.985016,8.826569,1007.6025,1.3904451354185018e-08,15,2025-07-07,25,25.04393698348154
2025-06-13 16:00:00,51.5,-3.0,0,0001,1.0,MARINE,19.973785,13.838043,1010.29,1.4831001167910628e-08,15,2025-07-07,23,28.15860314964706
2025-07-01 12:00:00,51.7999999999999,-3.1000000000000134,0,0001,1.0,LAND,22.613678,15.424469,982.59875,1.3330507253605442e-08,15,2025-07-07,5,44.180798171033985
2025-04-08 05:00:00,57.39999999999998,-4.500000000000012,0,0001,1.0,LAND,5.0680237,3.9981995,1003.2875,9.072833744276857e-09,16,2025-07-03,85,22.8775939429111
2025-04-08 03:00:00,57.39999999999998,-4.100000000000014,0,0001,1.0,LAND,5.1700745,4.7618713,985.3619,1.1656970611006361e-08,16,2025-07-03,85,39.425250009244586
2025-04-08 03:00:00,57.39999999999998,-4.000000000000014,0,0001,1.0,LAND,4.976715,4.677887,980.5119,1.1516299802671163e-08,16,2025-07-03,85,44.61641480232094
2025-04-08 04:00:00,57.39999999999998,-4.500000000000012,0,0001,1.0,LAND,5.4725647,4.25943,1003.0619,1.0226658927677847e-08,16,2025-07-03,85,22.8775939429111
2025-04-08 04:00:00,57.39999999999998,-4.400000000000013,0,0001,1.0,LAND,5.648346,4.523102,1007.5119,1.0869279846540223e-08,16,2025-07-03,85,25.961605645189277
2025-04-08 04:00:00,57.299999999999976,-4.400000000000013,0,0001,1.0,LAND,4.7518616,4.13443,986.27185,9.531658573535542e-09,16,2025-07-03,85,35.496026130918786
2025-04-08 04:00:00,57.5,-4.25,0,0001,1.0,MARINE,2.3106995,1.2882385,1000.4519,1.2452187577357027e-08,16,2025-07-03,85,26.347244625877988
2025-04-08 05:00:00,57.5,-4.5,0,0001,1.0,MARINE,2.726471,0.8343811,995.9844,1.021880334090977e-08,16,2025-07-03,85,13.605831118572228
2025-05-11 17:00:00,57.75,-4.25,0,0001,1.0,MARINE,16.228912,5.7572327,991.745,1.7069239165631012e-08,16,2025-07-03,52,30.44501079812446
2025-05-11 18:00:00,57.5,-4.25,0,0001,1.0,MARINE,15.385895,8.076813,986.405,1.8727174699861835e-08,16,2025-07-03,52,26.347244625877988
2025-05-11 18:00:00,57.25,-4.25,0,0001,1.0,MARINE,14.192535,6.9361877,967.915,1.7849049349649734e-08,16,2025-07-03,52,44.79941145759703
2025-06-20 16:00:00,57.299999999999976,-4.100000000000014,0,0001,1.0,LAND,21.03775,12.289703,957.5,9.06965495299073e-09,16,2025-07-03,12,46.28948665016039
2025-06-09 21:00:00,57.39999999999998,-5.30000000000001,0,0001,1.0,LAND,8.575592,7.360504,966.19,1.0160561170202797e-08,16,2025-07-03,23,43.46652078180748
2025-06-09 21:00:00,57.39999999999998,-5.400000000000009,0,0001,1.0,LAND,9.015045,7.840973,974.1,1.0767637448339051e-08,16,2025-07-03,23,48.80002125304095
2025-06-20 18:00:00,57.25,-4.75,0,0001,1.0,MARINE,22.341705,13.646637,971.1125,9.098254497019873e-09,16,2025-07-03,12,37.816254005444584
2025-06-20 17:00:00,57.25,-4.25,0,0001,1.0,MARINE,22.30606,13.665192,975.42126,9.199881671288409e-09,16,2025-07-03,12,44.79941145759703
2025-06-09 21:00:00,57.25,-5.0,0,0001,1.0,MARINE,8.417877,7.4632874,958.0131,9.45069358188058e-09,16,2025-07-03,23,42.589469574711906
2025-07-01 16:00:00,57.5,-4.25,0,0001,1.0,MARINE,17.410797,6.891754,991.22064,2.0361177225739584e-08,16,2025-07-03,1,26.347244625877988
2025-04-10 01:00:00,54.99999999999994,-2.600000000000013,0,0001,1.0,LAND,2.9637756,1.9441223,1008.5081,1.0677150089992064e-08,17,2025-06-24,74,44.63991306966782
2025-04-30 07:00:00,55.0,-3.25,0,0001,1.0,MARINE,11.002106,9.336456,1014.7656,1.871175027886257e-08,17,2025-06-24,54,45.983489093960884
2025-04-30 06:00:00,55.0,-2.75,0,0001,1.0,MARINE,8.708405,6.81839,1001.91626,1.6607312761096953e-08,17,2025-06-24,54,41.38833172298701
2025-04-29 22:00:00,55.0,-3.25,0,0001,1.0,MARINE,13.640045,9.160187,1015.4825,2.1533774504275265e-08,17,2025-06-24,55,45.983489093960884
2025-04-29 23:00:00,55.0,-3.25,0,0001,1.0,MARINE,12.689362,9.109772,1015.4775,2.24106998329238e-08,17,2025-06-24,55,45.983489093960884
2025-04-30 05:00:00,55.0,-2.75,0,0001,1.0,MARINE,7.6009827,5.7618713,1002.1138,1.728907760706364e-08,17,2025-06-24,54,41.38833172298701
2025-04-30 04:00:00,55.0,-3.25,0,0001,1.0,MARINE,8.466217,7.175934,1014.8525,2.067283951430962e-08,17,2025-06-24,54,45.983489093960884
2025-04-30 03:00:00,55.0,-3.25,0,0001,1.0,MARINE,9.434723,7.9337463,1014.7537,2.13265359261253e-08,17,2025-06-24,54,45.983489093960884
2025-04-07 21:00:00,54.5,-3.25,0,0001,1.0,MARINE,6.337555,1.2696838,1004.5594,1.0637335623453441e-08,17,2025-06-24,77,27.185650354925283
2025-04-08 09:00:00,54.75,-3.5,0,0001,1.0,MARINE,9.141998,4.855377,1021.09125,9.033460146579061e-09,17,2025-06-24,76,40.37745312966734
2025-04-10 02:00:00,55.0,-2.75,0,0001,1.0,MARINE,1.5465393,0.39248657,1011.33374,9.265301488999504e-09,17,2025-06-24,74,41.38833172298701
2025-04-10 01:00:00,55.0,-2.75,0,0001,1.0,MARINE,2.5316467,0.9689026,1011.77185,1.0047028357422056e-08,17,2025-06-24,74,41.38833172298701
2025-04-10 01:00:00,55.0,-3.0,0,0001,1.0,MARINE,2.4476624,0.87905884,1019.4319,9.654208432685653e-09,17,2025-06-24,74,40.7089156787412
2025-04-10 00:00:00,55.0,-2.75,0,0001,1.0,MARINE,2.0052795,0.52749634,1011.8175,1.0828755225844607e-08,17,2025-06-24,75,41.38833172298701
2025-05-06 20:00:00,54.79999999999994,-2.2000000000000126,0,0001,1.0,LAND,10.007965,6.1527405,971.4975,1.0416232247104998e-08,17,2025-06-24,48,48.55077460050258
2025-05-06 21:00:00,54.79999999999994,-2.400000000000013,0,0001,1.0,LAND,8.945953,4.629181,966.48627,1.0305312936331843e-08,17,2025-06-24,48,36.927608797330606
2025-05-06 22:00:00,54.69999999999994,-2.500000000000013,0,0001,1.0,LAND,8.7933655,5.2826233,981.17377,1.1118985338935352e-08,17,2025-06-24,48,26.757323477271584
2025-05-06 22:00:00,54.69999999999994,-2.400000000000013,0,0001,1.0,LAND,8.424225,4.884186,971.17377,1.0635336629890309e-08,17,2025-06-24,48,33.013656468642836
2025-05-06 23:00:00,54.59999999999994,-2.500000000000013,0,0001,1.0,LAND,8.840485,5.8979797,997.4519,1.1500884656660507e-08,17,2025-06-24,48,26.240627286862605
2025-05-07 02:00:00,54.59999999999994,-3.0000000000000133,0,0001,1.0,LAND,6.3666077,4.164215,979.1362,1.0729422850186658e-08,17,2025-06-24,47,7.600206932833131
2025-05-11 17:00:00,54.499999999999936,-3.1000000000000134,0,0001,1.0,LAND,17.63858,5.17276,967.40686,1.2533904506876828e-08,17,2025-06-24,43,19.974068637918872
2025-05-10 19:00:00,54.499999999999936,-3.1000000000000134,0,0001,1.0,LAND,14.676788,5.5209045,972.21936,1.3799946555852117e-08,17,2025-06-24,44,19.974068637918872
2025-05-08 22:00:00,54.69999999999994,-3.2000000000000135,0,0001,1.0,LAND,9.225616,5.6229553,992.5975,9.183685959849477e-09,17,2025-06-24,46,20.344240331254632
2025-05-10 19:00:00,54.59999999999994,-3.1000000000000134,0,0001,1.0,LAND,14.475616,6.181061,972.5694,1.3573279944445819e-08,17,2025-06-24,44,13.427967533213408
2025-05-10 18:00:00,54.499999999999936,-3.3000000000000136,0,0001,1.0,LAND,15.495758,5.2950745,983.28064,1.6628529525553727e-08,17,2025-06-24,44,29.89946227817938
2025-05-10 18:00:00,54.59999999999994,-3.2000000000000135,0,0001,1.0,LAND,15.210602,4.925934,976.53064,1.4962642680416807e-08,17,2025-06-24,44,19.6407782931356
2025-05-10 18:00:00,54.5,-3.0,0,0001,1.0,MARINE,17.668121,5.870514,988.8144,1.3397585041374914e-08,17,2025-06-24,44,16.616719358343087
2025-05-10 17:00:00,54.5,-3.5,0,0001,1.0,MARINE,16.196198,6.8002014,1002.0706,1.9735542630683562e-08,17,2025-06-24,44,41.489915329124045
2025-05-11 17:00:00,55.0,-3.25,0,0001,1.0,MARINE,21.082428,5.8470764,1002.135,1.2363619535567754e-08,17,2025-06-24,43,45.983489093960884
2025-06-11 00:00:00,54.29999999999993,-3.1000000000000134,0,0001,1.0,LAND,10.905426,8.0086975,1004.14435,1.1685364675884895e-08,17,2025-06-24,13,39.72565097113253
2025-06-11 00:00:00,54.25,-3.25,0,0001,1.0,MARINE,11.413971,7.9498596,1007.10626,1.1758230639147442e-08,17,2025-06-24,13,48.67902680557221
2025-06-11 17:00:00,54.5,-3.5,0,0001,1.0,MARINE,18.861237,12.742828,1001.675,1.1879731291279375e-08,17,2025-06-24,12,41.489915329124045
2025-03-20 05:00:00,52.89999999999991,-1.500000000000012,0,0001,1.0,LAND,5.7565002,2.8456116,1009.97437,2.2492792480419166e-08,18,2025-06-10,81,24.984041551655267
2025-03-19 21:00:00,52.79999999999991,-1.400000000000012,0,0001,1.0,LAND,8.937653,4.172516,1008.6788,2.993422643093693e-08,18,2025-06-10,82,12.56555706354752
2025-03-19 21:00:00,52.89999999999991,-1.3000000000000118,0,0001,1.0,LAND,8.925934,3.9029846,1013.0588,3.01069065650212e-08,18,2025-06-10,82,24.171009317598088
2025-03-19 21:00:00,52.89999999999991,-1.400000000000012,0,0001,1.0,LAND,8.902496,3.770172,1011.91876,2.825067688117122e-08,18,2025-06-10,82,23.643416341037213
2025-03-19 21:00:00,52.89999999999991,-1.500000000000012,0,0001,1.0,LAND,8.923981,3.6510315,1010.4988,2.639444719732124e-08,18,2025-06-10,82,24.984041551655267
2025-03-19 21:00:00,52.89999999999991,-1.600000000000012,0,0001,1.0,LAND,8.951324,3.533844,1009.63873,2.453821751347162e-08,18,2025-06-10,82,27.925098986314964
2025-03-19 20:00:00,52.69999999999991,-1.500000000000012,0,0001,1.0,LAND,9.881744,4.426178,1006.8844,2.5846385439305134e-08,18,2025-06-10,82,8.339848896193361
2025-03-19 22:00:00,52.89999999999991,-1.500000000000012,0,0001,1.0,LAND,8.282867,3.4457092,1010.7075,2.763694392782384e-08,18,2025-06-10,82,24.984041551655267
2025-03-20 01:00:00,52.89999999999991,-1.500000000000012,0,0001,1.0,LAND,6.8868713,2.8868713,1010.8038,2.8596108407147077e-08,18,2025-06-10,81,24.984041551655267
2025-03-20 01:00:00,52.89999999999991,-1.600000000000012,0,0001,1.0,LAND,7.0274963,2.8731995,1009.96375,2.6342363697771404e-08,18,2025-06-10,81,27.925098986314964
2025-03-20 00:00:00,52.89999999999991,-1.500000000000012,0,0001,1.0,LAND,7.2362366,2.9850159,1010.7537,3.012193738882905e-08,18,2025-06-10,82,24.984041551655267
2025-03-19 23:00:00,52.79999999999991,-1.400000000000012,0,0001,1.0,LAND,7.6368713,3.9461975,1008.90686,3.3164252603391966e-08,18,2025-06-10,82,12.56555706354752
2025-03-19 23:00:00,52.89999999999991,-1.400000000000012,0,0001,1.0,LAND,7.7970276,3.3836975,1012.1669,3.112819112657079e-08,18,2025-06-10,82,23.643416341037213
2025-03-19 23:00:00,52.89999999999991,-1.500000000000012,0,0001,1.0,LAND,7.8263245,3.2528381,1010.7469,2.887944065832645e-08,18,2025-06-10,82,24.984041551655267
2025-03-19 22:00:00,52.89999999999991,-1.400000000000012,0,0001,1.0,LAND,8.241852,3.582428,1012.1275,2.9689434003871e-08,18,2025-06-10,82,23.643416341037213
2025-03-25 23:00:00,52.79999999999991,-0.7000000000000116,0,0001,1.0,LAND,8.996979,7.412506,1011.21313,1.478917455166587e-08,18,2025-06-10,76,47.30771296942117
2025-03-20 06:00:00,52.75,-0.75,0,0001,1.0,MARINE,4.5655823,3.056549,1010.1731,1.98609426682593e-08,18,2025-06-10,81,42.853214775731146
2025-03-20 05:00:00,53.0,-1.25,0,0001,1.0,MARINE,5.3746643,2.1354065,1009.7294,2.4917823545263932e-08,18,2025-06-10,81,35.763057310230955
2025-03-20 05:00:00,52.75,-1.0,0,0001,1.0,MARINE,4.3004456,2.8893127,1008.27936,2.446832880753615e-08,18,2025-06-10,81,26.376156946379435
2025-03-20 01:00:00,53.0,-1.5,0,0001,1.0,MARINE,7.2149963,1.6168518,1006.4487,2.6802206972339435e-08,18,2025-06-10,81,35.6715026822213
2025-03-20 00:00:00,53.0,-1.25,0,0001,1.0,MARINE,6.338043,2.0653381,1010.29626,3.3654445896758544e-08,18,2025-06-10,82,35.763057310230955
2025-03-19 21:00:00,52.75,-1.5,0,0001,1.0,MARINE,7.606598,3.4410706,1006.84,2.7565347851532244e-08,18,2025-06-10,82,10.746306645287776
2025-04-10 08:00:00,52.69999999999991,-2.1000000000000125,0,0001,1.0,LAND,6.207672,3.1410217,1018.09686,1.1978729582325229e-08,18,2025-06-10,60,48.68268242884231
2025-04-10 08:00:00,52.75,-2.0,0,0001,1.0,MARINE,6.065338,3.2955627,1017.54376,1.1701733175032742e-08,18,2025-06-10,60,42.46773728303193
2025-04-10 08:00:00,53.0,-1.75,0,0001,1.0,MARINE,5.858307,3.3072815,1012.3837,1.0656080055386103e-08,18,2025-06-10,60,42.77525139801144
2025-05-06 21:00:00,52.79999999999991,-1.9000000000000123,0,0001,1.0,LAND,10.879547,4.3713684,1012.02625,1.471967181476652e-08,18,2025-06-10,34,37.294188444917
2025-05-06 21:00:00,52.79999999999991,-2.0000000000000124,0,0001,1.0,LAND,10.98111,4.377228,1010.4963,1.4447855911647597e-08,18,2025-06-10,34,43.69580253247586
2025-05-06 22:00:00,52.49999999999991,-1.9000000000000123,0,0001,1.0,LAND,10.187897,3.5326233,1008.40375,1.506758891730177e-08,18,2025-06-10,34,40.98426309985086
2025-05-06 22:00:00,52.49999999999991,-2.0000000000000124,0,0001,1.0,LAND,10.2464905,3.4857483,1007.39374,1.5241608123754047e-08,18,2025-06-10,34,46.92277116970516
2025-05-06 22:00:00,52.59999999999991,-1.9000000000000123,0,0001,1.0,LAND,10.236725,3.839264,1011.52374,1.5334813419087515e-08,18,2025-06-10,34,36.55327152342438
2025-05-06 22:00:00,53.099999999999916,-1.3000000000000118,0,0001,1.0,LAND,9.244537,4.3763733,1008.08374,1.3841185466287195e-08,18,2025-06-10,34,46.132589106384415
2025-05-06 22:00:00,52.59999999999991,-1.8000000000000123,0,0001,1.0,LAND,10.223053,3.9076233,1013.23376,1.5311687103410052e-08,18,2025-06-10,34,30.105379811668318
2025-05-07 04:00:00,52.59999999999991,-1.600000000000012,0,0001,1.0,LAND,6.1285706,4.394562,1013.61127,1.7057760537396992e-08,18,2025-06-10,33,17.88410743718026
2025-05-07 04:00:00,52.79999999999991,-0.8000000000000116,0,0001,1.0,LAND,5.310211,4.757843,1011.02124,9.046015936320396e-09,18,2025-06-10,33,40.85321790365136
2025-05-07 04:00:00,52.999999999999915,-1.500000000000012,0,0001,1.0,LAND,5.9410706,4.5117493,1012.8013,1.7452297607079318e-08,18,2025-06-10,33,35.671502682212264
2025-05-03 00:00:00,52.999999999999915,-1.1000000000000116,0,0001,1.0,LAND,10.936676,6.898834,1007.0444,9.37560784564037e-09,18,2025-06-10,38,39.415068062271025
2025-05-03 00:00:00,52.999999999999915,-1.2000000000000117,0,0001,1.0,LAND,11.169098,6.9164124,1005.6144,1.0225108759697447e-08,18,2025-06-10,38,36.714590523453154
2025-05-03 00:00:00,52.89999999999991,-1.2000000000000117,0,0001,1.0,LAND,11.624176,7.350006,1009.5044,9.606489825841042e-09,18,2025-06-10,38,26.455282061908854
2025-05-07 01:00:00,52.75,-1.25,0,0001,1.0,MARINE,4.5502014,3.1669006,1014.9387,1.6372238940733362e-08,18,2025-06-10,33,11.048124145541719
2025-05-07 00:00:00,53.0,-1.25,0,0001,1.0,MARINE,5.207672,3.4358215,1015.3819,1.5723187030136907e-08,18,2025-06-10,34,35.763057310230955
2025-05-06 23:00:00,52.75,-1.25,0,0001,1.0,MARINE,7.6861877,3.6550598,1015.1944,1.5878710010047508e-08,18,2025-06-10,34,11.048124145541719
2025-03-25 20:00:00,53.099999999999916,-0.8000000000000116,0,0001,1.0,LAND,10.42215,7.8815002,1019.8681,1.7102742629521595e-08,19,2025-06-08,74,37.4816801382793
2025-03-25 20:00:00,53.19999999999992,-0.8000000000000116,0,0001,1.0,LAND,10.613556,8.219391,1019.8081,1.8244692571536338e-08,19,2025-06-08,74,38.70310752900205
2025-03-25 20:00:00,53.19999999999992,-0.9000000000000116,0,0001,1.0,LAND,10.566681,8.0065,1017.47815,1.7152821681538062e-08,19,2025-06-08,74,45.18152874551154
2025-03-25 20:00:00,53.29999999999992,-0.9000000000000116,0,0001,1.0,LAND,10.217072,8.629547,1018.66815,1.624719610700809e-08,19,2025-06-08,74,48.78975485431649
2025-03-25 21:00:00,52.999999999999915,-0.7000000000000116,0,0001,1.0,LAND,9.782135,7.801422,1019.3119,1.654845538379004e-08,19,2025-06-08,74,33.20334653676431
2025-03-25 23:00:00,52.79999999999991,-0.7000000000000116,0,0001,1.0,LAND,8.996979,7.412506,1011.21313,1.478917455166587e-08,19,2025-06-08,74,46.375168924823555
2025-03-25 22:00:00,52.89999999999991,-0.7000000000000116,0,0001,1.0,LAND,9.473541,7.6627502,1015.285,1.581169672970467e-08,19,2025-06-08,74,38.76747479560273
2025-03-25 20:00:00,53.0,-0.75,0,0001,1.0,MARINE,9.621124,7.5072327,1018.37,1.595384158115082e-08,19,2025-06-08,74,36.326542216492044
2025-03-25 19:00:00,53.25,-0.75,0,0001,1.0,MARINE,10.759064,8.624176,1020.79376,1.6650946931447897e-08,19,2025-06-08,74,37.40441057983978
2025-03-25 22:00:00,53.0,-0.75,0,0001,1.0,MARINE,9.315826,7.5624084,1018.9825,1.7181932210341355e-08,19,2025-06-08,74,36.326542216492044
2025-03-25 21:00:00,53.0,-0.75,0,0001,1.0,MARINE,9.461334,7.337555,1018.865,1.656788689574609e-08,19,2025-06-08,74,36.326542216492044
2025-03-24 16:00:00,53.0,0.25,0,0001,1.0,MARINE,9.684967,5.6061096,1017.925,2.4724325179785103e-08,19,2025-06-08,75,34.92485250748712
2025-03-24 16:00:00,53.25,0.25,0,0001,1.0,MARINE,9.679108,5.750641,1016.315,2.361088430324917e-08,19,2025-06-08,75,36.05269468193498
2025-03-26 00:00:00,52.75,-0.5,0,0001,1.0,MARINE,8.4461975,7.7521057,1018.20874,1.5535704278590922e-08,19,2025-06-08,74,43.797576608053646
2025-03-26 01:00:00,52.75,-0.5,0,0001,1.0,MARINE,7.9669495,7.1688538,1018.1369,1.4947402871001783e-08,19,2025-06-08,73,43.797576608053646
2025-05-20 22:00:00,53.29999999999992,-0.7000000000000116,0,0001,1.0,LAND,14.009674,7.309967,1015.58936,1.3580160551640449e-08,19,2025-06-08,18,37.21294719418504
2025-05-20 22:00:00,53.39999999999992,-0.7000000000000116,0,0001,1.0,LAND,13.847565,7.636139,1015.8794,1.381882286377575e-08,19,2025-06-08,18,44.4239327174327
2025-05-23 19:00:00,53.5,-0.5,0,0001,1.0,MARINE,14.403717,6.172516,1010.78375,9.338225655704721e-09,19,2025-06-08,15,46.60096386784448
2025-05-23 18:00:00,53.5,-0.5,0,0001,1.0,MARINE,15.844391,5.3407288,1010.83374,9.036411618978964e-09,19,2025-06-08,15,46.60096386784448
2025-05-23 17:00:00,52.75,0.0,0,0001,1.0,MARINE,17.935455,3.289215,1015.7488,9.336099708138632e-09,19,2025-06-08,15,43.220391787571025
2025-05-23 16:00:00,52.75,0.0,0,0001,1.0,MARINE,18.321198,2.9820862,1016.2619,9.414195941322698e-09,19,2025-06-08,15,43.220391787571025
2025-03-23 01:00:00,57.49999999999998,-2.800000000000013,0,0001,1.0,LAND,6.355377,6.06485,983.5775,9.436141340523816e-09,20,2025-06-06,74,29.506088872706844
2025-03-17 06:00:00,56.99999999999997,-2.700000000000013,0,0001,1.0,LAND,1.3097229,-0.88949585,996.1275,9.897509034573151e-09,20,2025-06-06,80,26.680354465662983
2025-03-17 06:00:00,57.09999999999997,-2.600000000000013,0,0001,1.0,LAND,1.8702698,-0.953949,1010.7575,1.0071662615018803e-08,20,2025-06-06,80,18.92964214660997
2025-03-17 05:00:00,57.09999999999997,-2.600000000000013,0,0001,1.0,LAND,1.8841858,-0.88119507,1010.48126,1.0421481381565412e-08,20,2025-06-06,80,18.92964214660997
2025-03-17 04:00:00,57.299999999999976,-2.600000000000013,0,0001,1.0,LAND,2.3614807,-0.7828064,1009.6319,1.0385992214405023e-08,20,2025-06-06,80,13.641457565388034
2025-03-09 04:00:00,56.89999999999997,-2.400000000000013,0,0001,1.0,LAND,6.46109,2.5419006,989.3738,2.032174428734414e-08,20,2025-06-06,88,44.120406631498994
2025-03-09 03:00:00,56.89999999999997,-2.400000000000013,0,0001,1.0,LAND,6.561676,2.7626038,989.77185,2.015570466085169e-08,20,2025-06-06,88,44.120406631498994
2025-03-09 05:00:00,56.89999999999997,-2.400000000000013,0,0001,1.0,LAND,6.280426,2.3507385,989.1625,2.0487783913836584e-08,20,2025-06-06,88,44.120406631498994
2025-03-09 06:00:00,56.89999999999997,-2.400000000000013,0,0001,1.0,LAND,6.0677795,2.1036682,989.03876,2.0653823540329034e-08,20,2025-06-06,88,44.120406631498994
2025-03-09 19:00:00,56.99999999999997,-3.3000000000000136,0,0001,1.0,LAND,7.896515,2.6174622,946.54126,1.4746499151415218e-08,20,2025-06-06,88,40.26516952557438
2025-03-09 19:00:00,56.99999999999997,-3.4000000000000137,0,0001,1.0,LAND,7.6582336,2.1799622,939.95123,1.4276126244124494e-08,20,2025-06-06,88,45.03296941221375
2025-03-09 09:00:00,56.89999999999997,-2.400000000000013,0,0001,1.0,LAND,6.396637,4.4579163,989.7925,2.1151942419806374e-08,20,2025-06-06,88,44.120406631498994
2025-03-23 00:00:00,57.5,-2.75,0,0001,1.0,MARINE,7.1734924,6.542633,987.8975,1.0399904826208091e-08,20,2025-06-06,75,29.609785713122804
2025-03-20 08:00:00,57.25,-2.0,0,0001,1.0,MARINE,4.1305237,2.9273987,1016.15063,1.9320717618379987e-08,20,2025-06-06,77,47.68474300323529
2025-03-09 18:00:00,57.25,-3.25,0,0001,1.0,MARINE,9.920807,2.402008,952.72815,1.459693495936562e-08,20,2025-06-06,88,27.605632282454756
2025-03-09 19:00:00,57.0,-3.25,0,0001,1.0,MARINE,7.6302795,2.721344,944.9444,1.4981685605060668e-08,20,2025-06-06,88,38.016766544169755
2025-04-23 06:00:00,57.39999999999998,-2.400000000000013,0,0001,1.0,LAND,5.4999084,5.226471,1001.7388,9.307000614633343e-09,20,2025-06-06,43,29.867335619501787
2025-04-23 06:00:00,57.299999999999976,-2.3000000000000127,0,0001,1.0,LAND,5.7030334,5.4823303,1001.2388,9.63714809343316e-09,20,2025-06-06,43,30.4631305018836
2025-04-23 05:00:00,57.299999999999976,-2.400000000000013,0,0001,1.0,LAND,5.499176,5.31485,998.6069,9.68233555368824e-09,20,2025-06-06,43,24.66572598133779
2025-04-23 03:00:00,57.299999999999976,-2.600000000000013,0,0001,1.0,LAND,5.5384827,5.025299,992.65375,9.05926597627445e-09,20,2025-06-06,43,13.641457565388034
2025-04-23 04:00:00,57.299999999999976,-2.500000000000013,0,0001,1.0,LAND,5.3329163,5.2030334,996.1125,9.425296654264016e-09,20,2025-06-06,43,19.002461472268067
2025-04-23 05:00:00,57.39999999999998,-2.500000000000013,0,0001,1.0,LAND,5.139801,5.0160217,999.58685,9.053646813731749e-09,20,2025-06-06,43,25.405228967612814
2025-04-29 18:00:00,57.39999999999998,-2.2000000000000126,0,0001,1.0,LAND,16.559967,11.868317,1010.8144,1.0412215922794855e-08,20,2025-06-06,37,40.02037996263323
2025-04-29 18:00:00,57.39999999999998,-2.3000000000000127,0,0001,1.0,LAND,16.972076,11.448395,1009.0544,1.004967456474936e-08,20,2025-06-06,37,34.79645121898301
2025-04-29 17:00:00,57.59999999999998,-3.1000000000000134,0,0001,1.0,LAND,16.08487,8.931793,1008.4319,9.176726573078896e-09,20,2025-06-06,37,44.611127017516715
2025-04-29 06:00:00,57.199999999999974,-2.1000000000000125,0,0001,1.0,LAND,9.933502,9.126495,1018.5019,9.188131144810966e-09,20,2025-06-06,37,41.84408072076466
2025-04-29 16:00:00,57.59999999999998,-3.2000000000000135,0,0001,1.0,LAND,16.528229,8.8003235,1008.66437,9.119308271484041e-09,20,2025-06-06,37,47.40084652634246
2025-04-29 17:00:00,57.59999999999998,-3.2000000000000135,0,0001,1.0,LAND,16.344635,8.869293,1008.6719,9.312162078482069e-09,20,2025-06-06,37,47.40084652634246
2025-04-29 23:00:00,57.39999999999998,-2.700000000000013,0,0001,1.0,LAND,11.530182,9.547028,999.945,9.287440376944222e-09,20,2025-06-06,37,19.19565270902045
2025-04-30 00:00:00,57.39999999999998,-2.400000000000013,0,0001,1.0,LAND,11.116852,9.334259,1008.3275,1.172529007220636e-08,20,2025-06-06,37,29.867335619501787
2025-04-30 00:00:00,57.39999999999998,-2.3000000000000127,0,0001,1.0,LAND,10.851227,9.127228,1009.7375,1.2147723271738147e-08,20,2025-06-06,37,34.79645121898301
2025-04-30 01:00:00,57.39999999999998,-2.2000000000000126,0,0001,1.0,LAND,10.247711,8.667023,1011.2025,1.2068601354386858e-08,20,2025-06-06,36,40.02037996263323
2025-04-30 01:00:00,57.39999999999998,-2.1000000000000125,0,0001,1.0,LAND,10.027008,8.420929,1013.1925,1.2506546962405958e-08,20,2025-06-06,36,45.437542608940014
2025-04-08 08:00:00,56.89999999999997,-2.400000000000013,0,0001,1.0,LAND,6.577667,4.5681458,1009.2519,9.163646360240265e-09,20,2025-06-06,58,44.120406631498994
2025-04-06 01:00:00,57.199999999999974,-2.500000000000013,0,0001,1.0,LAND,3.9950256,2.4769592,1009.54315,9.159616250660811e-09,20,2025-06-06,60,18.00130639883609
2025-04-03 06:00:00,57.09999999999997,-2.2000000000000126,0,0001,1.0,LAND,5.5069885,2.1856995,1018.15375,9.955859803234815e-09,20,2025-06-06,63,38.70796351931493
2025-04-03 06:00:00,57.09999999999997,-2.3000000000000127,0,0001,1.0,LAND,4.8038635,0.63687134,1013.6337,9.527835242995285e-09,20,2025-06-06,63,33.230622714978374
2025-04-07 23:00:00,56.79999999999997,-2.800000000000013,0,0001,1.0,LAND,5.3434143,4.2342834,1004.4437,1.176502351096749e-08,20,2025-06-06,59,48.336606259797435
2025-04-07 23:00:00,56.79999999999997,-2.700000000000013,0,0001,1.0,LAND,5.5836487,4.2967834,1012.8738,1.1455200528883122e-08,20,2025-06-06,59,48.65431596109307
2025-04-07 23:00:00,56.79999999999997,-2.600000000000013,0,0001,1.0,LAND,5.839508,4.4881897,1017.48376,1.1145377546798626e-08,20,2025-06-06,59,49.71256435797875
2025-04-11 21:00:00,57.09999999999997,-2.700000000000013,0,0001,1.0,LAND,10.327789,4.848297,991.1238,9.66343619360216e-09,20,2025-06-06,55,15.97091101565384
2025-04-11 22:00:00,57.09999999999997,-2.700000000000013,0,0001,1.0,LAND,9.214264,4.6523743,990.6044,1.0525812612719875e-08,20,2025-06-06,55,15.97091101565384
2025-04-11 22:00:00,57.09999999999997,-2.600000000000013,0,0001,1.0,LAND,9.196686,5.1719055,993.08435,1.1073987967365653e-08,20,2025-06-06,55,18.92964214660997
2025-04-11 18:00:00,56.99999999999997,-2.3000000000000127,0,0001,1.0,LAND,13.781403,6.504059,999.07935,9.678329158935229e-09,20,2025-06-06,55,39.53905600204514
2025-04-11 19:00:00,56.99999999999997,-2.400000000000013,0,0001,1.0,LAND,12.369049,8.481842,993.8781,9.44345493007296e-09,20,2025-06-06,55,35.22966881456107
2025-04-11 19:00:00,56.99999999999997,-2.3000000000000127,0,0001,1.0,LAND,12.472565,6.884186,998.7581,1.060389720359627e-08,20,2025-06-06,55,39.53905600204514
2025-04-30 00:00:00,57.5,-2.25,0,0001,1.0,MARINE,8.731842,7.3294983,1013.9381,1.2231456847366912e-08,20,2025-06-06,37,43.894939360184935
2025-04-08 01:00:00,57.0,-2.75,0,0001,1.0,MARINE,0.7760315,0.31411743,988.96625,1.1990992830612762e-08,20,2025-06-06,58,26.218409375040846
2025-04-08 00:00:00,57.0,-2.75,0,0001,1.0,MARINE,2.1307678,1.5399475,989.0775,1.2633136758921625e-08,20,2025-06-06,59,26.218409375040846
2025-04-08 06:00:00,57.0,-2.5,0,0001,1.0,MARINE,1.0084534,-0.3580017,1006.66187,9.513495630164537e-09,20,2025-06-06,58,31.49302832434753
2025-04-08 06:00:00,57.5,-3.25,0,0001,1.0,MARINE,1.3443909,1.0814514,1002.2419,9.82287673423338e-09,20,2025-06-06,58,40.30380445192238
2025-04-03 05:00:00,57.0,-2.25,0,0001,1.0,MARINE,3.983551,1.2689514,1018.28564,1.041362276965613e-08,20,2025-06-06,63,41.854195447865884
2025-04-03 04:00:00,57.0,-2.25,0,0001,1.0,MARINE,4.4513245,1.530426,1018.2456,1.0193384802903494e-08,20,2025-06-06,63,41.854195447865884
2025-04-11 20:00:00,57.0,-2.25,0,0001,1.0,MARINE,10.7621155,5.1922913,1004.6825,1.2123265292115078e-08,20,2025-06-06,55,41.854195447865884
2025-04-11 19:00:00,57.0,-2.25,0,0001,1.0,MARINE,12.62442,5.5189514,1004.8756,1.1184118340358045e-08,20,2025-06-06,55,41.854195447865884
2025-04-11 19:00:00,57.0,-2.5,0,0001,1.0,MARINE,13.425201,5.558014,994.5156,9.071990822913845e-09,20,2025-06-06,55,31.49302832434753
2025-04-11 18:00:00,57.0,-2.25,0,0001,1.0,MARINE,13.817535,6.0558167,1005.0925,1.0244971388601009e-08,20,2025-06-06,55,41.854195447865884
2025-05-01 11:00:00,56.99999999999997,-2.3000000000000127,0,0001,1.0,LAND,14.425934,9.966461,996.5687,1.064024762742537e-08,20,2025-06-06,35,39.53905600204514
2025-05-12 04:00:00,57.09999999999997,-2.400000000000013,0,0001,1.0,LAND,7.6454163,7.488678,998.08185,1.0870829273794101e-08,20,2025-06-06,24,27.98095695424412
2025-05-12 03:00:00,57.09999999999997,-2.400000000000013,0,0001,1.0,LAND,7.5003967,7.3941956,997.8237,1.1306255487397843e-08,20,2025-06-06,24,27.98095695424412
2025-05-13 00:00:00,57.09999999999997,-2.2000000000000126,0,0001,1.0,LAND,9.703888,9.268951,1010.9406,1.816257544362573e-08,20,2025-06-06,24,38.70796351931493
2025-05-13 00:00:00,57.09999999999997,-2.3000000000000127,0,0001,1.0,LAND,9.549591,9.220123,1006.53064,1.821514494793089e-08,20,2025-06-06,24,33.230622714978374
2025-05-12 23:00:00,57.09999999999997,-2.3000000000000127,0,0001,1.0,LAND,9.843414,9.39505,1006.32874,1.7381059804385428e-08,20,2025-06-06,24,33.230622714978374
2025-05-13 06:00:00,57.299999999999976,-2.3000000000000127,0,0001,1.0,LAND,8.205475,7.792389,1007.74,1.3142458676895944e-08,20,2025-06-06,23,30.4631305018836
2025-05-13 05:00:00,57.299999999999976,-2.3000000000000127,0,0001,1.0,LAND,6.9596252,6.808014,1007.2506,1.3537196400885193e-08,20,2025-06-06,23,30.4631305018836
2025-05-13 05:00:00,57.39999999999998,-2.3000000000000127,0,0001,1.0,LAND,7.1022034,6.946686,1009.1806,1.2671460695538629e-08,20,2025-06-06,23,34.79645121898301
2025-05-13 04:00:00,57.299999999999976,-2.2000000000000126,0,0001,1.0,LAND,6.927643,6.829254,1010.4856,1.413618318698233e-08,20,2025-06-06,23,36.33050644353857
2025-05-13 05:00:00,57.5,-2.25,0,0001,1.0,MARINE,7.2167053,7.153961,1014.09937,1.1992948153090834e-08,20,2025-06-06,23,43.894939360184935
2025-05-13 05:00:00,57.5,-2.5,0,0001,1.0,MARINE,7.021393,6.8941956,1009.8794,1.0653800293358722e-08,20,2025-06-06,23,34.30806585540185
2025-05-13 04:00:00,57.5,-2.5,0,0001,1.0,MARINE,7.2398987,7.2049866,1009.22375,1.0456218502152858e-08,20,2025-06-06,23,34.30806585540185
2025-05-13 03:00:00,57.25,-2.25,0,0001,1.0,MARINE,7.013092,7.004059,1009.72125,1.504744068236986e-08,20,2025-06-06,23,32.6574181405798
2025-03-20 07:00:00,55.99999999999996,-3.800000000000014,0,0001,1.0,LAND,0.250885,-0.90805054,1007.8088,2.579189247360919e-08,21,2025-06-01,72,33.94676414229574
2025-03-20 07:00:00,55.99999999999996,-3.900000000000014,0,0001,1.0,LAND,0.018463135,-0.8123474,1003.57874,2.5159927326729336e-08,21,2025-06-01,72,39.94364325460547
2025-03-20 07:00:00,56.09999999999996,-3.800000000000014,0,0001,1.0,LAND,0.5555725,-0.69125366,1005.63873,2.195720884742122e-08,21,2025-06-01,72,38.63820870086319
2025-03-20 06:00:00,55.99999999999996,-3.900000000000014,0,0001,1.0,LAND,0.5169983,-0.77523804,1003.1856,2.6303681011084736e-08,21,2025-06-01,72,39.94364325460547
2025-03-20 08:00:00,56.09999999999996,-3.800000000000014,0,0001,1.0,LAND,1.4396057,-0.09701538,1005.765,2.0971716511536418e-08,21,2025-06-01,72,38.63820870086319
2025-03-20 06:00:00,56.09999999999996,-3.900000000000014,0,0001,1.0,LAND,0.99160767,-0.43148804,1006.3756,2.2321999693099958e-08,21,2025-06-01,72,43.98722971271227
2025-03-20 05:00:00,55.99999999999996,-4.000000000000014,0,0001,1.0,LAND,0.361969,-1.2286072,997.3844,2.6575227055994093e-08,21,2025-06-01,72,46.001158180003046
2025-03-20 08:00:00,56.09999999999996,-3.700000000000014,0,0001,1.0,LAND,1.599762,-0.325531,1008.075,2.1397776957719374e-08,21,2025-06-01,72,33.589379557422895
2025-03-22 17:00:00,56.09999999999996,-3.900000000000014,0,0001,1.0,LAND,12.382965,9.246979,988.77936,1.580414090799796e-08,21,2025-06-01,70,43.98722971271227
2025-03-20 09:00:00,56.19999999999996,-3.600000000000014,0,0001,1.0,LAND,3.5309143,-0.0152282715,987.65125,1.7239820127025835e-08,21,2025-06-01,72,37.82047455675125
2025-03-19 18:00:00,55.99999999999996,-3.5000000000000138,0,0001,1.0,LAND,7.287018,0.82876587,1015.28815,2.1275406991704084e-08,21,2025-06-01,73,16.97221821472764
2025-03-19 18:00:00,55.99999999999996,-3.600000000000014,0,0001,1.0,LAND,7.2850647,0.48110962,1012.96814,2.2081617867540272e-08,21,2025-06-01,73,22.3307610584913
2025-03-19 17:00:00,55.99999999999996,-3.3000000000000136,0,0001,1.0,LAND,7.8539124,1.0587463,1014.9462,1.7462183810045358e-08,21,2025-06-01,73,9.967522585889125
2025-03-16 06:00:00,55.799999999999955,-3.900000000000014,0,0001,1.0,LAND,1.7306213,-0.051605225,1006.6188,9.561752833952484e-09,21,2025-06-01,76,40.72567629222103
2025-03-16 06:00:00,55.799999999999955,-4.000000000000014,0,0001,1.0,LAND,1.6856995,0.1300354,1011.09875,9.258034117109545e-09,21,2025-06-01,76,46.710639196975436
2025-03-16 05:00:00,55.799999999999955,-4.000000000000014,0,0001,1.0,LAND,1.7001038,0.12515259,1010.78876,9.862639260837535e-09,21,2025-06-01,76,46.710639196975436
2025-03-16 04:00:00,55.799999999999955,-4.000000000000014,0,0001,1.0,LAND,1.9225159,0.1793518,1010.60626,1.0467244404565528e-08,21,2025-06-01,76,46.710639196975436
2025-03-09 22:00:00,55.69999999999995,-2.600000000000013,0,0001,1.0,LAND,6.0594788,5.823883,982.04,2.6315345976376574e-08,21,2025-06-01,83,48.455985635257015
2025-03-22 17:00:00,56.25,-3.75,0,0001,1.0,MARINE,12.651764,9.302155,980.99,1.326528798496318e-08,21,2025-06-01,70,47.70863984260432
2025-03-22 17:00:00,56.0,-3.75,0,0001,1.0,MARINE,13.433014,9.337311,987.2,1.629062050996958e-08,21,2025-06-01,70,30.982086761443128
2025-03-20 06:00:00,56.0,-3.75,0,0001,1.0,MARINE,-0.94418335,-2.2227478,1004.77313,2.7431810600830443e-08,21,2025-06-01,72,30.982086761443128
2025-03-20 06:00:00,56.0,-4.0,0,0001,1.0,MARINE,-0.7625427,-2.0723572,1001.91315,2.555159461792269e-08,21,2025-06-01,72,46.00115818000318
2025-03-19 04:00:00,56.0,-3.25,0,0001,1.0,MARINE,-0.8374939,-2.2601013,1007.1769,9.381410241241741e-09,21,2025-06-01,73,10.03069334646306
2025-03-14 23:00:00,56.0,-3.5,0,0001,1.0,MARINE,2.6095276,-0.34848022,1008.1744,2.5448371965274832e-08,21,2025-06-01,78,16.972218214729693
2025-03-14 22:00:00,56.25,-3.5,0,0001,1.0,MARINE,3.5726624,-0.01889038,1005.8762,1.3046714491168544e-08,21,2025-06-01,78,40.10772486183661
2025-04-18 01:00:00,56.09999999999996,-3.900000000000014,0,0001,1.0,LAND,4.7132874,2.6498108,999.97626,1.210879086814219e-08,21,2025-06-01,43,43.98722971271227
2025-04-18 02:00:00,56.09999999999996,-3.700000000000014,0,0001,1.0,LAND,4.0777893,2.5724182,1001.0481,1.238420819597517e-08,21,2025-06-01,43,33.589379557422895
2025-04-18 02:00:00,55.99999999999996,-3.800000000000014,0,0001,1.0,LAND,3.855133,2.7638245,1000.8781,1.4297202014881545e-08,21,2025-06-01,43,33.94676414229574
2025-04-18 03:00:00,55.99999999999996,-3.600000000000014,0,0001,1.0,LAND,4.232086,2.457672,1006.5375,1.4375785561958326e-08,21,2025-06-01,43,22.3307610584913
2025-04-18 03:00:00,55.99999999999996,-3.5000000000000138,0,0001,1.0,LAND,4.747711,2.346344,1008.8675,1.3486575523024118e-08,21,2025-06-01,43,16.97221821472764
2025-04-29 19:00:00,55.899999999999956,-2.800000000000013,0,0001,1.0,LAND,16.16446,9.173126,998.8669,1.3476871257855428e-08,21,2025-06-01,32,29.8364259522366
2025-04-08 06:00:00,55.99999999999996,-3.700000000000014,0,0001,1.0,LAND,4.874176,3.820465,1019.2488,9.838514669625325e-09,21,2025-06-01,53,28.049455583133323
2025-04-08 05:00:00,55.899999999999956,-3.600000000000014,0,0001,1.0,LAND,4.902008,3.9513245,1005.1475,1.0922375485537984e-08,21,2025-06-01,53,20.092991636854048
2025-04-08 03:00:00,55.899999999999956,-3.800000000000014,0,0001,1.0,LAND,5.4200745,4.381012,1005.47186,1.803633853381342e-08,21,2025-06-01,53,32.54440822923959
2025-04-08 03:00:00,55.899999999999956,-3.700000000000014,0,0001,1.0,LAND,5.4513245,4.332184,1005.1319,1.5795004415510177e-08,21,2025-06-01,53,26.31695896702306
2025-04-08 04:00:00,55.899999999999956,-3.700000000000014,0,0001,1.0,LAND,5.1385803,4.122711,1005.02185,1.4224639836396074e-08,21,2025-06-01,53,26.31695896702306
2025-04-08 04:00:00,55.899999999999956,-3.600000000000014,0,0001,1.0,LAND,5.1385803,4.1148987,1004.90186,1.2238022891372457e-08,21,2025-06-01,53,20.092991636854048
2025-04-09 05:00:00,56.19999999999996,-3.5000000000000138,0,0001,1.0,LAND,3.625885,3.2777405,997.8094,9.984798691558261e-09,21,2025-06-01,52,34.940978662579454
2025-04-09 05:00:00,56.19999999999996,-3.4000000000000137,0,0001,1.0,LAND,3.8172913,3.4398499,1003.6394,9.75695213512128e-09,21,2025-06-01,52,32.9917752285147
2025-04-09 06:00:00,56.19999999999996,-3.5000000000000138,0,0001,1.0,LAND,3.7894592,3.3856506,997.8669,9.136302825397498e-09,21,2025-06-01,52,34.940978662579454
2025-04-01 03:00:00,56.19999999999996,-3.800000000000014,0,0001,1.0,LAND,6.2938538,5.967682,1000.97437,1.5602421965522558e-08,21,2025-06-01,60,45.61494968341633
2025-04-01 04:00:00,56.19999999999996,-3.700000000000014,0,0001,1.0,LAND,4.8121643,4.6211243,996.01935,1.4841151270891823e-08,21,2025-06-01,60,41.43676762121542
2025-04-01 05:00:00,56.19999999999996,-3.700000000000014,0,0001,1.0,LAND,3.315094,3.1959534,995.9556,1.3335908830940421e-08,21,2025-06-01,60,41.43676762121542
2025-04-01 05:00:00,56.19999999999996,-3.600000000000014,0,0001,1.0,LAND,3.1354065,2.9967346,993.33563,1.3904483009420095e-08,21,2025-06-01,60,37.82047455675125
2025-04-01 06:00:00,56.09999999999996,-3.700000000000014,0,0001,1.0,LAND,3.7010803,3.533844,1014.055,1.3193497377939704e-08,21,2025-06-01,60,33.589379557422895
2025-04-07 13:00:00,55.899999999999956,-4.000000000000014,0,0001,1.0,LAND,13.826324,6.075836,1004.8631,9.215931101591246e-09,21,2025-06-01,54,45.0039345084919
2025-04-07 14:00:00,55.899999999999956,-3.900000000000014,0,0001,1.0,LAND,14.430328,6.271637,1005.40875,1.0986664226534473e-08,21,2025-06-01,54,38.77365188290736
2025-04-07 15:00:00,55.99999999999996,-3.900000000000014,0,0001,1.0,LAND,14.673492,6.5453186,1009.4487,1.242246683297311e-08,21,2025-06-01,54,39.94364325460547
2025-04-07 16:00:00,56.09999999999996,-3.900000000000014,0,0001,1.0,LAND,14.678864,6.598419,1012.46814,1.1286434083621263e-08,21,2025-06-01,54,43.98722971271227
2025-04-07 17:00:00,56.09999999999996,-3.900000000000014,0,0001,1.0,LAND,14.468414,6.4808655,1012.445,1.216880191982561e-08,21,2025-06-01,54,43.98722971271227
2025-04-07 18:00:00,56.09999999999996,-4.000000000000014,0,0001,1.0,LAND,13.719391,6.893341,1008.5519,1.3276776955618733e-08,21,2025-06-01,54,49.539288571369745
2025-04-07 18:00:00,55.99999999999996,-3.900000000000014,0,0001,1.0,LAND,13.828766,6.8367004,1009.52185,1.5218416304919676e-08,21,2025-06-01,54,39.94364325460547
2025-04-07 19:00:00,55.99999999999996,-3.900000000000014,0,0001,1.0,LAND,13.185211,6.1197815,1009.435,1.6150399462235197e-08,21,2025-06-01,54,39.94364325460547
2025-04-07 20:00:00,55.899999999999956,-3.800000000000014,0,0001,1.0,LAND,11.184723,5.9684143,1004.64435,1.8471486525526527e-08,21,2025-06-01,54,32.54440822923959
2025-04-07 20:00:00,55.899999999999956,-3.700000000000014,0,0001,1.0,LAND,10.747223,5.886383,1004.3544,1.663806570295721e-08,21,2025-06-01,54,26.31695896702306
2025-04-07 03:00:00,55.99999999999996,-3.600000000000014,0,0001,1.0,LAND,4.188141,3.1351624,1020.40186,1.5437882749933684e-08,21,2025-06-01,54,22.3307610584913
2025-04-07 03:00:00,55.99999999999996,-3.5000000000000138,0,0001,1.0,LAND,4.393219,3.1722717,1022.7519,1.437362606715311e-08,21,2025-06-01,54,16.97221821472764
2025-04-07 04:00:00,55.99999999999996,-3.600000000000014,0,0001,1.0,LAND,3.8282776,2.9188538,1020.1906,1.507039559811372e-08,21,2025-06-01,54,22.3307610584913
2025-04-07 05:00:00,55.99999999999996,-3.700000000000014,0,0001,1.0,LAND,3.11026,2.5072327,1018.27185,1.3715891311603655e-08,21,2025-06-01,54,28.049455583133323
2025-04-07 06:00:00,55.99999999999996,-3.800000000000014,0,0001,1.0,LAND,2.0821838,1.7079163,1014.63,1.2404917537621477e-08,21,2025-06-01,54,33.94676414229574
2025-04-07 08:00:00,55.99999999999996,-3.900000000000014,0,0001,1.0,LAND,5.386383,3.8919983,1010.54376,1.0835282893139061e-08,21,2025-06-01,54,39.94364325460547
2025-04-12 04:00:00,56.09999999999996,-4.000000000000014,0,0001,1.0,LAND,5.5968323,3.6998596,992.81,3.226585221227875e-08,21,2025-06-01,49,49.539288571369745
2025-04-12 05:00:00,56.09999999999996,-3.900000000000014,0,0001,1.0,LAND,5.1688538,3.8021545,996.0119,3.0500134677130676e-08,21,2025-06-01,49,43.98722971271227
2025-04-12 06:00:00,56.09999999999996,-3.800000000000014,0,0001,1.0,LAND,4.8387756,3.365631,994.29376,2.870474968830363e-08,21,2025-06-01,49,38.63820870086319
2025-04-12 07:00:00,56.29999999999996,-3.2000000000000135,0,0001,1.0,LAND,5.801422,4.270172,994.835,1.9654128398846334e-08,21,2025-06-01,49,43.50519843622365
2025-04-18 03:00:00,56.0,-3.25,0,0001,1.0,MARINE,4.8172913,1.8866272,998.3137,1.1263550425688433e-08,21,2025-06-01,43,10.03069334646306
2025-04-18 03:00:00,56.0,-3.75,0,0001,1.0,MARINE,2.6669006,1.851471,998.02374,1.3570102042059475e-08,21,2025-06-01,43,30.982086761443128
2025-04-18 01:00:00,56.0,-3.75,0,0001,1.0,MARINE,3.8241272,1.855133,998.41125,1.5615106430110958e-08,21,2025-06-01,43,30.982086761443128
2025-04-18 01:00:00,56.0,-4.0,0,0001,1.0,MARINE,3.837799,1.8258362,995.59125,1.400389008458305e-08,21,2025-06-01,43,46.00115818000318
2025-04-18 00:00:00,56.0,-4.0,0,0001,1.0,MARINE,4.815094,2.183258,995.6887,1.4892187039094746e-08,21,2025-06-01,44,46.00115818000318
2025-04-18 04:00:00,56.0,-3.0,0,0001,1.0,MARINE,5.5072327,3.1039124,999.91626,9.161083299365553e-09,21,2025-06-01,43,19.93910739990311
2025-04-18 04:00:00,56.0,-3.25,0,0001,1.0,MARINE,4.671295,1.8304749,998.45624,1.0554797628496093e-08,21,2025-06-01,43,10.03069334646306
2025-04-07 19:00:00,56.0,-3.75,0,0001,1.0,MARINE,13.221344,4.4898987,1010.8694,1.5461815605633147e-08,21,2025-06-01,54,30.982086761443128
2025-04-07 22:00:00,55.75,-3.5,0,0001,1.0,MARINE,6.9356995,3.21109,994.4125,1.5128185361830983e-08,21,2025-06-01,54,22.64992999297143
2025-04-07 19:00:00,56.0,-4.0,0,0001,1.0,MARINE,12.779938,4.851227,1008.0694,1.6609455366634604e-08,21,2025-06-01,54,46.00115818000318
2025-04-07 15:00:00,56.0,-3.5,0,0001,1.0,MARINE,15.632721,5.1786194,1011.84625,1.2632802359746408e-08,21,2025-06-01,54,16.972218214729693
2025-04-07 13:00:00,56.0,-3.75,0,0001,1.0,MARINE,15.084869,5.834381,1011.0112,1.1533266119911606e-08,21,2025-06-01,54,30.982086761443128
2025-04-07 12:00:00,56.0,-3.75,0,0001,1.0,MARINE,14.047272,5.82901,1011.59686,1.0878507872291348e-08,21,2025-06-01,54,30.982086761443128
2025-04-07 16:00:00,56.0,-3.5,0,0001,1.0,MARINE,15.473541,5.313141,1011.64624,1.2958102738972668e-08,21,2025-06-01,54,16.972218214729693
2025-04-07 18:00:00,56.0,-3.75,0,0001,1.0,MARINE,14.536041,6.030182,1010.3025,1.4807057358012891e-08,21,2025-06-01,54,30.982086761443128
2025-04-07 18:00:00,56.0,-4.0,0,0001,1.0,MARINE,14.748932,6.3817444,1007.5125,1.5492655602856057e-08,21,2025-06-01,54,46.00115818000318
2025-04-07 16:00:00,56.0,-3.75,0,0001,1.0,MARINE,15.996979,5.346344,1010.26624,1.3497540862772378e-08,21,2025-06-01,54,30.982086761443128
2025-04-07 17:00:00,56.0,-3.75,0,0001,1.0,MARINE,15.648346,5.332428,1010.2919,1.4152299110392632e-08,21,2025-06-01,54,30.982086761443128
2025-04-07 06:00:00,56.0,-4.0,0,0001,1.0,MARINE,0.43618774,-0.20101929,1008.8831,1.0474413780769779e-08,21,2025-06-01,54,46.00115818000318
2025-04-07 05:00:00,56.0,-3.75,0,0001,1.0,MARINE,1.921051,1.0011292,1011.5444,1.322238274425973e-08,21,2025-06-01,54,30.982086761443128
2025-04-07 05:00:00,56.0,-4.0,0,0001,1.0,MARINE,0.6944885,-0.03012085,1008.71436,1.0754839907533939e-08,21,2025-06-01,54,46.00115818000318
2025-04-07 04:00:00,56.0,-3.5,0,0001,1.0,MARINE,2.5802307,1.1271057,1012.58435,1.4071767751033468e-08,21,2025-06-01,54,16.972218214729693
2025-04-07 04:00:00,56.0,-3.75,0,0001,1.0,MARINE,2.1114807,1.1544495,1011.2544,1.3557222011683792e-08,21,2025-06-01,54,30.982086761443128
2025-04-07 03:00:00,56.0,-3.75,0,0001,1.0,MARINE,2.7164612,1.6366272,1011.48065,1.3892061279107844e-08,21,2025-06-01,54,30.982086761443128
2025-04-07 02:00:00,56.0,-3.5,0,0001,1.0,MARINE,3.3460999,1.5057678,1012.7681,1.4675484383274922e-08,21,2025-06-01,54,16.972218214729693
2025-04-07 11:00:00,56.0,-3.75,0,0001,1.0,MARINE,12.842682,5.938629,1011.6881,1.1213347139715404e-08,21,2025-06-01,54,30.982086761443128
2025-04-07 10:00:00,56.0,-3.25,0,0001,1.0,MARINE,10.695953,5.186432,1011.9369,1.0748480772093402e-08,21,2025-06-01,54,10.03069334646306
2025-04-07 08:00:00,56.0,-4.0,0,0001,1.0,MARINE,4.5987854,3.2616272,1009.09,9.913561527241453e-09,21,2025-06-01,54,46.00115818000318
2025-04-07 07:00:00,56.0,-3.75,0,0001,1.0,MARINE,2.1940002,1.4017639,1011.87,1.2552704209411623e-08,21,2025-06-01,54,30.982086761443128
2025-04-07 07:00:00,56.0,-4.0,0,0001,1.0,MARINE,1.861969,0.97402954,1009.05,1.0193987654005614e-08,21,2025-06-01,54,46.00115818000318
2025-05-21 01:00:00,55.69999999999995,-3.900000000000014,0,0001,1.0,LAND,10.669586,8.421661,994.7656,1.072856408848388e-08,21,2025-06-01,10,45.39877227208012
2025-05-21 00:00:00,55.69999999999995,-3.5000000000000138,0,0001,1.0,LAND,11.236725,7.469269,990.1106,1.1905738006578273e-08,21,2025-06-01,11,27.26676256912932
2025-05-21 00:00:00,55.69999999999995,-3.600000000000014,0,0001,1.0,LAND,11.373444,7.922394,993.1306,1.2227773238392502e-08,21,2025-06-01,11,30.914647224866798
2025-05-21 00:00:00,55.799999999999955,-3.700000000000014,0,0001,1.0,LAND,11.053131,8.002472,990.78064,1.348845557469408e-08,21,2025-06-01,11,29.08053526569518
2025-05-21 00:00:00,55.799999999999955,-3.800000000000014,0,0001,1.0,LAND,10.916412,8.711456,995.2006,1.3167846590888228e-08,21,2025-06-01,11,34.830709228921215
2025-05-20 20:00:00,55.799999999999955,-3.2000000000000135,0,0001,1.0,LAND,14.6336975,8.011139,985.97,9.292163168546372e-09,21,2025-06-01,11,13.293579668081948
2025-05-20 21:00:00,55.69999999999995,-3.0000000000000133,0,0001,1.0,LAND,12.3993225,7.9116516,981.10065,9.118273237157142e-09,21,2025-06-01,11,29.220488693431893
2025-05-20 23:00:00,55.69999999999995,-3.2000000000000135,0,0001,1.0,LAND,11.06192,7.0451965,982.1856,1.030667113923345e-08,21,2025-06-01,11,23.987105119973734
2025-05-20 23:00:00,55.799999999999955,-3.4000000000000137,0,0001,1.0,LAND,11.245514,7.486603,984.60565,1.1976703272649407e-08,21,2025-06-01,11,14.511782958103984
2025-05-20 22:00:00,55.69999999999995,-3.0000000000000133,0,0001,1.0,LAND,11.591705,7.7826233,981.1194,9.667191188759207e-09,21,2025-06-01,11,29.220488693431893
2025-05-20 22:00:00,55.69999999999995,-3.1000000000000134,0,0001,1.0,LAND,11.73819,7.352936,981.2994,9.670450578045399e-09,21,2025-06-01,11,25.991484259433204
2025-05-20 22:00:00,56.09999999999996,-3.900000000000014,0,0001,1.0,LAND,13.398346,9.386139,1005.4194,1.2617192429732036e-08,21,2025-06-01,11,43.98722971271227
2025-05-20 06:00:00,55.99999999999996,-3.5000000000000138,0,0001,1.0,LAND,8.205963,6.945709,1019.77814,1.0986707543735782e-08,21,2025-06-01,11,16.97221821472764
2025-05-20 06:00:00,55.99999999999996,-3.600000000000014,0,0001,1.0,LAND,8.131744,6.896881,1017.4481,1.1057740501029637e-08,21,2025-06-01,11,22.3307610584913
2025-05-20 06:00:00,56.09999999999996,-3.700000000000014,0,0001,1.0,LAND,7.8055725,6.8753967,1011.72815,1.0207315603860973e-08,21,2025-06-01,11,33.589379557422895
2025-05-20 01:00:00,56.29999999999996,-3.4000000000000137,0,0001,1.0,LAND,7.99234,6.732086,1004.97687,1.1600060856320656e-08,21,2025-06-01,11,43.887798681151715
2025-05-20 01:00:00,56.29999999999996,-3.5000000000000138,0,0001,1.0,LAND,7.8263245,6.4742737,1001.78687,1.1565917362732672e-08,21,2025-06-01,11,45.36748459950023
2025-05-06 23:00:00,55.899999999999956,-3.700000000000014,0,0001,1.0,LAND,7.7916565,4.790558,1004.21185,9.133004265764324e-09,21,2025-06-01,25,26.31695896702306
2025-05-06 23:00:00,55.899999999999956,-3.600000000000014,0,0001,1.0,LAND,7.567047,4.874542,1004.1219,9.679178436758436e-09,21,2025-06-01,25,20.092991636854048
2025-05-05 19:00:00,55.799999999999955,-3.4000000000000137,0,0001,1.0,LAND,10.264801,2.1285706,991.1188,9.206839605516477e-09,21,2025-06-01,26,14.511782958103984
2025-05-11 05:00:00,56.09999999999996,-3.800000000000014,0,0001,1.0,LAND,8.924469,4.3172913,999.415,2.1084464470652177e-08,21,2025-06-01,20,38.63820870086319
2025-05-11 04:00:00,56.19999999999996,-3.800000000000014,0,0001,1.0,LAND,8.603424,3.6402893,988.9938,1.9611991142199393e-08,21,2025-06-01,20,45.61494968341633
2025-05-08 19:00:00,55.899999999999956,-4.000000000000014,0,0001,1.0,LAND,14.804352,7.0521545,1000.2413,1.002031896346586e-08,21,2025-06-01,23,45.0039345084919
2025-05-20 15:00:00,56.0,-3.25,0,0001,1.0,MARINE,19.653961,5.0489807,1005.85065,9.694109376345664e-09,21,2025-06-01,11,10.03069334646306
2025-05-20 15:00:00,56.0,-3.5,0,0001,1.0,MARINE,20.056305,4.3614807,1006.8906,1.0674149175659893e-08,21,2025-06-01,11,16.972218214729693
2025-05-20 14:00:00,56.0,-3.25,0,0001,1.0,MARINE,19.180817,5.5663147,1006.155,9.338596544209598e-09,21,2025-06-01,11,10.03069334646306
2025-05-20 22:00:00,56.0,-3.5,0,0001,1.0,MARINE,12.767731,7.2381897,1005.3206,1.4665998230670954e-08,21,2025-06-01,11,16.972218214729693
2025-05-20 03:00:00,56.25,-3.25,0,0001,1.0,MARINE,8.925934,6.981598,1015.9794,1.0994600722902304e-08,21,2025-06-01,11,37.71473876114689
2025-05-20 03:00:00,56.25,-3.5,0,0001,1.0,MARINE,8.144684,6.3624573,1009.1294,1.0884233694885617e-08,21,2025-06-01,11,40.10772486183661
2025-05-06 22:00:00,56.0,-3.75,0,0001,1.0,MARINE,9.615143,4.9482727,1010.9819,9.123917205089245e-09,21,2025-06-01,25,30.982086761443128
2025-05-08 19:00:00,56.0,-4.0,0,0001,1.0,MARINE,14.6719055,8.062897,1003.8063,1.065317397260411e-08,21,2025-06-01,23,46.00115818000318
2025-03-20 06:00:00,53.699999999999925,-0.7000000000000116,0,0001,1.0,LAND,2.903717,1.7286682,1018.15564,2.1661899163306255e-08,22,2025-06-01,72,24.992693708104287
2025-03-20 05:00:00,53.799999999999926,-0.8000000000000116,0,0001,1.0,LAND,3.1080627,2.163971,1019.64435,2.3177962253189357e-08,22,2025-06-01,72,21.51432128111948
2025-04-29 04:00:00,54.09999999999993,-0.7000000000000116,0,0001,1.0,LAND,10.29483,8.500885,1017.02185,1.6751104355468837e-08,22,2025-06-01,32,25.604639169800354
2025-04-29 05:00:00,54.09999999999993,-0.7000000000000116,0,0001,1.0,LAND,9.957306,8.334503,1016.9956,1.704468458966585e-08,22,2025-06-01,32,25.604639169800354
2025-04-29 05:00:00,53.99999999999993,-0.7000000000000116,0,0001,1.0,LAND,9.678009,8.123566,1013.35565,1.7087590009622746e-08,22,2025-06-01,32,16.641151901192476
2025-04-29 06:00:00,54.09999999999993,-0.7000000000000116,0,0001,1.0,LAND,10.261627,8.739777,1016.8819,1.7338264823862865e-08,22,2025-06-01,32,25.604639169800354
2025-04-29 03:00:00,54.19999999999993,-0.9000000000000116,0,0001,1.0,LAND,11.215729,9.439606,1024.8744,1.653193337780601e-08,22,2025-06-01,32,42.021139456508834
2025-04-28 20:00:00,54.09999999999993,-0.8000000000000116,0,0001,1.0,LAND,16.22232,10.122467,1019.4844,1.315132358570315e-08,22,2025-06-01,33,29.25019032805875
2025-04-29 02:00:00,54.19999999999993,-1.0000000000000115,0,0001,1.0,LAND,11.159576,9.332184,1020.57935,1.6679341759603288e-08,22,2025-06-01,32,46.21405965756416
2025-04-29 03:00:00,54.19999999999993,-1.0000000000000115,0,0001,1.0,LAND,11.028229,9.154449,1020.4844,1.6850686623826272e-08,22,2025-06-01,32,46.21405965756416
2025-04-28 18:00:00,53.89999999999993,-0.5000000000000117,0,0001,1.0,LAND,18.028473,11.082184,1020.8806,1.1828248269729408e-08,22,2025-06-01,33,1.1064409546399625
2025-04-28 19:00:00,53.99999999999993,-0.7000000000000116,0,0001,1.0,LAND,17.484528,10.087921,1012.8787,1.2770451881157259e-08,22,2025-06-01,33,16.641151901192476
2025-04-15 05:00:00,53.699999999999925,-1.2000000000000117,0,0001,1.0,LAND,6.9527893,5.5523987,991.82935,9.686361157612743e-09,22,2025-06-01,46,49.96752395835586
2025-04-28 19:00:00,54.0,-0.75,0,0001,1.0,MARINE,16.210602,10.579254,1018.22375,1.278859869853948e-08,22,2025-06-01,33,19.14290772440179
2025-04-29 06:00:00,54.25,-0.75,0,0001,1.0,MARINE,9.828278,8.848785,1015.1175,1.7299338683773855e-08,22,2025-06-01,32,42.145558523293396
2025-04-29 05:00:00,54.0,-0.75,0,0001,1.0,MARINE,8.423737,7.6286926,1018.97,1.704169583227595e-08,22,2025-06-01,32,19.14290772440179
2025-04-29 03:00:00,54.0,-0.75,0,0001,1.0,MARINE,8.899078,7.931793,1019.1094,1.662624637965837e-08,22,2025-06-01,32,19.14290772440179
2025-04-29 02:00:00,54.0,-0.75,0,0001,1.0,MARINE,8.687897,7.841217,1018.97,1.6418521653349582e-08,22,2025-06-01,32,19.14290772440179
2025-05-20 22:00:00,53.699999999999925,-0.9000000000000116,0,0001,1.0,LAND,13.665924,7.854889,1017.4494,1.4218439795913804e-08,22,2025-06-01,11,33.38707795873535
2025-05-23 19:00:00,53.59999999999992,-0.6000000000000116,0,0001,1.0,LAND,15.668854,4.959137,1012.79,9.568015046923549e-09,22,2025-06-01,8,33.45440539927218
2025-05-23 18:00:00,53.49999999999992,-0.7000000000000116,0,0001,1.0,LAND,16.426666,3.0873108,1013.6406,9.468998918293986e-09,22,2025-06-01,8,45.74788484845561
2025-05-23 17:00:00,53.49999999999992,-0.7000000000000116,0,0001,1.0,LAND,17.21939,2.5204163,1013.78125,9.13009295944191e-09,22,2025-06-01,8,45.74788484845561
2025-05-23 17:00:00,53.59999999999992,-0.7000000000000116,0,0001,1.0,LAND,16.502594,3.2294006,1014.29126,9.038920982066758e-09,22,2025-06-01,8,35.14411592280381
2025-05-28 15:00:00,53.75,0.0,0,0001,1.0,MARINE,14.021637,10.26236,1015.95624,9.303821713047037e-09,22,2025-06-01,3,37.589960891704465
2025-05-23 19:00:00,53.5,-0.5,0,0001,1.0,MARINE,14.403717,6.172516,1010.78375,9.338225655704721e-09,22,2025-06-01,8,44.12674461652206
2025-05-23 18:00:00,53.5,-0.5,0,0001,1.0,MARINE,15.844391,5.3407288,1010.83374,9.036411618978964e-09,22,2025-06-01,8,44.12674461652206
2025-03-20 06:00:00,53.699999999999925,-1.9000000000000123,0,0001,1.0,LAND,3.3607483,0.07632446,990.1456,2.5275028819882708e-08,23,2025-06-01,72,49.411448241189646
2025-03-20 05:00:00,53.699999999999925,-1.9000000000000123,0,0001,1.0,LAND,3.3990784,0.09951782,990.1844,2.7244555014794304e-08,23,2025-06-01,72,49.411448241189646
2025-03-19 08:00:00,54.399999999999935,-1.400000000000012,0,0001,1.0,LAND,1.7296448,-0.12875366,1014.8013,1.1623388769995501e-08,23,2025-06-01,73,35.43029026070853
2025-03-19 08:00:00,54.399999999999935,-1.3000000000000118,0,0001,1.0,LAND,2.1632385,0.3380432,1006.11127,1.1527279279259218e-08,23,2025-06-01,73,37.74148309036181
2025-03-19 07:00:00,54.399999999999935,-1.400000000000012,0,0001,1.0,LAND,0.5877991,-1.1748962,1014.53064,1.1278067294877009e-08,23,2025-06-01,73,35.43029026070853
2025-03-15 23:00:00,53.89999999999993,-1.9000000000000123,0,0001,1.0,LAND,2.8614807,0.546051,1002.3425,2.2651712068557193e-08,23,2025-06-01,77,31.406557731598014
2025-03-15 22:00:00,54.29999999999993,-1.1000000000000116,0,0001,1.0,LAND,3.006012,1.1827698,1000.67,1.4582095716106361e-08,23,2025-06-01,77,37.2052429183729
2025-03-15 22:00:00,54.399999999999935,-1.0000000000000115,0,0001,1.0,LAND,2.6759338,0.91519165,992.05,1.2385054611505152e-08,23,2025-06-01,77,49.37903210802728
2025-03-15 21:00:00,54.29999999999993,-1.9000000000000123,0,0001,1.0,LAND,3.3087463,-0.10702515,990.28125,1.2435882219831548e-08,23,2025-06-01,77,32.30410670737049
2025-03-15 21:00:00,54.399999999999935,-2.0000000000000124,0,0001,1.0,LAND,2.9259338,-0.5699158,984.8113,9.711904280786107e-09,23,2025-06-01,77,44.871822691096256
2025-03-15 22:00:00,53.99999999999993,-1.7000000000000122,0,0001,1.0,LAND,3.5040588,0.9034729,1002.47,2.210778432543201e-08,23,2025-06-01,77,14.285381057412799
2025-03-20 05:00:00,53.75,-2.0,0,0001,1.0,MARINE,2.7731018,-0.5501404,991.3694,2.692429801332015e-08,23,2025-06-01,72,48.24646218177049
2025-03-19 23:00:00,54.0,-2.25,0,0001,1.0,MARINE,6.125885,0.29971313,986.59875,3.025864303563032e-08,23,2025-06-01,73,46.85197257907024
2025-03-19 22:00:00,53.75,-2.0,0,0001,1.0,MARINE,4.917145,0.35440063,991.9294,3.324159941753305e-08,23,2025-06-01,73,48.24646218177049
2025-03-25 18:00:00,53.75,-1.25,0,0001,1.0,MARINE,12.757599,8.515045,1019.9425,1.258747647780994e-08,23,2025-06-01,67,42.9815376734346
2025-03-15 21:00:00,54.25,-1.5,0,0001,1.0,MARINE,3.6351624,1.2069397,1009.67065,1.610916643482491e-08,23,2025-06-01,77,17.684377306556506
2025-03-15 21:00:00,54.5,-1.75,0,0001,1.0,MARINE,2.348053,-0.45321655,997.7406,1.2753438138890246e-08,23,2025-06-01,77,46.99862143756956
2025-03-13 23:00:00,54.0,-2.25,0,0001,1.0,MARINE,2.264557,0.4750061,973.4025,1.0981644593678128e-08,23,2025-06-01,79,46.85197257907024
2025-04-29 21:00:00,54.19999999999993,-2.1000000000000125,0,0001,1.0,LAND,14.571686,9.565094,979.59937,2.1279435991061663e-08,23,2025-06-01,32,37.69985179577922
2025-04-29 22:00:00,54.29999999999993,-2.1000000000000125,0,0001,1.0,LAND,13.389435,9.092194,978.42377,2.186944425552878e-08,23,2025-06-01,32,42.48124518614024
2025-04-29 23:00:00,54.29999999999993,-2.1000000000000125,0,0001,1.0,LAND,12.608307,8.781403,978.275,2.2239721619854237e-08,23,2025-06-01,32,42.48124518614024
2025-04-29 03:00:00,54.19999999999993,-0.9000000000000116,0,0001,1.0,LAND,11.215729,9.439606,1024.8744,1.653193337780601e-08,23,2025-06-01,32,43.97189095730883
2025-04-28 20:00:00,54.09999999999993,-0.8000000000000116,0,0001,1.0,LAND,16.22232,10.122467,1019.4844,1.315132358570315e-08,23,2025-06-01,33,48.930562624103665
2025-04-28 23:00:00,54.29999999999993,-1.1000000000000116,0,0001,1.0,LAND,12.461578,9.810455,1002.4456,1.598658964467158e-08,23,2025-06-01,33,37.2052429183729
2025-04-29 00:00:00,54.29999999999993,-1.1000000000000116,0,0001,1.0,LAND,11.697174,9.418121,1002.4481,1.668204707705486e-08,23,2025-06-01,33,37.2052429183729
2025-04-29 00:00:00,54.29999999999993,-1.0000000000000115,0,0001,1.0,LAND,11.837799,9.556793,1005.27814,1.6057445595408025e-08,23,2025-06-01,33,42.516291606950766
2025-04-29 01:00:00,54.29999999999993,-1.0000000000000115,0,0001,1.0,LAND,11.095856,9.045319,1005.28436,1.6260180313310306e-08,23,2025-06-01,32,42.516291606950766
2025-04-29 02:00:00,54.29999999999993,-1.0000000000000115,0,0001,1.0,LAND,10.735748,8.783356,1005.3594,1.6462915031212598e-08,23,2025-06-01,32,42.516291606950766
2025-04-29 02:00:00,54.19999999999993,-1.0000000000000115,0,0001,1.0,LAND,11.159576,9.332184,1020.57935,1.6679341759603288e-08,23,2025-06-01,32,37.73943442772684
2025-04-29 03:00:00,54.19999999999993,-1.0000000000000115,0,0001,1.0,LAND,11.028229,9.154449,1020.4844,1.6850686623826272e-08,23,2025-06-01,32,37.73943442772684
2025-04-11 20:00:00,53.699999999999925,-1.8000000000000123,0,0001,1.0,LAND,13.681305,8.874908,996.13,2.3232779107947572e-08,23,2025-06-01,50,46.73539050726092
2025-04-11 21:00:00,53.89999999999993,-1.9000000000000123,0,0001,1.0,LAND,12.044586,8.080719,994.16376,2.670218968159367e-08,23,2025-06-01,50,31.406557731598014
2025-04-11 19:00:00,53.699999999999925,-1.600000000000012,0,0001,1.0,LAND,16.246002,9.200592,1008.89813,1.810559309885614e-08,23,2025-06-01,50,43.89961804700707
2025-04-15 05:00:00,53.699999999999925,-1.2000000000000117,0,0001,1.0,LAND,6.9527893,5.5523987,991.82935,9.686361157612743e-09,23,2025-06-01,46,49.430905301903486
2025-04-28 22:00:00,54.25,-1.0,0,0001,1.0,MARINE,11.332916,8.9479065,1012.0144,1.4880530289455472e-08,23,2025-06-01,33,39.81255491815442
2025-04-28 23:00:00,54.25,-1.0,0,0001,1.0,MARINE,11.254791,9.114899,1012.2625,1.5538789551368944e-08,23,2025-06-01,33,39.81255491815442
2025-04-29 00:00:00,54.25,-1.0,0,0001,1.0,MARINE,11.404938,9.23233,1012.4306,1.6197048813282415e-08,23,2025-06-01,33,39.81255491815442
2025-04-29 07:00:00,54.25,-1.5,0,0001,1.0,MARINE,12.96402,10.596588,1011.60376,1.749933759009908e-08,23,2025-06-01,32,17.684377306556506
2025-04-29 07:00:00,54.5,-1.25,0,0001,1.0,MARINE,11.505035,9.877838,1017.51373,1.745095204452862e-08,23,2025-06-01,32,49.20120474951286
2025-04-29 07:00:00,54.5,-1.75,0,0001,1.0,MARINE,12.20816,9.979401,999.96375,1.5422838968900034e-08,23,2025-06-01,32,46.99862143756956
2025-04-29 06:00:00,53.75,-1.5,0,0001,1.0,MARINE,10.400543,9.323395,1014.9775,1.9578389409691298e-08,23,2025-06-01,32,38.36080367057833
2025-04-29 07:00:00,54.25,-1.75,0,0001,1.0,MARINE,12.854645,10.332916,999.47375,1.69774124851124e-08,23,2025-06-01,32,21.700884502663154
2025-04-29 21:00:00,54.25,-2.25,0,0001,1.0,MARINE,14.589752,8.666412,983.7356,2.2062172366776957e-08,23,2025-06-01,32,48.744082384382416
2025-04-29 23:00:00,54.25,-2.0,0,0001,1.0,MARINE,11.298737,7.7796936,989.9875,2.1543798041830457e-08,23,2025-06-01,32,34.039399420796045
2025-04-08 05:00:00,53.75,-1.75,0,0001,1.0,MARINE,1.9842834,0.8910217,1002.20435,9.630774099508009e-09,23,2025-06-01,53,40.39374662058989
2025-04-11 21:00:00,54.0,-2.0,0,0001,1.0,MARINE,8.611969,4.5047913,987.84564,2.7138947755745072e-08,23,2025-06-01,50,31.15183603198655
2025-04-11 20:00:00,54.0,-2.0,0,0001,1.0,MARINE,10.504303,4.8368225,988.2525,2.5087417476754766e-08,23,2025-06-01,50,31.15183603198655
2025-04-11 19:00:00,53.75,-1.75,0,0001,1.0,MARINE,14.854889,6.1478577,992.33563,2.0845861953278092e-08,23,2025-06-01,50,40.39374662058989
2025-04-11 18:00:00,53.75,-1.5,0,0001,1.0,MARINE,18.399567,8.563629,1005.9825,1.605477417676573e-08,23,2025-06-01,50,38.36080367057833
2025-05-20 20:00:00,54.499999999999936,-1.600000000000012,0,0001,1.0,LAND,15.213776,6.620514,1007.16,1.0722537792846551e-08,23,2025-06-01,11,45.29204036283528
2025-05-20 20:00:00,54.19999999999993,-1.1000000000000116,0,0001,1.0,LAND,14.518463,7.53067,1008.73,1.1350041869325732e-08,23,2025-06-01,11,31.620133981603015
2025-05-20 21:00:00,54.499999999999936,-1.3000000000000118,0,0001,1.0,LAND,13.434479,7.274933,1012.7406,1.168458339285943e-08,23,2025-06-01,11,48.00860837064828
2025-05-20 21:00:00,54.499999999999936,-1.400000000000012,0,0001,1.0,LAND,13.934479,7.478058,1015.2606,1.1718865506465506e-08,23,2025-06-01,11,46.21822499738432
2025-05-20 20:00:00,54.25,-1.25,0,0001,1.0,MARINE,15.257721,5.832428,1007.35376,1.0985034462502697e-08,23,2025-06-01,11,26.15547992857838
2025-05-07 01:00:00,53.75,-2.0,0,0001,1.0,MARINE,5.1732483,3.7059631,996.71875,1.8975792344851565e-08,23,2025-06-01,24,48.24646218177049
2025-05-09 00:00:00,54.5,-1.5,0,0001,1.0,MARINE,5.594391,3.9554749,1008.41,9.417691737567565e-09,23,2025-06-01,23,45.29501532015433
2025-05-08 23:00:00,54.5,-1.25,0,0001,1.0,MARINE,7.409088,5.2466125,1013.6981,9.337273121356927e-09,23,2025-06-01,23,49.20120474951286
2025-05-08 23:00:00,54.5,-1.5,0,0001,1.0,MARINE,6.157135,4.209503,1008.6181,9.291686716335696e-09,23,2025-06-01,23,45.29501532015433
2025-03-01 13:00:00,52.399999999999906,1.0999999999999883,0,0001,1.0,LAND,6.379547,3.098053,1030.9106,1.0758868277763587e-08,24,2025-05-30,89,16.612547578184483
2025-03-01 13:00:00,52.399999999999906,0.9999999999999882,0,0001,1.0,LAND,6.578766,3.2210999,1031.2306,1.0778859804715924e-08,24,2025-05-30,89,16.58884560225994
2025-03-23 11:00:00,52.0,1.5,0,0001,1.0,MARINE,9.707428,9.046295,1000.90186,1.6609224144185342e-08,24,2025-05-30,67,41.76218482254643
2025-03-23 10:00:00,52.0,1.5,0,0001,1.0,MARINE,9.196686,8.529205,1000.5062,1.6701427648276367e-08,24,2025-05-30,67,41.76218482254643
2025-03-24 18:00:00,52.5,0.5,0,0001,1.0,MARINE,10.2916565,3.9413147,1017.1337,2.7979911165765444e-08,24,2025-05-30,66,46.2445201865057
2025-03-02 02:00:00,52.0,1.25,0,0001,1.0,MARINE,1.4303284,1.0462952,1033.8237,2.318989953768204e-08,24,2025-05-30,88,31.382420827944227
2025-03-02 02:00:00,52.0,1.5,0,0001,1.0,MARINE,2.442047,0.8216858,1034.5138,1.510608249599689e-08,24,2025-05-30,88,41.76218482254643
2025-03-01 14:00:00,52.5,0.75,0,0001,1.0,MARINE,9.047028,1.6158752,1030.4231,1.270876411515079e-08,24,2025-05-30,89,34.07908483206603
2025-03-01 13:00:00,52.25,0.75,0,0001,1.0,MARINE,7.9115295,2.6688538,1027.575,1.0067535434939471e-08,24,2025-05-30,89,20.36827566823563
2025-03-01 13:00:00,52.5,1.0,0,0001,1.0,MARINE,7.917389,3.1942444,1029.725,1.1240580207368473e-08,24,2025-05-30,89,27.57121612367404
2025-03-01 13:00:00,52.5,0.75,0,0001,1.0,MARINE,8.278717,3.0731506,1030.575,1.1632094879902214e-08,24,2025-05-30,89,34.07908483206603
2025-03-02 03:00:00,52.0,1.5,0,0001,1.0,MARINE,2.351715,1.2833557,1034.1132,1.5109582307548574e-08,24,2025-05-30,88,41.76218482254643
2025-03-02 07:00:00,52.0,1.5,0,0001,1.0,MARINE,1.335846,1.0357971,1034.3575,1.5123581553755332e-08,24,2025-05-30,88,41.76218482254643
2025-04-21 19:00:00,52.59999999999991,0.5999999999999883,0,0001,1.0,LAND,11.353546,9.11673,1007.53815,9.324996848765525e-09,24,2025-05-30,38,49.07905066087947
2025-04-21 19:00:00,52.59999999999991,0.6999999999999883,0,0001,1.0,LAND,11.316437,9.024933,1006.08813,9.439206823576276e-09,24,2025-05-30,38,45.185824531903684
2025-04-21 19:00:00,52.59999999999991,0.7999999999999883,0,0001,1.0,LAND,11.289093,8.907745,1005.3081,9.553416798387026e-09,24,2025-05-30,38,42.032227057536005
2025-04-21 19:00:00,52.59999999999991,0.8999999999999883,0,0001,1.0,LAND,11.251984,8.856964,1005.2981,9.98642096794409e-09,24,2025-05-30,38,39.794495328694495
2025-04-27 01:00:00,51.9999999999999,0.5999999999999883,0,0001,1.0,LAND,7.6269836,6.944977,1018.4969,1.9906611100259253e-08,24,2025-05-30,32,41.67653573478837
2025-04-27 01:00:00,51.9999999999999,0.6999999999999883,0,0001,1.0,LAND,7.7988586,7.0465393,1019.7469,2.0012068742877262e-08,24,2025-05-30,32,36.94500993700228
2025-04-27 02:00:00,52.59999999999991,1.4999999999999887,0,0001,1.0,LAND,7.613556,7.057892,1023.2456,1.612785068457449e-08,24,2025-05-30,32,49.15082406080091
2025-04-27 10:00:00,52.0999999999999,1.2999999999999885,0,0001,1.0,LAND,14.008942,8.649811,1023.5556,1.2246817004957497e-08,24,2025-05-30,32,24.19314788272142
2025-04-15 16:00:00,52.0999999999999,0.39999999999998836,0,0001,1.0,LAND,14.632477,8.007721,986.315,1.2636998188615823e-08,24,2025-05-30,44,47.455165718487784
2025-04-15 16:00:00,52.0999999999999,0.49999999999998834,0,0001,1.0,LAND,14.644196,7.978424,984.875,1.3045575397718385e-08,24,2025-05-30,44,41.16854217684867
2025-04-15 17:00:00,52.299999999999905,0.6999999999999883,0,0001,1.0,LAND,14.854645,7.7340393,988.72626,1.296961914716991e-08,24,2025-05-30,44,24.301509349625615
2025-04-27 02:00:00,52.5,1.5,0,0001,1.0,MARINE,6.858917,6.4548645,1022.2294,1.6639056465983713e-08,24,2025-05-30,32,41.05653173086715
2025-04-27 01:00:00,52.0,0.75,0,0001,1.0,MARINE,6.753937,5.999176,1018.6969,2.00647975641862e-08,24,2025-05-30,32,34.84082354807407
2025-04-11 12:00:00,52.25,1.75,0,0001,1.0,MARINE,11.943756,6.634674,1021.4794,3.1481286189017024e-08,24,2025-05-30,48,47.710491868438076
2025-04-15 17:00:00,52.25,1.0,0,0001,1.0,MARINE,13.226227,10.127106,990.98315,1.4070541611473437e-08,24,2025-05-30,44,3.3731594679475894
2025-04-15 17:00:00,52.25,0.75,0,0001,1.0,MARINE,13.505524,9.826324,989.3331,1.3028323612070492e-08,24,2025-05-30,44,20.36827566823563
2025-04-15 16:00:00,52.0,1.0,0,0001,1.0,MARINE,12.434235,9.983551,991.5806,1.4856659236173367e-08,24,2025-05-30,44,28.427509087742482
2025-04-15 16:00:00,52.25,0.5,0,0001,1.0,MARINE,12.9947815,9.563629,989.7506,1.3429583167745466e-08,24,2025-05-30,44,37.3842552356678
2025-04-15 14:00:00,52.5,0.5,0,0001,1.0,MARINE,12.381989,9.904694,994.1894,1.682704861560847e-08,24,2025-05-30,44,46.2445201865057
2025-04-15 13:00:00,52.25,0.5,0,0001,1.0,MARINE,11.966461,9.660553,989.6744,1.737956471792299e-08,24,2025-05-30,44,37.3842552356678
2025-05-28 20:00:00,51.8999999999999,0.6999999999999883,0,0001,1.0,LAND,16.484283,10.703278,1016.1981,1.0459394498656673e-08,24,2025-05-30,1,46.01768574259165
2025-05-03 06:00:00,52.49999999999991,1.5999999999999888,0,0001,1.0,LAND,9.790192,8.809967,1011.9381,1.185065401365589e-08,24,2025-05-30,26,46.337806112350904
2025-05-03 06:00:00,52.49999999999991,1.4999999999999887,0,0001,1.0,LAND,9.528473,8.784576,1010.8881,1.1645978348350823e-08,24,2025-05-30,26,41.05653173085976
2025-05-03 04:00:00,52.49999999999991,1.4999999999999887,0,0001,1.0,LAND,9.343903,8.5961,1011.54126,1.1519353471100636e-08,24,2025-05-30,26,41.05653173085976
2025-05-28 20:00:00,52.0,0.75,0,0001,1.0,MARINE,16.057037,10.844391,1014.1981,9.598247382077589e-09,24,2025-05-30,1,34.84082354807407
2025-05-28 19:00:00,52.0,1.0,0,0001,1.0,MARINE,16.08731,11.918121,1015.0588,9.164989804115276e-09,24,2025-05-30,1,28.427509087742482
2025-05-03 10:00:00,52.0,1.5,0,0001,1.0,MARINE,12.722321,8.973053,1011.09314,1.3921711302285746e-08,24,2025-05-30,26,41.76218482254643
2025-05-03 03:00:00,52.5,0.5,0,0001,1.0,MARINE,8.693268,7.0223694,1012.52,9.70916796960704e-09,24,2025-05-30,26,46.2445201865057
2025-05-03 03:00:00,52.5,0.75,0,0001,1.0,MARINE,7.839752,7.2723694,1010.61,9.993078503578397e-09,24,2025-05-30,26,34.07908483206603
2025-05-03 09:00:00,52.0,1.5,0,0001,1.0,MARINE,12.156158,9.0729065,1011.1281,1.3836864376504193e-08,24,2025-05-30,26,41.76218482254643
2025-05-03 06:00:00,52.25,0.5,0,0001,1.0,MARINE,9.347565,8.325348,1007.2444,9.918732751801286e-09,24,2025-05-30,26,37.3842552356678
2025-05-03 04:00:00,52.5,1.25,0,0001,1.0,MARINE,6.5367737,6.5384827,1010.265,1.0936393124438764e-08,24,2025-05-30,26,30.576530965038387
2025-05-03 03:00:00,52.5,1.0,0,0001,1.0,MARINE,7.1073303,7.0399475,1009.72,1.0381793258407104e-08,24,2025-05-30,26,27.57121612367404
2025-03-20 05:00:00,52.89999999999991,-1.500000000000012,0,0001,1.0,LAND,5.7565002,2.8456116,1009.97437,2.2492792480419166e-08,25,2025-05-29,69,24.984041551655267
2025-03-19 21:00:00,52.79999999999991,-1.400000000000012,0,0001,1.0,LAND,8.937653,4.172516,1008.6788,2.993422643093693e-08,25,2025-05-29,70,12.56555706354752
2025-03-19 21:00:00,52.89999999999991,-1.3000000000000118,0,0001,1.0,LAND,8.925934,3.9029846,1013.0588,3.01069065650212e-08,25,2025-05-29,70,24.171009317598088
2025-03-19 21:00:00,52.89999999999991,-1.400000000000012,0,0001,1.0,LAND,8.902496,3.770172,1011.91876,2.825067688117122e-08,25,2025-05-29,70,23.643416341037213
2025-03-19 21:00:00,52.89999999999991,-1.500000000000012,0,0001,1.0,LAND,8.923981,3.6510315,1010.4988,2.639444719732124e-08,25,2025-05-29,70,24.984041551655267
2025-03-19 21:00:00,52.89999999999991,-1.600000000000012,0,0001,1.0,LAND,8.951324,3.533844,1009.63873,2.453821751347162e-08,25,2025-05-29,70,27.925098986314964
2025-03-19 20:00:00,52.69999999999991,-1.500000000000012,0,0001,1.0,LAND,9.881744,4.426178,1006.8844,2.5846385439305134e-08,25,2025-05-29,70,8.339848896193361
2025-03-19 22:00:00,52.89999999999991,-1.500000000000012,0,0001,1.0,LAND,8.282867,3.4457092,1010.7075,2.763694392782384e-08,25,2025-05-29,70,24.984041551655267
2025-03-20 01:00:00,52.89999999999991,-1.500000000000012,0,0001,1.0,LAND,6.8868713,2.8868713,1010.8038,2.8596108407147077e-08,25,2025-05-29,69,24.984041551655267
2025-03-20 01:00:00,52.89999999999991,-1.600000000000012,0,0001,1.0,LAND,7.0274963,2.8731995,1009.96375,2.6342363697771404e-08,25,2025-05-29,69,27.925098986314964
2025-03-20 00:00:00,52.89999999999991,-1.500000000000012,0,0001,1.0,LAND,7.2362366,2.9850159,1010.7537,3.012193738882905e-08,25,2025-05-29,70,24.984041551655267
2025-03-19 23:00:00,52.79999999999991,-1.400000000000012,0,0001,1.0,LAND,7.6368713,3.9461975,1008.90686,3.3164252603391966e-08,25,2025-05-29,70,12.56555706354752
2025-03-19 23:00:00,52.89999999999991,-1.400000000000012,0,0001,1.0,LAND,7.7970276,3.3836975,1012.1669,3.112819112657079e-08,25,2025-05-29,70,23.643416341037213
2025-03-19 23:00:00,52.89999999999991,-1.500000000000012,0,0001,1.0,LAND,7.8263245,3.2528381,1010.7469,2.887944065832645e-08,25,2025-05-29,70,24.984041551655267
2025-03-19 22:00:00,52.89999999999991,-1.400000000000012,0,0001,1.0,LAND,8.241852,3.582428,1012.1275,2.9689434003871e-08,25,2025-05-29,70,23.643416341037213
2025-03-25 23:00:00,52.79999999999991,-0.7000000000000116,0,0001,1.0,LAND,8.996979,7.412506,1011.21313,1.478917455166587e-08,25,2025-05-29,64,47.30771296942117
2025-03-01 23:00:00,52.89999999999991,-2.0000000000000124,0,0001,1.0,LAND,3.0658264,-0.3152771,1020.53375,2.4692692557338285e-08,25,2025-05-29,88,48.02513982138346
2025-03-02 00:00:00,52.399999999999906,-1.2000000000000117,0,0001,1.0,LAND,2.695465,-0.263031,1021.7406,2.599576021111802e-08,25,2025-05-29,88,34.1873520622897
2025-03-20 06:00:00,52.75,-0.75,0,0001,1.0,MARINE,4.5655823,3.056549,1010.1731,1.98609426682593e-08,25,2025-05-29,69,42.853214775731146
2025-03-20 05:00:00,53.0,-1.25,0,0001,1.0,MARINE,5.3746643,2.1354065,1009.7294,2.4917823545263932e-08,25,2025-05-29,69,35.763057310230955
2025-03-20 05:00:00,52.75,-1.0,0,0001,1.0,MARINE,4.3004456,2.8893127,1008.27936,2.446832880753615e-08,25,2025-05-29,69,26.376156946379435
2025-03-20 01:00:00,53.0,-1.5,0,0001,1.0,MARINE,7.2149963,1.6168518,1006.4487,2.6802206972339435e-08,25,2025-05-29,69,35.6715026822213
2025-03-20 00:00:00,53.0,-1.25,0,0001,1.0,MARINE,6.338043,2.0653381,1010.29626,3.3654445896758544e-08,25,2025-05-29,70,35.763057310230955
2025-03-19 21:00:00,52.75,-1.5,0,0001,1.0,MARINE,7.606598,3.4410706,1006.84,2.7565347851532244e-08,25,2025-05-29,70,10.746306645287776
2025-03-01 17:00:00,52.5,-0.75,0,0001,1.0,MARINE,10.0572815,-4.1582947,1022.8137,1.769728553054536e-08,25,2025-05-29,88,47.273927509716835
2025-04-10 08:00:00,52.69999999999991,-2.1000000000000125,0,0001,1.0,LAND,6.207672,3.1410217,1018.09686,1.1978729582325229e-08,25,2025-05-29,48,48.68268242884231
2025-04-10 08:00:00,52.75,-2.0,0,0001,1.0,MARINE,6.065338,3.2955627,1017.54376,1.1701733175032742e-08,25,2025-05-29,48,42.46773728303193
2025-04-10 08:00:00,53.0,-1.75,0,0001,1.0,MARINE,5.858307,3.3072815,1012.3837,1.0656080055386103e-08,25,2025-05-29,48,42.77525139801144
2025-05-06 21:00:00,52.79999999999991,-1.9000000000000123,0,0001,1.0,LAND,10.879547,4.3713684,1012.02625,1.471967181476652e-08,25,2025-05-29,22,37.294188444917
2025-05-06 21:00:00,52.79999999999991,-2.0000000000000124,0,0001,1.0,LAND,10.98111,4.377228,1010.4963,1.4447855911647597e-08,25,2025-05-29,22,43.69580253247586
2025-05-06 22:00:00,52.49999999999991,-1.9000000000000123,0,0001,1.0,LAND,10.187897,3.5326233,1008.40375,1.506758891730177e-08,25,2025-05-29,22,40.98426309985086
2025-05-06 22:00:00,52.49999999999991,-2.0000000000000124,0,0001,1.0,LAND,10.2464905,3.4857483,1007.39374,1.5241608123754047e-08,25,2025-05-29,22,46.92277116970516
2025-05-06 22:00:00,52.59999999999991,-1.9000000000000123,0,0001,1.0,LAND,10.236725,3.839264,1011.52374,1.5334813419087515e-08,25,2025-05-29,22,36.55327152342438
2025-05-06 22:00:00,53.099999999999916,-1.3000000000000118,0,0001,1.0,LAND,9.244537,4.3763733,1008.08374,1.3841185466287195e-08,25,2025-05-29,22,46.132589106384415
2025-05-06 22:00:00,52.59999999999991,-1.8000000000000123,0,0001,1.0,LAND,10.223053,3.9076233,1013.23376,1.5311687103410052e-08,25,2025-05-29,22,30.105379811668318
2025-05-07 04:00:00,52.59999999999991,-1.600000000000012,0,0001,1.0,LAND,6.1285706,4.394562,1013.61127,1.7057760537396992e-08,25,2025-05-29,21,17.88410743718026
2025-05-07 04:00:00,52.79999999999991,-0.8000000000000116,0,0001,1.0,LAND,5.310211,4.757843,1011.02124,9.046015936320396e-09,25,2025-05-29,21,40.85321790365136
2025-05-07 04:00:00,52.999999999999915,-1.500000000000012,0,0001,1.0,LAND,5.9410706,4.5117493,1012.8013,1.7452297607079318e-08,25,2025-05-29,21,35.671502682212264
2025-05-03 00:00:00,52.999999999999915,-1.1000000000000116,0,0001,1.0,LAND,10.936676,6.898834,1007.0444,9.37560784564037e-09,25,2025-05-29,26,39.415068062271025
2025-05-03 00:00:00,52.999999999999915,-1.2000000000000117,0,0001,1.0,LAND,11.169098,6.9164124,1005.6144,1.0225108759697447e-08,25,2025-05-29,26,36.714590523453154
2025-05-03 00:00:00,52.89999999999991,-1.2000000000000117,0,0001,1.0,LAND,11.624176,7.350006,1009.5044,9.606489825841042e-09,25,2025-05-29,26,26.455282061908854
2025-05-07 01:00:00,52.75,-1.25,0,0001,1.0,MARINE,4.5502014,3.1669006,1014.9387,1.6372238940733362e-08,25,2025-05-29,21,11.048124145541719
2025-05-07 00:00:00,53.0,-1.25,0,0001,1.0,MARINE,5.207672,3.4358215,1015.3819,1.5723187030136907e-08,25,2025-05-29,22,35.763057310230955
2025-05-06 23:00:00,52.75,-1.25,0,0001,1.0,MARINE,7.6861877,3.6550598,1015.1944,1.5878710010047508e-08,25,2025-05-29,22,11.048124145541719
2025-03-20 07:00:00,52.59999999999991,-0.6000000000000116,0,0001,1.0,LAND,5.862213,3.71109,1011.70874,1.69276039851947e-08,26,2025-05-29,69,36.86255258022783
2025-03-23 01:00:00,51.9999999999999,-0.8000000000000116,0,0001,1.0,LAND,7.2049866,7.1058655,988.9275,1.4950584696176938e-08,26,2025-05-29,66,34.88503448679449
2025-03-26 08:00:00,51.8999999999999,-0.7000000000000116,0,0001,1.0,LAND,8.102936,6.37027,1012.26,1.4803215098169523e-08,26,2025-05-29,63,47.10293115199679
2025-03-26 07:00:00,51.9999999999999,-0.5000000000000117,0,0001,1.0,LAND,7.8138733,7.335846,1015.53687,1.4899040223781629e-08,26,2025-05-29,63,42.68506179563127
2025-03-26 04:00:00,52.1999999999999,-0.2000000000000117,0,0001,1.0,LAND,8.365387,7.8104553,1019.1944,1.2228993299483463e-08,26,2025-05-29,63,47.02875104604692
2025-03-26 04:00:00,52.1999999999999,-0.3000000000000117,0,0001,1.0,LAND,8.408356,7.869049,1019.2944,1.4080355733211843e-08,26,2025-05-29,63,40.500392254557184
2025-03-26 00:00:00,52.69999999999991,-0.6000000000000116,0,0001,1.0,LAND,8.764069,7.669098,1013.9281,1.5371983685952366e-08,26,2025-05-29,64,46.864482356977646
2025-03-01 18:00:00,52.0999999999999,-1.3000000000000118,0,0001,1.0,LAND,6.948761,-0.65267944,1018.2706,1.8217929442787107e-08,26,2025-05-29,88,37.7177402134022
2025-03-01 18:00:00,52.1999999999999,-1.2000000000000117,0,0001,1.0,LAND,7.0659485,-0.76205444,1019.03064,1.8623201203382704e-08,26,2025-05-29,88,25.830704128915695
2025-03-01 17:00:00,52.299999999999905,-1.0000000000000115,0,0001,1.0,LAND,8.141754,-0.68344116,1020.1719,1.769377155902445e-08,26,2025-05-29,88,9.147352296104515
2025-03-01 12:00:00,52.399999999999906,-0.6000000000000116,0,0001,1.0,LAND,7.6183167,2.1004944,1025.9343,1.2002190352688283e-08,26,2025-05-29,88,20.635906456926776
2025-03-01 11:00:00,52.0999999999999,-0.8000000000000116,0,0001,1.0,LAND,5.8179016,2.689972,1024.0962,1.1373521568990815e-08,26,2025-05-29,88,23.903527043864216
2025-03-01 11:00:00,52.0999999999999,-0.9000000000000116,0,0001,1.0,LAND,6.0542297,2.691925,1022.58624,1.129786595758552e-08,26,2025-05-29,88,23.577272753645236
2025-03-01 11:00:00,52.1999999999999,-0.8000000000000116,0,0001,1.0,LAND,6.2065735,2.5884094,1024.1663,1.183188621152869e-08,26,2025-05-29,88,13.155902539510569
2025-03-01 13:00:00,52.49999999999991,-0.2000000000000117,0,0001,1.0,LAND,8.524078,1.551178,1033.2206,1.3660999257739517e-08,26,2025-05-29,88,49.86713768749842
2025-03-01 22:00:00,51.9999999999999,-1.2000000000000117,0,0001,1.0,LAND,3.4535217,-0.15316772,1020.77563,2.4933137924658544e-08,26,2025-05-29,88,41.39246281730603
2025-03-02 00:00:00,52.399999999999906,-1.2000000000000117,0,0001,1.0,LAND,2.695465,-0.263031,1021.7406,2.599576021111802e-08,26,2025-05-29,88,24.70334672742836
2025-03-01 23:00:00,51.9999999999999,-1.2000000000000117,0,0001,1.0,LAND,2.6908264,-0.25863647,1020.66376,2.6491195755559472e-08,26,2025-05-29,88,41.39246281730603
2025-03-01 23:00:00,51.9999999999999,-1.3000000000000118,0,0001,1.0,LAND,2.7709045,-0.42855835,1019.3237,2.5259305721133672e-08,26,2025-05-29,88,45.4986197510035
2025-03-01 23:00:00,52.0999999999999,-1.1000000000000116,0,0001,1.0,LAND,2.620514,-0.4324646,1020.23376,2.6997469981805108e-08,26,2025-05-29,88,28.34638846556418
2025-03-01 23:00:00,52.1999999999999,-1.1000000000000116,0,0001,1.0,LAND,2.823639,-0.532074,1020.6937,2.6223547629675086e-08,26,2025-05-29,88,20.11705056012653
2025-03-23 00:00:00,52.25,-1.0,0,0001,1.0,MARINE,8.943024,8.499664,987.0575,1.3349048033628662e-08,26,2025-05-29,67,11.328731303971074
2025-03-20 06:00:00,52.75,-0.75,0,0001,1.0,MARINE,4.5655823,3.056549,1010.1731,1.98609426682593e-08,26,2025-05-29,69,49.44302726782726
2025-03-20 05:00:00,52.75,-1.0,0,0001,1.0,MARINE,4.3004456,2.8893127,1008.27936,2.446832880753615e-08,26,2025-05-29,69,49.63514301448792
2025-03-26 05:00:00,52.5,-0.25,0,0001,1.0,MARINE,6.2496643,5.4757385,1021.6138,1.1603281590185469e-08,26,2025-05-29,63,46.81291244430528
2025-03-26 05:00:00,52.25,-0.25,0,0001,1.0,MARINE,6.5504456,5.9093323,1020.3738,1.2471534083236177e-08,26,2025-05-29,63,42.497431418801646
2025-03-26 03:00:00,52.25,-0.25,0,0001,1.0,MARINE,7.3143616,6.4320374,1020.1356,1.3486157468545418e-08,26,2025-05-29,63,42.497431418801646
2025-03-26 02:00:00,52.5,-0.5,0,0001,1.0,MARINE,7.454254,6.6131897,1017.29126,1.5208897252705412e-08,26,2025-05-29,63,32.56007258983406
2025-03-26 06:00:00,52.25,-0.25,0,0001,1.0,MARINE,6.997223,6.2743225,1020.745,1.1964222390581561e-08,26,2025-05-29,63,42.497431418801646
2025-03-26 08:00:00,52.0,-0.5,0,0001,1.0,MARINE,8.332916,7.8580627,1015.26,1.4451194019216078e-08,26,2025-05-29,63,42.68506179562276
2025-03-03 17:00:00,52.0,-0.75,0,0001,1.0,MARINE,11.839508,0.4347229,1015.9506,1.1401262064077816e-08,26,2025-05-29,86,35.491308725356
2025-03-01 17:00:00,52.5,-0.75,0,0001,1.0,MARINE,10.0572815,-4.1582947,1022.8137,1.769728553054536e-08,26,2025-05-29,88,22.45175857853311
2025-03-01 16:00:00,52.5,-0.25,0,0001,1.0,MARINE,9.910797,-1.1043396,1031.1188,1.7283928288591713e-08,26,2025-05-29,88,46.81291244430528
2025-03-01 16:00:00,52.5,-0.5,0,0001,1.0,MARINE,9.928375,-1.4559021,1027.0687,1.7303293316691335e-08,26,2025-05-29,88,32.56007258983406
2025-03-01 15:00:00,52.5,-0.25,0,0001,1.0,MARINE,10.15567,-0.6219177,1030.9062,1.6087674331588498e-08,26,2025-05-29,88,46.81291244430528
2025-03-01 21:00:00,52.0,-1.0,0,0001,1.0,MARINE,1.9454651,-1.0857849,1023.42377,2.5511358137109208e-08,26,2025-05-29,88,35.763017216111
2025-03-01 15:00:00,52.5,-0.5,0,0001,1.0,MARINE,10.167389,-1.0730896,1026.8363,1.6081404069501204e-08,26,2025-05-29,88,32.56007258983406
2025-03-01 11:00:00,52.25,-0.5,0,0001,1.0,MARINE,6.2103577,3.1191711,1026.865,1.1925532478196259e-08,26,2025-05-29,88,25.85190273847085
2025-04-30 06:00:00,52.5,-0.25,0,0001,1.0,MARINE,8.438873,6.8867493,1020.82623,9.90762034219795e-09,26,2025-05-29,28,46.81291244430528
2025-04-10 16:00:00,52.0,-0.5,0,0001,1.0,MARINE,15.049469,4.7777405,1018.2444,1.0519294176466623e-08,26,2025-05-29,48,42.68506179562276
2025-04-10 15:00:00,52.0,-0.5,0,0001,1.0,MARINE,14.528717,4.766754,1018.78436,9.357470909244096e-09,26,2025-05-29,48,42.68506179562276
2025-05-20 23:00:00,51.8999999999999,-0.9000000000000116,0,0001,1.0,LAND,14.22403,7.0569153,1007.9956,9.651369586918753e-09,26,2025-05-29,8,45.76328846604881
2025-05-20 23:00:00,51.8999999999999,-1.0000000000000115,0,0001,1.0,LAND,14.729889,6.2971497,1008.8256,1.0752319029930334e-08,26,2025-05-29,8,46.6047778382109
2025-05-20 22:00:00,52.0999999999999,-1.0000000000000115,0,0001,1.0,LAND,15.085846,6.165436,1005.08936,1.0269718841530252e-08,26,2025-05-29,8,25.16480778515663
2025-05-20 21:00:00,52.299999999999905,-1.0000000000000115,0,0001,1.0,LAND,15.942291,6.1479797,1005.04065,1.0022672112391608e-08,26,2025-05-29,8,9.147352296104515
2025-05-20 22:00:00,52.0,-1.0,0,0001,1.0,MARINE,13.595856,6.7186584,1007.10065,9.90699995188458e-09,26,2025-05-29,8,35.763017216111
2025-03-19 20:00:00,54.99999999999994,-2.9000000000000132,0,0001,1.0,LAND,6.252838,0.49453735,1015.4344,1.8974695518518718e-08,27,2025-05-26,67,40.22389522732913
2025-03-19 20:00:00,54.99999999999994,-3.0000000000000133,0,0001,1.0,LAND,6.252838,0.5531311,1015.78436,1.9223261057041187e-08,27,2025-05-26,67,40.70891567873508
2025-03-14 00:00:00,54.99999999999994,-2.9000000000000132,0,0001,1.0,LAND,3.0404358,-0.68099976,1002.675,9.064919037626556e-09,27,2025-05-26,73,40.22389522732913
2025-03-24 05:00:00,55.0,-3.25,0,0001,1.0,MARINE,4.2879944,2.893219,1008.09436,1.747086007345801e-08,27,2025-05-26,62,45.983489093960884
2025-03-24 04:00:00,55.0,-2.75,0,0001,1.0,MARINE,3.3338928,2.0140686,994.8119,1.7816416490272225e-08,27,2025-05-26,62,41.38833172298701
2025-03-20 05:00:00,55.0,-2.75,0,0001,1.0,MARINE,-1.0706482,-3.481781,998.6894,1.6145103716909876e-08,27,2025-05-26,66,41.38833172298701
2025-03-20 04:00:00,55.0,-3.0,0,0001,1.0,MARINE,-1.0855408,-3.3348083,1006.095,1.8774705049888083e-08,27,2025-05-26,66,40.7089156787412
2025-03-20 03:00:00,55.0,-3.25,0,0001,1.0,MARINE,0.3722229,-2.0889587,1011.795,2.1310015085873704e-08,27,2025-05-26,66,45.983489093960884
2025-03-19 20:00:00,54.5,-3.25,0,0001,1.0,MARINE,5.7535706,0.025054932,997.8131,2.3664680483722366e-08,27,2025-05-26,67,27.185650354925283
2025-04-10 01:00:00,54.99999999999994,-2.600000000000013,0,0001,1.0,LAND,2.9637756,1.9441223,1008.5081,1.0677150089992064e-08,27,2025-05-26,45,44.63991306966782
2025-04-30 07:00:00,55.0,-3.25,0,0001,1.0,MARINE,11.002106,9.336456,1014.7656,1.871175027886257e-08,27,2025-05-26,25,45.983489093960884
2025-04-30 06:00:00,55.0,-2.75,0,0001,1.0,MARINE,8.708405,6.81839,1001.91626,1.6607312761096953e-08,27,2025-05-26,25,41.38833172298701
2025-04-29 22:00:00,55.0,-3.25,0,0001,1.0,MARINE,13.640045,9.160187,1015.4825,2.1533774504275265e-08,27,2025-05-26,26,45.983489093960884
2025-04-29 23:00:00,55.0,-3.25,0,0001,1.0,MARINE,12.689362,9.109772,1015.4775,2.24106998329238e-08,27,2025-05-26,26,45.983489093960884
2025-04-30 05:00:00,55.0,-2.75,0,0001,1.0,MARINE,7.6009827,5.7618713,1002.1138,1.728907760706364e-08,27,2025-05-26,25,41.38833172298701
2025-04-30 04:00:00,55.0,-3.25,0,0001,1.0,MARINE,8.466217,7.175934,1014.8525,2.067283951430962e-08,27,2025-05-26,25,45.983489093960884
2025-04-30 03:00:00,55.0,-3.25,0,0001,1.0,MARINE,9.434723,7.9337463,1014.7537,2.13265359261253e-08,27,2025-05-26,25,45.983489093960884
2025-04-07 21:00:00,54.5,-3.25,0,0001,1.0,MARINE,6.337555,1.2696838,1004.5594,1.0637335623453441e-08,27,2025-05-26,48,27.185650354925283
2025-04-08 09:00:00,54.75,-3.5,0,0001,1.0,MARINE,9.141998,4.855377,1021.09125,9.033460146579061e-09,27,2025-05-26,47,40.37745312966734
2025-04-10 02:00:00,55.0,-2.75,0,0001,1.0,MARINE,1.5465393,0.39248657,1011.33374,9.265301488999504e-09,27,2025-05-26,45,41.38833172298701
2025-04-10 01:00:00,55.0,-2.75,0,0001,1.0,MARINE,2.5316467,0.9689026,1011.77185,1.0047028357422056e-08,27,2025-05-26,45,41.38833172298701
2025-04-10 01:00:00,55.0,-3.0,0,0001,1.0,MARINE,2.4476624,0.87905884,1019.4319,9.654208432685653e-09,27,2025-05-26,45,40.7089156787412
2025-04-10 00:00:00,55.0,-2.75,0,0001,1.0,MARINE,2.0052795,0.52749634,1011.8175,1.0828755225844607e-08,27,2025-05-26,46,41.38833172298701
2025-05-06 20:00:00,54.79999999999994,-2.2000000000000126,0,0001,1.0,LAND,10.007965,6.1527405,971.4975,1.0416232247104998e-08,27,2025-05-26,19,48.55077460050258
2025-05-06 21:00:00,54.79999999999994,-2.400000000000013,0,0001,1.0,LAND,8.945953,4.629181,966.48627,1.0305312936331843e-08,27,2025-05-26,19,36.927608797330606
2025-05-06 22:00:00,54.69999999999994,-2.500000000000013,0,0001,1.0,LAND,8.7933655,5.2826233,981.17377,1.1118985338935352e-08,27,2025-05-26,19,26.757323477271584
2025-05-06 22:00:00,54.69999999999994,-2.400000000000013,0,0001,1.0,LAND,8.424225,4.884186,971.17377,1.0635336629890309e-08,27,2025-05-26,19,33.013656468642836
2025-05-06 23:00:00,54.59999999999994,-2.500000000000013,0,0001,1.0,LAND,8.840485,5.8979797,997.4519,1.1500884656660507e-08,27,2025-05-26,19,26.240627286862605
2025-05-07 02:00:00,54.59999999999994,-3.0000000000000133,0,0001,1.0,LAND,6.3666077,4.164215,979.1362,1.0729422850186658e-08,27,2025-05-26,18,7.600206932833131
2025-05-11 17:00:00,54.499999999999936,-3.1000000000000134,0,0001,1.0,LAND,17.63858,5.17276,967.40686,1.2533904506876828e-08,27,2025-05-26,14,19.974068637918872
2025-05-10 19:00:00,54.499999999999936,-3.1000000000000134,0,0001,1.0,LAND,14.676788,5.5209045,972.21936,1.3799946555852117e-08,27,2025-05-26,15,19.974068637918872
2025-05-08 22:00:00,54.69999999999994,-3.2000000000000135,0,0001,1.0,LAND,9.225616,5.6229553,992.5975,9.183685959849477e-09,27,2025-05-26,17,20.344240331254632
2025-05-10 19:00:00,54.59999999999994,-3.1000000000000134,0,0001,1.0,LAND,14.475616,6.181061,972.5694,1.3573279944445819e-08,27,2025-05-26,15,13.427967533213408
2025-05-10 18:00:00,54.499999999999936,-3.3000000000000136,0,0001,1.0,LAND,15.495758,5.2950745,983.28064,1.6628529525553727e-08,27,2025-05-26,15,29.89946227817938
2025-05-10 18:00:00,54.59999999999994,-3.2000000000000135,0,0001,1.0,LAND,15.210602,4.925934,976.53064,1.4962642680416807e-08,27,2025-05-26,15,19.6407782931356
2025-05-10 18:00:00,54.5,-3.0,0,0001,1.0,MARINE,17.668121,5.870514,988.8144,1.3397585041374914e-08,27,2025-05-26,15,16.616719358343087
2025-05-10 17:00:00,54.5,-3.5,0,0001,1.0,MARINE,16.196198,6.8002014,1002.0706,1.9735542630683562e-08,27,2025-05-26,15,41.489915329124045
2025-05-11 17:00:00,55.0,-3.25,0,0001,1.0,MARINE,21.082428,5.8470764,1002.135,1.2363619535567754e-08,27,2025-05-26,14,45.983489093960884
2025-03-23 10:00:00,51.29999999999989,0.7999999999999883,0,0001,1.0,LAND,10.514069,10.290192,993.0031,1.3045438359189423e-08,28,2025-05-26,63,13.100885155764896
2025-03-23 11:00:00,51.19999999999989,0.6999999999999883,0,0001,1.0,LAND,11.367828,10.737457,994.6075,1.3068862732742904e-08,28,2025-05-26,63,1.6965879589348352
2025-03-23 14:00:00,51.19999999999989,0.5999999999999883,0,0001,1.0,LAND,13.443268,9.830475,996.59375,1.4355042784094798e-08,28,2025-05-26,63,8.506570774630662
2025-03-03 13:00:00,51.599999999999895,0.49999999999998834,0,0001,1.0,LAND,7.3139954,3.405182,1026.1819,1.5999292538964788e-08,28,2025-05-26,83,47.80563382370402
2025-03-04 02:00:00,51.19999999999989,0.8999999999999883,0,0001,1.0,LAND,1.6485901,1.2113342,1016.4944,4.583281472865765e-08,28,2025-05-26,82,12.459302756737447
2025-03-04 02:00:00,51.19999999999989,0.7999999999999883,0,0001,1.0,LAND,0.88687134,0.4437561,1018.0644,4.549748903551904e-08,28,2025-05-26,82,5.522914751324308
2025-03-02 02:00:00,51.39999999999989,0.19999999999998833,0,0001,1.0,LAND,0.34683228,0.250885,1026.4507,2.2799856706312134e-08,28,2025-05-26,84,42.956989793760656
2025-03-04 06:00:00,51.19999999999989,0.8999999999999883,0,0001,1.0,LAND,-0.40731812,-0.6607361,1015.5513,4.249062390826417e-08,28,2025-05-26,82,12.459302756737447
2025-03-23 18:00:00,51.25,0.25,0,0001,1.0,MARINE,10.927887,9.569244,995.5044,1.725815051978313e-08,28,2025-05-26,63,33.44826615558687
2025-03-23 15:00:00,51.25,0.5,0,0001,1.0,MARINE,12.217682,10.796295,994.5694,1.5318062956959227e-08,28,2025-05-26,63,16.684744657569883
2025-03-23 14:00:00,51.25,0.5,0,0001,1.0,MARINE,12.110504,10.903961,994.15686,1.4958259834477957e-08,28,2025-05-26,63,16.684744657569883
2025-03-23 19:00:00,51.0,1.25,0,0001,1.0,MARINE,9.961578,8.392731,1005.9294,2.059729141875221e-08,28,2025-05-26,63,42.68325062337395
2025-03-23 20:00:00,51.0,1.0,0,0001,1.0,MARINE,10.389313,8.464996,1005.99,1.8668546412451938e-08,28,2025-05-26,63,28.951227704732553
2025-03-23 20:00:00,51.0,1.25,0,0001,1.0,MARINE,9.8229065,8.322418,1007.02,2.1054289571035795e-08,28,2025-05-26,63,42.68325062337395
2025-03-23 07:00:00,51.25,1.25,0,0001,1.0,MARINE,9.205963,8.385895,997.2969,1.3856173495622477e-08,28,2025-05-26,63,37.34603435062399
2025-03-23 11:00:00,51.25,0.5,0,0001,1.0,MARINE,10.851959,10.741608,993.1319,1.406973210160683e-08,28,2025-05-26,63,16.684744657569883
2025-03-23 10:00:00,51.5,1.0,0,0001,1.0,MARINE,8.372467,8.128815,1000.16626,1.4240215673311191e-08,28,2025-05-26,63,39.24364123527621
2025-03-24 19:00:00,51.5,0.75,0,0001,1.0,MARINE,9.358795,4.9203186,1017.27875,3.647213194420595e-08,28,2025-05-26,62,34.20484791949596
2025-03-24 18:00:00,51.5,0.75,0,0001,1.0,MARINE,9.817047,5.146393,1016.73376,3.533266057509368e-08,28,2025-05-26,62,34.20484791949596
2025-03-26 15:00:00,51.5,0.25,0,0001,1.0,MARINE,14.778229,7.120758,1018.79376,9.389217833777307e-09,28,2025-05-26,60,47.31465090668706
2025-03-03 01:00:00,51.25,0.75,0,0001,1.0,MARINE,-0.7886658,-0.8230896,1023.885,2.521063347318848e-08,28,2025-05-26,83,6.650921836229748
2025-03-03 00:00:00,51.25,0.75,0,0001,1.0,MARINE,0.7303772,0.6148987,1024.1494,2.5427829730695523e-08,28,2025-05-26,84,6.650921836229748
2025-03-03 02:00:00,51.25,0.75,0,0001,1.0,MARINE,-0.7859802,-0.79086304,1023.3081,2.4993437215681437e-08,28,2025-05-26,83,6.650921836229748
2025-03-03 04:00:00,51.25,1.25,0,0001,1.0,MARINE,3.4981995,3.2528381,1026.485,2.3242017921365676e-08,28,2025-05-26,83,37.34603435062399
2025-03-03 03:00:00,51.25,1.25,0,0001,1.0,MARINE,3.519928,3.2806702,1027.0212,2.2367970021336587e-08,28,2025-05-26,83,37.34603435062399
2025-03-04 01:00:00,51.25,1.25,0,0001,1.0,MARINE,5.1388245,4.049225,1024.6544,4.540332489607296e-08,28,2025-05-26,82,37.34603435062399
2025-03-04 01:00:00,51.25,1.0,0,0001,1.0,MARINE,3.1271057,2.3910217,1022.8044,4.622996741902435e-08,28,2025-05-26,82,20.40469036595926
2025-03-04 01:00:00,51.25,0.75,0,0001,1.0,MARINE,1.1368713,0.6175842,1020.6844,4.607393026129256e-08,28,2025-05-26,82,6.650921836229748
2025-03-04 02:00:00,51.25,1.25,0,0001,1.0,MARINE,4.817047,4.2884827,1024.4894,4.531833628732976e-08,28,2025-05-26,82,37.34603435062399
2025-03-04 03:00:00,51.25,1.25,0,0001,1.0,MARINE,3.8563538,3.608307,1024.1538,4.523334767858655e-08,28,2025-05-26,82,37.34603435062399
2025-03-04 02:00:00,51.25,1.0,0,0001,1.0,MARINE,2.6803284,2.1732483,1022.64935,4.554961965016146e-08,28,2025-05-26,82,20.40469036595926
2025-03-04 00:00:00,51.25,1.0,0,0001,1.0,MARINE,3.2997131,2.4237366,1023.0631,4.691031518788724e-08,28,2025-05-26,83,20.40469036595926
2025-03-04 00:00:00,51.25,0.75,0,0001,1.0,MARINE,1.3954163,0.8182678,1020.9331,4.726101848762128e-08,28,2025-05-26,83,6.650921836229748
2025-03-03 23:00:00,51.25,1.0,0,0001,1.0,MARINE,3.8023987,2.8121643,1023.1906,4.522663439125287e-08,28,2025-05-26,83,20.40469036595926
2025-03-03 22:00:00,51.25,1.0,0,0001,1.0,MARINE,4.4962463,2.948639,1023.69,4.35429535946185e-08,28,2025-05-26,83,20.40469036595926
2025-03-03 22:00:00,51.25,0.75,0,0001,1.0,MARINE,2.9220276,1.6830139,1021.57,4.318776117978624e-08,28,2025-05-26,83,6.650921836229748
2025-03-04 05:00:00,51.25,0.75,0,0001,1.0,MARINE,-2.2151794,-2.3316345,1019.8575,4.132557735597769e-08,28,2025-05-26,82,6.650921836229748
2025-03-04 04:00:00,51.25,1.25,0,0001,1.0,MARINE,3.4166565,3.2357483,1024.1425,4.514835906984334e-08,28,2025-05-26,82,37.34603435062399
2025-03-04 04:00:00,51.25,1.0,0,0001,1.0,MARINE,0.861969,0.77090454,1022.3025,4.418892411243568e-08,28,2025-05-26,82,20.40469036595926
2025-04-21 09:00:00,51.599999999999895,0.5999999999999883,0,0001,1.0,LAND,11.630768,9.270172,1006.41125,2.153112177438808e-08,28,2025-05-26,34,46.04603212112105
2025-04-21 10:00:00,51.599999999999895,0.5999999999999883,0,0001,1.0,LAND,12.297516,9.301422,1006.5481,2.2809253448960212e-08,28,2025-05-26,34,46.04603212112105
2025-04-28 04:00:00,51.19999999999989,0.8999999999999883,0,0001,1.0,LAND,8.537018,7.757843,1015.72687,2.379800712049209e-08,28,2025-05-26,27,12.459302756737447
2025-04-28 04:00:00,51.19999999999989,0.9999999999999882,0,0001,1.0,LAND,8.999908,7.97464,1014.71686,2.4099046314065167e-08,28,2025-05-26,27,19.418369999927595
2025-04-28 05:00:00,51.19999999999989,0.6999999999999883,0,0001,1.0,LAND,7.867096,7.4761047,1018.8475,2.227151683446621e-08,28,2025-05-26,27,1.6965879589348352
2025-04-28 05:00:00,51.19999999999989,0.7999999999999883,0,0001,1.0,LAND,7.792877,7.483917,1017.3675,2.2502512297963893e-08,28,2025-05-26,27,5.522914751324308
2025-04-28 05:00:00,51.19999999999989,0.8999999999999883,0,0001,1.0,LAND,8.257721,7.6304016,1015.8375,2.292076217713869e-08,28,2025-05-26,27,12.459302756737447
2025-04-28 06:00:00,51.39999999999989,0.09999999999998832,0,0001,1.0,LAND,8.920074,7.9620667,1016.76373,1.9530322026284286e-08,28,2025-05-26,27,48.96842407716347
2025-04-28 06:00:00,51.19999999999989,0.6999999999999883,0,0001,1.0,LAND,8.422028,7.796051,1019.0037,2.109949714945991e-08,28,2025-05-26,27,1.6965879589348352
2025-04-28 06:00:00,51.19999999999989,0.7999999999999883,0,0001,1.0,LAND,8.345856,7.77652,1017.51373,2.1508056669008732e-08,28,2025-05-26,27,5.522914751324308
2025-04-28 06:00:00,51.19999999999989,0.8999999999999883,0,0001,1.0,LAND,8.699371,7.809723,1015.98376,2.204351723378529e-08,28,2025-05-26,27,12.459302756737447
2025-04-28 06:00:00,51.09999999999989,0.5999999999999883,0,0001,1.0,LAND,8.396637,7.6007385,1023.45374,2.2891749662526735e-08,28,2025-05-26,27,13.364435480317882
2025-04-28 06:00:00,51.09999999999989,0.6999999999999883,0,0001,1.0,LAND,8.425934,7.6788635,1023.78375,2.3103054275222596e-08,28,2025-05-26,27,10.439063393775273
2025-04-28 06:00:00,51.09999999999989,0.7999999999999883,0,0001,1.0,LAND,8.459137,7.698395,1023.52374,2.331435888791845e-08,28,2025-05-26,27,11.690087954228563
2025-04-27 10:00:00,51.599999999999895,0.49999999999998834,0,0001,1.0,LAND,14.217926,9.175201,1022.9456,1.2523448500444778e-08,28,2025-05-26,28,47.80563382370402
2025-04-27 11:00:00,51.39999999999989,0.09999999999998832,0,0001,1.0,LAND,16.661041,8.6719055,1016.3725,1.191317697268677e-08,28,2025-05-26,28,48.96842407716347
2025-04-27 14:00:00,51.39999999999989,0.29999999999998833,0,0001,1.0,LAND,18.045319,7.9743958,1017.83624,1.1961873547238825e-08,28,2025-05-26,28,37.27442140982442
2025-04-27 15:00:00,51.39999999999989,0.29999999999998833,0,0001,1.0,LAND,18.065582,8.046051,1017.7325,1.355276449399559e-08,28,2025-05-26,28,37.27442140982442
2025-04-11 02:00:00,50.899999999999885,0.19999999999998833,0,0001,1.0,LAND,6.2965393,5.257477,1020.66064,1.2590928392486904e-08,28,2025-05-26,44,48.8884909282788
2025-04-21 06:00:00,51.25,0.5,0,0001,1.0,MARINE,8.789215,8.113434,998.3044,1.9217875263377765e-08,28,2025-05-26,34,16.684744657569883
2025-04-21 07:00:00,51.25,1.25,0,0001,1.0,MARINE,9.808258,9.174835,1004.89685,2.094485111736599e-08,28,2025-05-26,34,37.34603435062399
2025-04-21 06:00:00,51.25,0.75,0,0001,1.0,MARINE,9.129059,8.619293,1000.70435,1.9738619752574056e-08,28,2025-05-26,34,6.650921836229748
2025-04-21 09:00:00,51.5,0.75,0,0001,1.0,MARINE,10.450348,8.755524,1006.1775,2.2929424872697532e-08,28,2025-05-26,34,34.20484791949596
2025-04-21 08:00:00,51.25,1.25,0,0001,1.0,MARINE,10.0971985,9.330231,1005.1794,2.2091787815758928e-08,28,2025-05-26,34,37.34603435062399
2025-04-21 08:00:00,51.5,1.0,0,0001,1.0,MARINE,10.126495,8.373199,1006.39935,2.1995556413282732e-08,28,2025-05-26,34,39.24364123527621
2025-04-21 11:00:00,51.25,1.25,0,0001,1.0,MARINE,13.172028,11.60733,1006.67126,2.5532597910937743e-08,28,2025-05-26,34,37.34603435062399
2025-04-21 11:00:00,51.5,0.75,0,0001,1.0,MARINE,12.627106,9.17569,1006.9313,2.5634808336246483e-08,28,2025-05-26,34,34.20484791949596
2025-04-28 03:00:00,51.0,0.5,0,0001,1.0,MARINE,5.586334,4.732086,1019.4469,2.7558265808247828e-08,28,2025-05-26,27,26.447190529656556
2025-04-28 02:00:00,51.0,0.75,0,0001,1.0,MARINE,6.4010315,5.38797,1022.98315,2.776218520813221e-08,28,2025-05-26,27,21.541513767740756
2025-04-28 01:00:00,51.0,1.0,0,0001,1.0,MARINE,8.144684,6.8854065,1025.1394,2.8098200433035736e-08,28,2025-05-26,27,28.951227704732553
2025-04-27 22:00:00,51.0,1.0,0,0001,1.0,MARINE,10.5625305,7.6009827,1025.3682,2.6226623280519574e-08,28,2025-05-26,28,28.951227704732553
2025-04-27 22:00:00,51.0,0.75,0,0001,1.0,MARINE,9.59964,7.1166077,1023.4981,2.6477689004286057e-08,28,2025-05-26,28,21.541513767740756
2025-04-27 21:00:00,51.0,1.0,0,0001,1.0,MARINE,11.533966,9.132111,1025.2488,2.5063590369800642e-08,28,2025-05-26,28,28.951227704732553
2025-04-28 04:00:00,51.0,0.25,0,0001,1.0,MARINE,5.146637,4.487213,1017.9963,2.678274598396336e-08,28,2025-05-26,27,39.29913594218606
2025-04-28 04:00:00,51.0,0.5,0,0001,1.0,MARINE,5.1427307,4.48526,1019.52625,2.673168120193081e-08,28,2025-05-26,27,26.447190529656556
2025-04-27 14:00:00,50.75,0.75,0,0001,1.0,MARINE,13.471588,9.3281555,1026.4994,1.8840250822401536e-08,28,2025-05-26,28,49.28871862402209
2025-04-27 14:00:00,51.0,0.5,0,0001,1.0,MARINE,18.243073,7.7519836,1019.0694,1.677167567789283e-08,28,2025-05-26,28,26.447190529656556
2025-04-27 11:00:00,51.5,0.25,0,0001,1.0,MARINE,16.964508,8.589752,1020.8013,1.1626963880110474e-08,28,2025-05-26,28,47.31465090668706
2025-04-11 03:00:00,50.75,0.75,0,0001,1.0,MARINE,7.5316467,5.4098206,1025.2256,1.0061762926311361e-08,28,2025-05-26,44,49.28871862402209
2025-04-11 02:00:00,50.75,0.75,0,0001,1.0,MARINE,7.7218323,5.3800354,1025.7269,9.807559988676615e-09,28,2025-05-26,44,49.28871862402209
2025-04-11 02:00:00,51.0,1.25,0,0001,1.0,MARINE,7.8058167,5.704254,1024.8169,1.0824979579382356e-08,28,2025-05-26,44,42.68325062337395
2025-04-11 01:00:00,51.0,1.0,0,0001,1.0,MARINE,6.1263733,4.4339905,1024.3337,1.0315996964068212e-08,28,2025-05-26,44,28.951227704732553
2025-04-11 04:00:00,50.75,0.75,0,0001,1.0,MARINE,7.362213,5.726471,1025.1606,1.0315965863946107e-08,28,2025-05-26,44,49.28871862402209
2025-05-22 23:00:00,51.29999999999989,0.29999999999998833,0,0001,1.0,LAND,8.389313,6.2669983,1010.2356,1.2765488925185525e-08,28,2025-05-26,3,31.66664375214413
2025-05-22 23:00:00,50.999999999999886,0.5999999999999883,0,0001,1.0,LAND,8.8541565,6.8666077,1015.8856,9.496870280918166e-09,28,2025-05-26,3,23.068173174151614
2025-05-23 00:00:00,50.999999999999886,0.39999999999998836,0,0001,1.0,LAND,8.105133,6.981598,1011.29065,9.821807589458736e-09,28,2025-05-26,3,31.053106436048903
2025-05-23 00:00:00,51.29999999999989,0.09999999999998832,0,0001,1.0,LAND,7.5172424,6.0050354,1006.6406,1.3409989341184387e-08,28,2025-05-26,3,44.87206511006429
2025-05-23 01:00:00,50.899999999999885,0.19999999999998833,0,0001,1.0,LAND,9.017731,6.778717,1015.54,9.042744839961598e-09,28,2025-05-26,2,48.8884909282788
2025-05-13 00:00:00,51.39999999999989,0.09999999999998832,0,0001,1.0,LAND,13.131622,10.71817,1005.34064,1.8730927475728978e-08,28,2025-05-26,13,48.96842407716347
2025-05-12 23:00:00,51.39999999999989,0.49999999999998834,0,0001,1.0,LAND,14.13443,11.285675,1009.28876,1.969111684818557e-08,28,2025-05-26,13,27.705487636821964
2025-05-12 23:00:00,51.39999999999989,0.39999999999998836,0,0001,1.0,LAND,13.987946,11.109894,1008.14874,1.880145787206749e-08,28,2025-05-26,13,32.09588696867195
2025-05-21 03:00:00,51.0,1.0,0,0001,1.0,MARINE,10.475006,8.394196,1015.52686,1.08182992564209e-08,28,2025-05-26,4,28.951227704732553
2025-05-13 11:00:00,51.0,0.5,0,0001,1.0,MARINE,20.2753,11.90152,1010.565,2.0730702321448775e-08,28,2025-05-26,12,26.447190529656556
2025-05-13 10:00:00,51.0,1.25,0,0001,1.0,MARINE,15.155914,11.32486,1016.9575,2.291499401341268e-08,28,2025-05-26,12,42.68325062337395
2025-05-13 10:00:00,51.0,1.0,0,0001,1.0,MARINE,17.929352,11.797516,1015.8375,2.1446431482571628e-08,28,2025-05-26,12,28.951227704732553
2025-05-13 10:00:00,51.0,0.75,0,0001,1.0,MARINE,19.845367,12.092438,1013.9075,2.0452667726101628e-08,28,2025-05-26,12,21.541513767740756
2025-05-13 11:00:00,51.0,0.75,0,0001,1.0,MARINE,20.312408,12.036285,1013.915,2.0489560631499067e-08,28,2025-05-26,12,21.541513767740756
2025-05-13 11:00:00,51.0,1.0,0,0001,1.0,MARINE,18.142487,12.048004,1015.845,2.1268451203908588e-08,28,2025-05-26,12,28.951227704732553
2025-05-13 12:00:00,51.0,0.75,0,0001,1.0,MARINE,20.800934,11.783356,1013.9338,2.052645353689651e-08,28,2025-05-26,12,21.541513767740756
2025-05-13 12:00:00,51.0,0.5,0,0001,1.0,MARINE,20.86148,12.031403,1010.5737,2.093837125905073e-08,28,2025-05-26,12,26.447190529656556
2025-05-12 23:00:00,51.5,0.75,0,0001,1.0,MARINE,13.917145,12.057037,1012.1025,2.245127345146236e-08,28,2025-05-26,13,34.20484791949596
2025-05-12 22:00:00,51.25,1.25,0,0001,1.0,MARINE,15.164703,11.630524,1011.53687,2.621979463638779e-08,28,2025-05-26,13,37.34603435062399
2025-05-12 21:00:00,51.25,1.25,0,0001,1.0,MARINE,15.171295,12.313629,1011.02185,2.4790125736917694e-08,28,2025-05-26,13,37.34603435062399
2025-05-12 03:00:00,51.5,1.0,0,0001,1.0,MARINE,13.836578,11.416901,1007.4869,1.3172049728726644e-08,28,2025-05-26,13,39.24364123527621
2025-03-26 06:00:00,50.999999999999886,-3.700000000000014,0,0001,1.0,LAND,7.5794983,6.858551,997.8113,9.258368099950282e-09,29,2025-05-25,59,29.35387252325351
2025-03-26 05:00:00,51.09999999999989,-3.800000000000014,0,0001,1.0,LAND,7.6627502,6.9081116,992.4469,9.511774761345665e-09,29,2025-05-25,59,35.33839601084718
2025-03-03 04:00:00,51.09999999999989,-4.000000000000014,0,0001,1.0,LAND,4.0455627,1.1454163,1012.5569,9.136769047364486e-09,29,2025-05-25,82,49.26845063449056
2025-03-03 03:00:00,51.09999999999989,-4.000000000000014,0,0001,1.0,LAND,3.917389,1.1268616,1013.03186,1.0159927845212478e-08,29,2025-05-25,82,49.26845063449056
2025-03-03 02:00:00,50.899999999999885,-2.9000000000000132,0,0001,1.0,LAND,1.3504944,-1.1914978,1018.0569,1.6793165849511114e-08,29,2025-05-25,82,33.671178144263834
2025-03-02 22:00:00,51.29999999999989,-2.700000000000013,0,0001,1.0,LAND,4.4544983,-0.85653687,1017.0619,2.4130486072265854e-08,29,2025-05-25,83,48.675380715784144
2025-03-04 03:00:00,50.999999999999886,-3.1000000000000134,0,0001,1.0,LAND,1.3597717,0.5538635,1010.7569,1.3131360311612419e-08,29,2025-05-25,81,15.867249382623775
2025-03-04 01:00:00,51.09999999999989,-3.700000000000014,0,0001,1.0,LAND,4.308502,3.7254944,989.7875,1.2283993470569617e-08,29,2025-05-25,81,28.387844116657877
2025-03-03 19:00:00,50.79999999999988,-3.800000000000014,0,0001,1.0,LAND,4.7330627,0.9132385,1011.22064,1.0983865402863905e-08,29,2025-05-25,82,46.48511894146907
2025-03-02 19:00:00,51.19999999999989,-2.700000000000013,0,0001,1.0,LAND,6.241974,-0.73861694,1019.8425,1.755587168232e-08,29,2025-05-25,83,43.960588457634586
2025-03-03 06:00:00,51.0,-2.75,0,0001,1.0,MARINE,-1.6031189,-3.02182,1020.0037,1.2258231318895387e-08,29,2025-05-25,82,39.0085412846435
2025-03-03 06:00:00,51.0,-3.0,0,0001,1.0,MARINE,-0.91952515,-2.785492,1020.29376,1.0546460375154486e-08,29,2025-05-25,82,22.18936624830474
2025-03-03 02:00:00,50.75,-3.0,0,0001,1.0,MARINE,0.98550415,-1.6131287,1023.7481,1.368019328807464e-08,29,2025-05-25,82,41.3727010802387
2025-03-03 02:00:00,50.75,-3.25,0,0001,1.0,MARINE,0.8565979,-0.4607849,1020.2481,1.1583873531113195e-08,29,2025-05-25,82,35.93464422422385
2025-03-03 02:00:00,51.0,-2.75,0,0001,1.0,MARINE,-0.34848022,-2.2049255,1020.3681,1.9568817529365412e-08,29,2025-05-25,82,39.0085412846435
2025-03-04 02:00:00,51.5,-3.5,0,0001,1.0,MARINE,0.6451721,0.05996704,1015.1194,1.650160905142191e-08,29,2025-05-25,81,49.67482405932583
2025-03-04 01:00:00,51.25,-3.75,0,0001,1.0,MARINE,6.1271057,5.086334,1017.33435,1.0951200510080107e-08,29,2025-05-25,81,37.34231611424084
2025-03-04 02:00:00,51.25,-3.75,0,0001,1.0,MARINE,4.5846252,4.4877014,1016.8094,1.098331942293354e-08,29,2025-05-25,81,37.34231611424084
2025-03-04 03:00:00,51.5,-3.5,0,0001,1.0,MARINE,0.11807251,-0.6319275,1014.92377,1.6354383278182585e-08,29,2025-05-25,81,49.67482405932583
2025-03-02 19:00:00,51.25,-2.75,0,0001,1.0,MARINE,6.5829163,-0.6636658,1025.4663,1.8107322227271018e-08,29,2025-05-25,83,42.922172163796546
2025-03-02 18:00:00,51.25,-3.0,0,0001,1.0,MARINE,8.617462,0.190094,1028.6825,1.5313474932554196e-08,29,2025-05-25,83,28.61064640610068
2025-03-02 18:00:00,51.25,-3.25,0,0001,1.0,MARINE,7.4983215,2.4440002,1027.0024,1.3941340040734785e-08,29,2025-05-25,83,20.066765603670277
2025-03-02 17:00:00,51.5,-3.5,0,0001,1.0,MARINE,7.893219,1.8121643,1019.46814,1.298150349252973e-08,29,2025-05-25,83,49.67482405932583
2025-03-04 04:00:00,51.5,-3.5,0,0001,1.0,MARINE,0.00064086914,-0.6919861,1014.5025,1.620715750494326e-08,29,2025-05-25,81,49.67482405932583
2025-03-04 08:00:00,50.75,-3.0,0,0001,1.0,MARINE,-1.0647888,-1.8045349,1020.4844,9.965618145517314e-09,29,2025-05-25,81,41.3727010802387
2025-04-26 11:00:00,50.999999999999886,-2.9000000000000132,0,0001,1.0,LAND,13.550446,8.110626,1017.1188,2.7170237800373804e-08,29,2025-05-25,28,28.82273533628491
2025-04-26 12:00:00,50.999999999999886,-2.800000000000013,0,0001,1.0,LAND,14.31778,7.7499084,1018.40063,2.8266022411570755e-08,29,2025-05-25,28,35.593753287410664
2025-04-26 12:00:00,50.899999999999885,-2.800000000000013,0,0001,1.0,LAND,13.815826,7.443268,1011.5006,2.7713522143812138e-08,29,2025-05-25,28,39.63399281051286
2025-04-28 00:00:00,50.899999999999885,-3.2000000000000135,0,0001,1.0,LAND,9.150787,8.824738,1007.84375,2.0857236826545714e-08,29,2025-05-25,27,20.258284306103814
2025-04-10 19:00:00,50.79999999999988,-3.5000000000000138,0,0001,1.0,LAND,11.092682,5.889801,1020.73065,1.503906125558728e-08,29,2025-05-25,44,33.43759636502995
2025-04-10 20:00:00,50.69999999999988,-3.600000000000014,0,0001,1.0,LAND,9.75235,5.717682,1016.495,1.572729383762295e-08,29,2025-05-25,44,46.52263383000583
2025-04-11 05:00:00,50.999999999999886,-3.1000000000000134,0,0001,1.0,LAND,6.5123596,3.841217,1008.85187,1.4931122153486184e-08,29,2025-05-25,43,15.867249382623775
2025-04-11 01:00:00,51.09999999999989,-3.900000000000014,0,0001,1.0,LAND,8.1371155,5.3629456,1000.1819,2.514780348775754e-08,29,2025-05-25,43,42.30019002722395
2025-04-28 00:00:00,51.25,-3.25,0,0001,1.0,MARINE,10.58609,9.094391,1022.08563,1.6168871685984173e-08,29,2025-05-25,27,20.066765603670277
2025-04-28 04:00:00,51.5,-3.25,0,0001,1.0,MARINE,7.207184,6.4950256,1014.1362,1.2460788697173518e-08,29,2025-05-25,26,47.714479392982966
2025-04-27 22:00:00,50.75,-3.75,0,0001,1.0,MARINE,10.03714,7.3451233,1004.2681,1.6603812741378426e-08,29,2025-05-25,27,47.893858204301885
2025-04-28 05:00:00,51.5,-3.25,0,0001,1.0,MARINE,6.79776,6.174713,1014.40686,1.1440803841337504e-08,29,2025-05-25,26,47.714479392982966
2025-04-27 08:00:00,50.75,-3.0,0,0001,1.0,MARINE,9.077301,9.076202,1019.83936,1.9083005657153844e-08,29,2025-05-25,27,41.3727010802387
2025-04-27 08:00:00,50.75,-3.25,0,0001,1.0,MARINE,8.756989,8.757843,1016.3594,1.4318168585954814e-08,29,2025-05-25,27,35.93464422422385
2025-04-12 16:00:00,50.75,-3.0,0,0001,1.0,MARINE,14.6180725,7.5975647,995.3744,2.2694459811400973e-08,29,2025-05-25,42,41.3727010802387
2025-04-12 16:00:00,50.75,-3.25,0,0001,1.0,MARINE,14.426666,7.949127,992.0144,2.2007686136434466e-08,29,2025-05-25,42,35.93464422422385
2025-04-12 15:00:00,50.75,-3.5,0,0001,1.0,MARINE,13.810699,8.443024,987.5069,2.0921006177454476e-08,29,2025-05-25,42,38.54010660408873
2025-04-12 14:00:00,50.75,-3.5,0,0001,1.0,MARINE,14.3836975,7.7877502,988.155,2.1805041198567408e-08,29,2025-05-25,42,38.54010660408873
2025-04-11 03:00:00,51.25,-3.75,0,0001,1.0,MARINE,9.1586,6.9117737,1014.96564,2.7738225230610324e-08,29,2025-05-25,43,37.34231611424084
2025-04-11 02:00:00,51.25,-3.75,0,0001,1.0,MARINE,9.108551,7.0206604,1015.5769,2.8347391480460786e-08,29,2025-05-25,43,37.34231611424084
2025-04-11 00:00:00,50.75,-3.0,0,0001,1.0,MARINE,6.1178284,4.834137,1020.3881,1.6761290577704475e-08,29,2025-05-25,44,41.3727010802387
2025-04-11 07:00:00,51.0,-2.75,0,0001,1.0,MARINE,5.2569885,4.217682,1014.72626,1.3048506812089261e-08,29,2025-05-25,43,39.0085412846435
2025-04-11 07:00:00,51.0,-3.0,0,0001,1.0,MARINE,5.7530823,3.9735413,1015.0062,1.2935079674036801e-08,29,2025-05-25,43,22.18936624830474
2025-04-11 06:00:00,51.0,-3.0,0,0001,1.0,MARINE,4.273102,2.3319397,1015.1825,1.3906737095226075e-08,29,2025-05-25,43,22.18936624830474
2025-04-11 05:00:00,51.5,-3.5,0,0001,1.0,MARINE,4.457672,3.1634827,1012.92126,3.080475804069906e-08,29,2025-05-25,43,49.67482405932583
2025-04-10 23:00:00,50.75,-3.0,0,0001,1.0,MARINE,6.7254944,5.0921936,1020.84436,1.610487682102116e-08,29,2025-05-25,44,41.3727010802387
2025-04-10 22:00:00,50.75,-3.25,0,0001,1.0,MARINE,6.768463,5.344635,1017.3694,1.6025264596800758e-08,29,2025-05-25,44,35.93464422422385
2025-04-10 21:00:00,50.75,-3.25,0,0001,1.0,MARINE,8.175446,5.313141,1017.59064,1.534519245005561e-08,29,2025-05-25,44,35.93464422422385
2025-04-10 20:00:00,50.75,-3.5,0,0001,1.0,MARINE,9.234039,4.9845276,1012.06,1.552749010850589e-08,29,2025-05-25,44,38.54010660408873
2025-05-17 21:00:00,50.79999999999988,-3.800000000000014,0,0001,1.0,LAND,12.53067,8.343903,1004.83124,9.024390457136191e-09,29,2025-05-25,7,46.48511894146907
2025-05-17 21:00:00,50.79999999999988,-3.700000000000014,0,0001,1.0,LAND,12.577545,8.730621,1009.52124,9.197274164486095e-09,29,2025-05-25,7,41.41333069092724
2025-05-02 02:00:00,51.49999999999989,-3.3000000000000136,0,0001,1.0,LAND,12.169586,10.7430725,1004.5925,1.0522829330115791e-08,29,2025-05-25,22,47.607677223109384
2025-05-02 02:00:00,51.49999999999989,-3.4000000000000137,0,0001,1.0,LAND,12.198883,11.002838,1002.7525,1.1330746766770713e-08,29,2025-05-25,22,48.152628529240324
2025-05-02 01:00:00,51.49999999999989,-3.4000000000000137,0,0001,1.0,LAND,13.005524,11.38736,1002.605,1.1168611859418816e-08,29,2025-05-25,22,48.152628529240324
2025-05-02 17:00:00,50.79999999999988,-3.1000000000000134,0,0001,1.0,LAND,20.29483,12.240875,997.78625,9.680417874710381e-09,29,2025-05-25,22,33.20476404571301
2025-05-07 16:00:00,51.49999999999989,-3.3000000000000136,0,0001,1.0,LAND,15.899567,7.303131,1011.6294,1.7186417067271654e-08,29,2025-05-25,17,47.607677223109384
2025-05-13 20:00:00,51.09999999999989,-2.9000000000000132,0,0001,1.0,LAND,16.757965,12.117828,1017.825,1.7090197257372158e-08,29,2025-05-25,11,27.839478913065925
2025-05-13 19:00:00,50.999999999999886,-3.4000000000000137,0,0001,1.0,LAND,16.535553,10.685699,996.3131,1.3855058766939736e-08,29,2025-05-25,11,10.801869111091163
2025-05-07 19:00:00,51.49999999999989,-3.3000000000000136,0,0001,1.0,LAND,14.828033,9.104523,1010.76935,1.3984382263298584e-08,29,2025-05-25,17,47.607677223109384
2025-05-07 19:00:00,51.49999999999989,-3.4000000000000137,0,0001,1.0,LAND,14.70694,9.319366,1008.9894,1.4796569784240016e-08,29,2025-05-25,17,48.152628529240324
2025-05-07 17:00:00,51.49999999999989,-3.3000000000000136,0,0001,1.0,LAND,15.656158,7.1893616,1011.3794,1.6119072132613963e-08,29,2025-05-25,17,47.607677223109384
2025-05-07 17:00:00,51.49999999999989,-3.4000000000000137,0,0001,1.0,LAND,15.484283,7.5467834,1009.6194,1.6855027114755335e-08,29,2025-05-25,17,48.152628529240324
2025-05-07 18:00:00,51.49999999999989,-3.3000000000000136,0,0001,1.0,LAND,15.18692,7.471222,1011.27814,1.5051727197956275e-08,29,2025-05-25,17,47.607677223109384
2025-05-09 22:00:00,50.899999999999885,-3.2000000000000135,0,0001,1.0,LAND,11.27005,6.276764,1000.76373,1.549538423499112e-08,29,2025-05-25,15,20.258284306103814
2025-05-13 19:00:00,51.0,-3.5,0,0001,1.0,MARINE,16.333649,11.045074,998.6131,1.3660060656690627e-08,29,2025-05-25,11,16.346851066771286
2025-05-23 04:00:00,50.75,-3.25,0,0001,1.0,MARINE,9.150543,8.750641,1010.5,1.0647477552416683e-08,29,2025-05-25,1,35.93464422422385
2025-05-23 02:00:00,51.0,-3.5,0,0001,1.0,MARINE,8.172272,7.073395,1001.2675,1.0028523530121615e-08,29,2025-05-25,1,16.346851066771286
2025-05-23 02:00:00,51.25,-3.5,0,0001,1.0,MARINE,12.607819,8.190582,1012.4875,1.2196026304607471e-08,29,2025-05-25,1,24.385152228876034
2025-05-02 08:00:00,51.0,-3.75,0,0001,1.0,MARINE,13.676178,12.645416,993.6125,9.384402912167416e-09,29,2025-05-25,22,32.73181961418746
2025-05-02 17:00:00,50.75,-3.0,0,0001,1.0,MARINE,20.564362,13.906403,1008.0831,1.0215436977804533e-08,29,2025-05-25,22,41.3727010802387
2025-03-23 01:00:00,57.49999999999998,-2.800000000000013,0,0001,1.0,LAND,6.355377,6.06485,983.5775,9.436141340523816e-09,30,2025-05-22,59,29.506088872706844
2025-03-17 06:00:00,56.99999999999997,-2.700000000000013,0,0001,1.0,LAND,1.3097229,-0.88949585,996.1275,9.897509034573151e-09,30,2025-05-22,65,26.680354465662983
2025-03-17 06:00:00,57.09999999999997,-2.600000000000013,0,0001,1.0,LAND,1.8702698,-0.953949,1010.7575,1.0071662615018803e-08,30,2025-05-22,65,18.92964214660997
2025-03-17 05:00:00,57.09999999999997,-2.600000000000013,0,0001,1.0,LAND,1.8841858,-0.88119507,1010.48126,1.0421481381565412e-08,30,2025-05-22,65,18.92964214660997
2025-03-17 04:00:00,57.299999999999976,-2.600000000000013,0,0001,1.0,LAND,2.3614807,-0.7828064,1009.6319,1.0385992214405023e-08,30,2025-05-22,65,13.641457565388034
2025-03-09 04:00:00,56.89999999999997,-2.400000000000013,0,0001,1.0,LAND,6.46109,2.5419006,989.3738,2.032174428734414e-08,30,2025-05-22,73,44.120406631498994
2025-03-09 03:00:00,56.89999999999997,-2.400000000000013,0,0001,1.0,LAND,6.561676,2.7626038,989.77185,2.015570466085169e-08,30,2025-05-22,73,44.120406631498994
2025-03-09 05:00:00,56.89999999999997,-2.400000000000013,0,0001,1.0,LAND,6.280426,2.3507385,989.1625,2.0487783913836584e-08,30,2025-05-22,73,44.120406631498994
2025-03-09 06:00:00,56.89999999999997,-2.400000000000013,0,0001,1.0,LAND,6.0677795,2.1036682,989.03876,2.0653823540329034e-08,30,2025-05-22,73,44.120406631498994
2025-03-09 19:00:00,56.99999999999997,-3.3000000000000136,0,0001,1.0,LAND,7.896515,2.6174622,946.54126,1.4746499151415218e-08,30,2025-05-22,73,40.26516952557438
2025-03-09 19:00:00,56.99999999999997,-3.4000000000000137,0,0001,1.0,LAND,7.6582336,2.1799622,939.95123,1.4276126244124494e-08,30,2025-05-22,73,45.03296941221375
2025-03-09 09:00:00,56.89999999999997,-2.400000000000013,0,0001,1.0,LAND,6.396637,4.4579163,989.7925,2.1151942419806374e-08,30,2025-05-22,73,44.120406631498994
2025-03-23 00:00:00,57.5,-2.75,0,0001,1.0,MARINE,7.1734924,6.542633,987.8975,1.0399904826208091e-08,30,2025-05-22,60,29.609785713122804
2025-03-20 08:00:00,57.25,-2.0,0,0001,1.0,MARINE,4.1305237,2.9273987,1016.15063,1.9320717618379987e-08,30,2025-05-22,62,47.68474300323529
2025-03-09 18:00:00,57.25,-3.25,0,0001,1.0,MARINE,9.920807,2.402008,952.72815,1.459693495936562e-08,30,2025-05-22,73,27.605632282454756
2025-03-09 19:00:00,57.0,-3.25,0,0001,1.0,MARINE,7.6302795,2.721344,944.9444,1.4981685605060668e-08,30,2025-05-22,73,38.016766544169755
2025-04-23 06:00:00,57.39999999999998,-2.400000000000013,0,0001,1.0,LAND,5.4999084,5.226471,1001.7388,9.307000614633343e-09,30,2025-05-22,28,29.867335619501787
2025-04-23 06:00:00,57.299999999999976,-2.3000000000000127,0,0001,1.0,LAND,5.7030334,5.4823303,1001.2388,9.63714809343316e-09,30,2025-05-22,28,30.4631305018836
2025-04-23 05:00:00,57.299999999999976,-2.400000000000013,0,0001,1.0,LAND,5.499176,5.31485,998.6069,9.68233555368824e-09,30,2025-05-22,28,24.66572598133779
2025-04-23 03:00:00,57.299999999999976,-2.600000000000013,0,0001,1.0,LAND,5.5384827,5.025299,992.65375,9.05926597627445e-09,30,2025-05-22,28,13.641457565388034
2025-04-23 04:00:00,57.299999999999976,-2.500000000000013,0,0001,1.0,LAND,5.3329163,5.2030334,996.1125,9.425296654264016e-09,30,2025-05-22,28,19.002461472268067
2025-04-23 05:00:00,57.39999999999998,-2.500000000000013,0,0001,1.0,LAND,5.139801,5.0160217,999.58685,9.053646813731749e-09,30,2025-05-22,28,25.405228967612814
2025-04-29 18:00:00,57.39999999999998,-2.2000000000000126,0,0001,1.0,LAND,16.559967,11.868317,1010.8144,1.0412215922794855e-08,30,2025-05-22,22,40.02037996263323
2025-04-29 18:00:00,57.39999999999998,-2.3000000000000127,0,0001,1.0,LAND,16.972076,11.448395,1009.0544,1.004967456474936e-08,30,2025-05-22,22,34.79645121898301
2025-04-29 17:00:00,57.59999999999998,-3.1000000000000134,0,0001,1.0,LAND,16.08487,8.931793,1008.4319,9.176726573078896e-09,30,2025-05-22,22,44.611127017516715
2025-04-29 06:00:00,57.199999999999974,-2.1000000000000125,0,0001,1.0,LAND,9.933502,9.126495,1018.5019,9.188131144810966e-09,30,2025-05-22,22,41.84408072076466
2025-04-29 16:00:00,57.59999999999998,-3.2000000000000135,0,0001,1.0,LAND,16.528229,8.8003235,1008.66437,9.119308271484041e-09,30,2025-05-22,22,47.40084652634246
2025-04-29 17:00:00,57.59999999999998,-3.2000000000000135,0,0001,1.0,LAND,16.344635,8.869293,1008.6719,9.312162078482069e-09,30,2025-05-22,22,47.40084652634246
2025-04-29 23:00:00,57.39999999999998,-2.700000000000013,0,0001,1.0,LAND,11.530182,9.547028,999.945,9.287440376944222e-09,30,2025-05-22,22,19.19565270902045
2025-04-30 00:00:00,57.39999999999998,-2.400000000000013,0,0001,1.0,LAND,11.116852,9.334259,1008.3275,1.172529007220636e-08,30,2025-05-22,22,29.867335619501787
2025-04-30 00:00:00,57.39999999999998,-2.3000000000000127,0,0001,1.0,LAND,10.851227,9.127228,1009.7375,1.2147723271738147e-08,30,2025-05-22,22,34.79645121898301
2025-04-30 01:00:00,57.39999999999998,-2.2000000000000126,0,0001,1.0,LAND,10.247711,8.667023,1011.2025,1.2068601354386858e-08,30,2025-05-22,21,40.02037996263323
2025-04-30 01:00:00,57.39999999999998,-2.1000000000000125,0,0001,1.0,LAND,10.027008,8.420929,1013.1925,1.2506546962405958e-08,30,2025-05-22,21,45.437542608940014
2025-04-08 08:00:00,56.89999999999997,-2.400000000000013,0,0001,1.0,LAND,6.577667,4.5681458,1009.2519,9.163646360240265e-09,30,2025-05-22,43,44.120406631498994
2025-04-06 01:00:00,57.199999999999974,-2.500000000000013,0,0001,1.0,LAND,3.9950256,2.4769592,1009.54315,9.159616250660811e-09,30,2025-05-22,45,18.00130639883609
2025-04-03 06:00:00,57.09999999999997,-2.2000000000000126,0,0001,1.0,LAND,5.5069885,2.1856995,1018.15375,9.955859803234815e-09,30,2025-05-22,48,38.70796351931493
2025-04-03 06:00:00,57.09999999999997,-2.3000000000000127,0,0001,1.0,LAND,4.8038635,0.63687134,1013.6337,9.527835242995285e-09,30,2025-05-22,48,33.230622714978374
2025-04-07 23:00:00,56.79999999999997,-2.800000000000013,0,0001,1.0,LAND,5.3434143,4.2342834,1004.4437,1.176502351096749e-08,30,2025-05-22,44,48.336606259797435
2025-04-07 23:00:00,56.79999999999997,-2.700000000000013,0,0001,1.0,LAND,5.5836487,4.2967834,1012.8738,1.1455200528883122e-08,30,2025-05-22,44,48.65431596109307
2025-04-07 23:00:00,56.79999999999997,-2.600000000000013,0,0001,1.0,LAND,5.839508,4.4881897,1017.48376,1.1145377546798626e-08,30,2025-05-22,44,49.71256435797875
2025-04-11 21:00:00,57.09999999999997,-2.700000000000013,0,0001,1.0,LAND,10.327789,4.848297,991.1238,9.66343619360216e-09,30,2025-05-22,40,15.97091101565384
2025-04-11 22:00:00,57.09999999999997,-2.700000000000013,0,0001,1.0,LAND,9.214264,4.6523743,990.6044,1.0525812612719875e-08,30,2025-05-22,40,15.97091101565384
2025-04-11 22:00:00,57.09999999999997,-2.600000000000013,0,0001,1.0,LAND,9.196686,5.1719055,993.08435,1.1073987967365653e-08,30,2025-05-22,40,18.92964214660997
2025-04-11 18:00:00,56.99999999999997,-2.3000000000000127,0,0001,1.0,LAND,13.781403,6.504059,999.07935,9.678329158935229e-09,30,2025-05-22,40,39.53905600204514
2025-04-11 19:00:00,56.99999999999997,-2.400000000000013,0,0001,1.0,LAND,12.369049,8.481842,993.8781,9.44345493007296e-09,30,2025-05-22,40,35.22966881456107
2025-04-11 19:00:00,56.99999999999997,-2.3000000000000127,0,0001,1.0,LAND,12.472565,6.884186,998.7581,1.060389720359627e-08,30,2025-05-22,40,39.53905600204514
2025-04-30 00:00:00,57.5,-2.25,0,0001,1.0,MARINE,8.731842,7.3294983,1013.9381,1.2231456847366912e-08,30,2025-05-22,22,43.894939360184935
2025-04-08 01:00:00,57.0,-2.75,0,0001,1.0,MARINE,0.7760315,0.31411743,988.96625,1.1990992830612762e-08,30,2025-05-22,43,26.218409375040846
2025-04-08 00:00:00,57.0,-2.75,0,0001,1.0,MARINE,2.1307678,1.5399475,989.0775,1.2633136758921625e-08,30,2025-05-22,44,26.218409375040846
2025-04-08 06:00:00,57.0,-2.5,0,0001,1.0,MARINE,1.0084534,-0.3580017,1006.66187,9.513495630164537e-09,30,2025-05-22,43,31.49302832434753
2025-04-08 06:00:00,57.5,-3.25,0,0001,1.0,MARINE,1.3443909,1.0814514,1002.2419,9.82287673423338e-09,30,2025-05-22,43,40.30380445192238
2025-04-03 05:00:00,57.0,-2.25,0,0001,1.0,MARINE,3.983551,1.2689514,1018.28564,1.041362276965613e-08,30,2025-05-22,48,41.854195447865884
2025-04-03 04:00:00,57.0,-2.25,0,0001,1.0,MARINE,4.4513245,1.530426,1018.2456,1.0193384802903494e-08,30,2025-05-22,48,41.854195447865884
2025-04-11 20:00:00,57.0,-2.25,0,0001,1.0,MARINE,10.7621155,5.1922913,1004.6825,1.2123265292115078e-08,30,2025-05-22,40,41.854195447865884
2025-04-11 19:00:00,57.0,-2.25,0,0001,1.0,MARINE,12.62442,5.5189514,1004.8756,1.1184118340358045e-08,30,2025-05-22,40,41.854195447865884
2025-04-11 19:00:00,57.0,-2.5,0,0001,1.0,MARINE,13.425201,5.558014,994.5156,9.071990822913845e-09,30,2025-05-22,40,31.49302832434753
2025-04-11 18:00:00,57.0,-2.25,0,0001,1.0,MARINE,13.817535,6.0558167,1005.0925,1.0244971388601009e-08,30,2025-05-22,40,41.854195447865884
2025-05-01 11:00:00,56.99999999999997,-2.3000000000000127,0,0001,1.0,LAND,14.425934,9.966461,996.5687,1.064024762742537e-08,30,2025-05-22,20,39.53905600204514
2025-05-12 04:00:00,57.09999999999997,-2.400000000000013,0,0001,1.0,LAND,7.6454163,7.488678,998.08185,1.0870829273794101e-08,30,2025-05-22,9,27.98095695424412
2025-05-12 03:00:00,57.09999999999997,-2.400000000000013,0,0001,1.0,LAND,7.5003967,7.3941956,997.8237,1.1306255487397843e-08,30,2025-05-22,9,27.98095695424412
2025-05-13 00:00:00,57.09999999999997,-2.2000000000000126,0,0001,1.0,LAND,9.703888,9.268951,1010.9406,1.816257544362573e-08,30,2025-05-22,9,38.70796351931493
2025-05-13 00:00:00,57.09999999999997,-2.3000000000000127,0,0001,1.0,LAND,9.549591,9.220123,1006.53064,1.821514494793089e-08,30,2025-05-22,9,33.230622714978374
2025-05-12 23:00:00,57.09999999999997,-2.3000000000000127,0,0001,1.0,LAND,9.843414,9.39505,1006.32874,1.7381059804385428e-08,30,2025-05-22,9,33.230622714978374
2025-05-13 06:00:00,57.299999999999976,-2.3000000000000127,0,0001,1.0,LAND,8.205475,7.792389,1007.74,1.3142458676895944e-08,30,2025-05-22,8,30.4631305018836
2025-05-13 05:00:00,57.299999999999976,-2.3000000000000127,0,0001,1.0,LAND,6.9596252,6.808014,1007.2506,1.3537196400885193e-08,30,2025-05-22,8,30.4631305018836
2025-05-13 05:00:00,57.39999999999998,-2.3000000000000127,0,0001,1.0,LAND,7.1022034,6.946686,1009.1806,1.2671460695538629e-08,30,2025-05-22,8,34.79645121898301
2025-05-13 04:00:00,57.299999999999976,-2.2000000000000126,0,0001,1.0,LAND,6.927643,6.829254,1010.4856,1.413618318698233e-08,30,2025-05-22,8,36.33050644353857
2025-05-13 05:00:00,57.5,-2.25,0,0001,1.0,MARINE,7.2167053,7.153961,1014.09937,1.1992948153090834e-08,30,2025-05-22,8,43.894939360184935
2025-05-13 05:00:00,57.5,-2.5,0,0001,1.0,MARINE,7.021393,6.8941956,1009.8794,1.0653800293358722e-08,30,2025-05-22,8,34.30806585540185
2025-05-13 04:00:00,57.5,-2.5,0,0001,1.0,MARINE,7.2398987,7.2049866,1009.22375,1.0456218502152858e-08,30,2025-05-22,8,34.30806585540185
2025-05-13 03:00:00,57.25,-2.25,0,0001,1.0,MARINE,7.013092,7.004059,1009.72125,1.504744068236986e-08,30,2025-05-22,8,32.6574181405798
2025-03-20 07:00:00,55.99999999999996,-3.800000000000014,0,0001,1.0,LAND,0.250885,-0.90805054,1007.8088,2.579189247360919e-08,31,2025-05-21,61,16.625373650183587
2025-03-20 07:00:00,55.99999999999996,-3.900000000000014,0,0001,1.0,LAND,0.018463135,-0.8123474,1003.57874,2.5159927326729336e-08,31,2025-05-21,61,18.729227799508397
2025-03-20 07:00:00,56.09999999999996,-3.800000000000014,0,0001,1.0,LAND,0.5555725,-0.69125366,1005.63873,2.195720884742122e-08,31,2025-05-21,61,5.993353744661033
2025-03-20 06:00:00,55.99999999999996,-3.900000000000014,0,0001,1.0,LAND,0.5169983,-0.77523804,1003.1856,2.6303681011084736e-08,31,2025-05-21,61,18.729227799508397
2025-03-20 08:00:00,56.09999999999996,-3.800000000000014,0,0001,1.0,LAND,1.4396057,-0.09701538,1005.765,2.0971716511536418e-08,31,2025-05-21,61,5.993353744661033
2025-03-20 06:00:00,56.09999999999996,-3.900000000000014,0,0001,1.0,LAND,0.99160767,-0.43148804,1006.3756,2.2321999693099958e-08,31,2025-05-21,61,10.493262729171175
2025-03-20 05:00:00,55.99999999999996,-4.000000000000014,0,0001,1.0,LAND,0.361969,-1.2286072,997.3844,2.6575227055994093e-08,31,2025-05-21,61,22.40971949207013
2025-03-20 04:00:00,55.99999999999996,-4.2000000000000135,0,0001,1.0,LAND,0.5050354,-1.6097107,993.8894,2.5919739835936335e-08,31,2025-05-21,61,32.18864846202663
2025-03-20 03:00:00,55.899999999999956,-4.400000000000013,0,0001,1.0,LAND,1.1407776,-1.080658,1007.8594,2.4662254516360676e-08,31,2025-05-21,61,48.683196336639476
2025-03-20 08:00:00,56.09999999999996,-3.700000000000014,0,0001,1.0,LAND,1.599762,-0.325531,1008.075,2.1397776957719374e-08,31,2025-05-21,61,6.209934430601996
2025-03-22 17:00:00,56.09999999999996,-3.900000000000014,0,0001,1.0,LAND,12.382965,9.246979,988.77936,1.580414090799796e-08,31,2025-05-21,59,10.493262729171175
2025-03-20 09:00:00,56.19999999999996,-3.600000000000014,0,0001,1.0,LAND,3.5309143,-0.0152282715,987.65125,1.7239820127025835e-08,31,2025-05-21,61,11.163673066424996
2025-03-22 17:00:00,56.19999999999996,-4.000000000000014,0,0001,1.0,LAND,11.613434,9.036041,983.3794,1.4874525426182804e-08,31,2025-05-21,59,16.350722740039238
2025-03-19 18:00:00,55.99999999999996,-3.5000000000000138,0,0001,1.0,LAND,7.287018,0.82876587,1015.28815,2.1275406991704084e-08,31,2025-05-21,62,22.703409415182904
2025-03-19 18:00:00,55.99999999999996,-3.600000000000014,0,0001,1.0,LAND,7.2850647,0.48110962,1012.96814,2.2081617867540272e-08,31,2025-05-21,62,18.940262614255058
2025-03-19 23:00:00,55.899999999999956,-4.400000000000013,0,0001,1.0,LAND,2.8692932,-0.40731812,1008.20685,2.535705427112817e-08,31,2025-05-21,62,48.683196336639476
2025-03-19 17:00:00,55.99999999999996,-3.3000000000000136,0,0001,1.0,LAND,7.8539124,1.0587463,1014.9462,1.7462183810045358e-08,31,2025-05-21,62,32.55699097817271
2025-03-15 05:00:00,55.99999999999996,-4.2000000000000135,0,0001,1.0,LAND,1.3131409,-0.69833374,997.23126,1.6006446251769656e-08,31,2025-05-21,66,32.18864846202663
2025-03-15 05:00:00,55.99999999999996,-4.300000000000013,0,0001,1.0,LAND,1.7565002,-0.54599,1001.33124,1.5393555684768337e-08,31,2025-05-21,66,37.66443917532765
2025-03-15 04:00:00,56.09999999999996,-4.100000000000014,0,0001,1.0,LAND,2.153473,-0.1302185,1003.8331,1.451756594569139e-08,31,2025-05-21,66,22.112850015769776
2025-03-15 03:00:00,56.09999999999996,-4.100000000000014,0,0001,1.0,LAND,2.3605042,-0.1680603,1003.4363,1.5901636517964243e-08,31,2025-05-21,66,22.112850015769776
2025-03-15 02:00:00,56.09999999999996,-4.100000000000014,0,0001,1.0,LAND,2.6461487,-0.22091675,1003.40686,1.72857070902371e-08,31,2025-05-21,66,22.112850015769776
2025-03-15 02:00:00,56.19999999999996,-4.000000000000014,0,0001,1.0,LAND,2.6441956,-0.349823,1003.1269,1.3278355910179527e-08,31,2025-05-21,66,16.350722740039238
2025-03-15 02:00:00,56.19999999999996,-4.100000000000014,0,0001,1.0,LAND,2.7711487,-0.42599487,1004.1069,1.273712157505204e-08,31,2025-05-21,66,22.239698229795962
2025-03-15 01:00:00,56.19999999999996,-4.000000000000014,0,0001,1.0,LAND,3.0099182,-0.35934448,1002.98126,1.4353892822026552e-08,31,2025-05-21,66,16.350722740039238
2025-03-15 00:00:00,56.29999999999996,-4.000000000000014,0,0001,1.0,LAND,2.929596,-0.9073181,994.7488,1.0059567623346582e-08,31,2025-05-21,67,22.82214008710363
2025-03-15 01:00:00,56.29999999999996,-4.000000000000014,0,0001,1.0,LAND,2.5939026,-0.8769226,995.04126,9.339954912491253e-09,31,2025-05-21,66,22.82214008710363
2025-03-16 06:00:00,55.799999999999955,-3.900000000000014,0,0001,1.0,LAND,1.7306213,-0.051605225,1006.6188,9.561752833952484e-09,31,2025-05-21,65,39.67358059311454
2025-03-16 06:00:00,55.799999999999955,-4.000000000000014,0,0001,1.0,LAND,1.6856995,0.1300354,1011.09875,9.258034117109545e-09,31,2025-05-21,65,41.547418253261995
2025-03-16 05:00:00,55.799999999999955,-4.000000000000014,0,0001,1.0,LAND,1.7001038,0.12515259,1010.78876,9.862639260837535e-09,31,2025-05-21,65,41.547418253261995
2025-03-16 04:00:00,55.799999999999955,-4.000000000000014,0,0001,1.0,LAND,1.9225159,0.1793518,1010.60626,1.0467244404565528e-08,31,2025-05-21,65,41.547418253261995
2025-03-22 17:00:00,56.25,-3.75,0,0001,1.0,MARINE,12.651764,9.302155,980.99,1.326528798496318e-08,31,2025-05-21,59,11.428371968856487
2025-03-22 17:00:00,56.0,-3.75,0,0001,1.0,MARINE,13.433014,9.337311,987.2,1.629062050996958e-08,31,2025-05-21,59,16.373732848233665
2025-03-22 18:00:00,56.5,-4.25,0,0001,1.0,MARINE,9.722321,8.039459,954.1781,9.765902170277993e-09,31,2025-05-21,59,49.759117182693004
2025-03-23 21:00:00,56.25,-4.0,0,0001,1.0,MARINE,5.3959045,3.9774475,990.58813,1.3272368912243113e-08,31,2025-05-21,58,19.057475857770346
2025-03-20 06:00:00,56.0,-3.75,0,0001,1.0,MARINE,-0.94418335,-2.2227478,1004.77313,2.7431810600830443e-08,31,2025-05-21,61,16.373732848233665
2025-03-20 06:00:00,56.0,-4.0,0,0001,1.0,MARINE,-0.7625427,-2.0723572,1001.91315,2.555159461792269e-08,31,2025-05-21,61,22.40971949206606
2025-03-19 04:00:00,56.0,-3.25,0,0001,1.0,MARINE,-0.8374939,-2.2601013,1007.1769,9.381410241241741e-09,31,2025-05-21,62,35.27363463791916
2025-03-20 01:00:00,56.0,-4.5,0,0001,1.0,MARINE,1.2618713,-1.6585388,1001.65875,2.5022568091633414e-08,31,2025-05-21,61,49.1395559556115
2025-03-20 00:00:00,56.0,-4.25,0,0001,1.0,MARINE,0.88882446,-2.0655212,1000.0662,2.8869010737508783e-08,31,2025-05-21,62,34.89600165521449
2025-03-19 23:00:00,56.0,-4.25,0,0001,1.0,MARINE,1.8348694,-1.3448181,1000.32874,2.672611728223479e-08,31,2025-05-21,62,34.89600165521449
2025-03-15 03:00:00,56.0,-4.25,0,0001,1.0,MARINE,0.30142212,-1.6795349,1002.6225,1.9029438004524984e-08,31,2025-05-21,66,34.89600165521449
2025-03-15 02:00:00,56.0,-4.25,0,0001,1.0,MARINE,0.8043518,-1.565033,1002.52124,2.0694156522652657e-08,31,2025-05-21,66,34.89600165521449
2025-03-14 23:00:00,56.0,-3.5,0,0001,1.0,MARINE,2.6095276,-0.34848022,1008.1744,2.5448371965274832e-08,31,2025-05-21,67,22.703409415180072
2025-03-14 22:00:00,56.25,-3.5,0,0001,1.0,MARINE,3.5726624,-0.01889038,1005.8762,1.3046714491168544e-08,31,2025-05-21,67,19.399763296218577
2025-04-01 01:00:00,56.499999999999964,-3.800000000000014,0,0001,1.0,LAND,7.6231995,6.403351,981.53064,1.1333892111868693e-08,31,2025-05-21,49,39.33003207339715
2025-04-17 23:00:00,55.899999999999956,-4.400000000000013,0,0001,1.0,LAND,5.9547424,3.122467,1000.9419,1.123345919988071e-08,31,2025-05-21,33,48.683196336639476
2025-04-18 00:00:00,55.99999999999996,-4.2000000000000135,0,0001,1.0,LAND,4.4825745,2.0709534,987.52563,1.3727413872287956e-08,31,2025-05-21,33,32.18864846202663
2025-04-18 00:00:00,55.99999999999996,-4.100000000000014,0,0001,1.0,LAND,4.5157776,2.1100159,987.71564,1.430980045569098e-08,31,2025-05-21,33,27.030305079630224
2025-04-18 01:00:00,56.09999999999996,-3.900000000000014,0,0001,1.0,LAND,4.7132874,2.6498108,999.97626,1.210879086814219e-08,31,2025-05-21,32,10.493262729171175
2025-04-18 02:00:00,56.09999999999996,-3.700000000000014,0,0001,1.0,LAND,4.0777893,2.5724182,1001.0481,1.238420819597517e-08,31,2025-05-21,32,6.209934430601996
2025-04-18 02:00:00,55.99999999999996,-3.800000000000014,0,0001,1.0,LAND,3.855133,2.7638245,1000.8781,1.4297202014881545e-08,31,2025-05-21,32,16.625373650183587
2025-04-18 03:00:00,55.99999999999996,-3.600000000000014,0,0001,1.0,LAND,4.232086,2.457672,1006.5375,1.4375785561958326e-08,31,2025-05-21,32,18.940262614255058
2025-04-18 03:00:00,55.99999999999996,-3.5000000000000138,0,0001,1.0,LAND,4.747711,2.346344,1008.8675,1.3486575523024118e-08,31,2025-05-21,32,22.703409415182904
2025-04-29 05:00:00,55.99999999999996,-4.400000000000013,0,0001,1.0,LAND,8.002228,7.9048157,1012.04565,9.911957143948279e-09,31,2025-05-21,21,43.33750403770832
2025-04-29 06:00:00,55.99999999999996,-4.400000000000013,0,0001,1.0,LAND,7.900299,7.5522766,1011.7619,9.33692301252576e-09,31,2025-05-21,21,43.33750403770832
2025-04-30 07:00:00,55.99999999999996,-4.400000000000013,0,0001,1.0,LAND,10.940338,9.408844,1009.0925,1.2652069836249532e-08,31,2025-05-21,20,43.33750403770832
2025-04-08 06:00:00,55.99999999999996,-3.700000000000014,0,0001,1.0,LAND,4.874176,3.820465,1019.2488,9.838514669625325e-09,31,2025-05-21,42,16.704876798041294
2025-04-08 05:00:00,55.899999999999956,-3.600000000000014,0,0001,1.0,LAND,4.902008,3.9513245,1005.1475,1.0922375485537984e-08,31,2025-05-21,42,29.09837795907814
2025-04-08 01:00:00,55.899999999999956,-4.2000000000000135,0,0001,1.0,LAND,6.5038147,5.0533752,1009.8225,3.0704881008134555e-08,31,2025-05-21,42,39.062056016618314
2025-04-08 03:00:00,55.899999999999956,-3.800000000000014,0,0001,1.0,LAND,5.4200745,4.381012,1005.47186,1.803633853381342e-08,31,2025-05-21,42,27.643661592599994
2025-04-08 03:00:00,55.899999999999956,-3.700000000000014,0,0001,1.0,LAND,5.4513245,4.332184,1005.1319,1.5795004415510177e-08,31,2025-05-21,42,27.691672828139428
2025-04-08 04:00:00,55.899999999999956,-3.700000000000014,0,0001,1.0,LAND,5.1385803,4.122711,1005.02185,1.4224639836396074e-08,31,2025-05-21,42,27.691672828139428
2025-04-08 04:00:00,55.899999999999956,-3.600000000000014,0,0001,1.0,LAND,5.1385803,4.1148987,1004.90186,1.2238022891372457e-08,31,2025-05-21,42,29.09837795907814
2025-04-09 05:00:00,56.19999999999996,-3.5000000000000138,0,0001,1.0,LAND,3.625885,3.2777405,997.8094,9.984798691558261e-09,31,2025-05-21,41,16.748932673435633
2025-04-09 05:00:00,56.19999999999996,-3.4000000000000137,0,0001,1.0,LAND,3.8172913,3.4398499,1003.6394,9.75695213512128e-09,31,2025-05-21,41,22.650761461140704
2025-04-09 06:00:00,56.19999999999996,-3.5000000000000138,0,0001,1.0,LAND,3.7894592,3.3856506,997.8669,9.136302825397498e-09,31,2025-05-21,41,16.748932673435633
2025-04-01 02:00:00,56.499999999999964,-3.800000000000014,0,0001,1.0,LAND,7.153961,6.2341614,981.29877,1.0664365409270998e-08,31,2025-05-21,49,39.33003207339715
2025-04-01 02:00:00,56.39999999999996,-3.800000000000014,0,0001,1.0,LAND,7.638336,6.8318176,997.9387,1.1959307766319404e-08,31,2025-05-21,49,28.252244396515916
2025-04-01 02:00:00,56.19999999999996,-3.900000000000014,0,0001,1.0,LAND,7.275055,6.68338,1006.1188,1.6188295093312316e-08,31,2025-05-21,49,10.803666891575661
2025-04-01 03:00:00,56.19999999999996,-3.800000000000014,0,0001,1.0,LAND,6.2938538,5.967682,1000.97437,1.5602421965522558e-08,31,2025-05-21,49,6.536340455292928
2025-04-01 04:00:00,56.19999999999996,-3.700000000000014,0,0001,1.0,LAND,4.8121643,4.6211243,996.01935,1.4841151270891823e-08,31,2025-05-21,49,6.734973972086425
2025-04-01 05:00:00,56.19999999999996,-3.700000000000014,0,0001,1.0,LAND,3.315094,3.1959534,995.9556,1.3335908830940421e-08,31,2025-05-21,49,6.734973972086425
2025-04-01 05:00:00,56.19999999999996,-3.600000000000014,0,0001,1.0,LAND,3.1354065,2.9967346,993.33563,1.3904483009420095e-08,31,2025-05-21,49,11.163673066424996
2025-04-01 06:00:00,56.09999999999996,-3.700000000000014,0,0001,1.0,LAND,3.7010803,3.533844,1014.055,1.3193497377939704e-08,31,2025-05-21,49,6.209934430601996
2025-04-07 13:00:00,55.899999999999956,-4.000000000000014,0,0001,1.0,LAND,13.826324,6.075836,1004.8631,9.215931101591246e-09,31,2025-05-21,43,31.47298627930864
2025-04-07 14:00:00,55.899999999999956,-3.900000000000014,0,0001,1.0,LAND,14.430328,6.271637,1005.40875,1.0986664226534473e-08,31,2025-05-21,43,28.961102397718342
2025-04-07 15:00:00,55.99999999999996,-3.900000000000014,0,0001,1.0,LAND,14.673492,6.5453186,1009.4487,1.242246683297311e-08,31,2025-05-21,43,18.729227799508397
2025-04-07 16:00:00,56.09999999999996,-3.900000000000014,0,0001,1.0,LAND,14.678864,6.598419,1012.46814,1.1286434083621263e-08,31,2025-05-21,43,10.493262729171175
2025-04-07 17:00:00,56.09999999999996,-3.900000000000014,0,0001,1.0,LAND,14.468414,6.4808655,1012.445,1.216880191982561e-08,31,2025-05-21,43,10.493262729171175
2025-04-07 18:00:00,56.09999999999996,-4.000000000000014,0,0001,1.0,LAND,13.719391,6.893341,1008.5519,1.3276776955618733e-08,31,2025-05-21,43,16.159453909118394
2025-04-07 18:00:00,55.99999999999996,-3.900000000000014,0,0001,1.0,LAND,13.828766,6.8367004,1009.52185,1.5218416304919676e-08,31,2025-05-21,43,18.729227799508397
2025-04-07 19:00:00,55.99999999999996,-3.900000000000014,0,0001,1.0,LAND,13.185211,6.1197815,1009.435,1.6150399462235197e-08,31,2025-05-21,43,18.729227799508397
2025-04-07 20:00:00,55.899999999999956,-3.800000000000014,0,0001,1.0,LAND,11.184723,5.9684143,1004.64435,1.8471486525526527e-08,31,2025-05-21,43,27.643661592599994
2025-04-07 20:00:00,55.899999999999956,-3.700000000000014,0,0001,1.0,LAND,10.747223,5.886383,1004.3544,1.663806570295721e-08,31,2025-05-21,43,27.691672828139428
2025-04-07 03:00:00,55.99999999999996,-3.600000000000014,0,0001,1.0,LAND,4.188141,3.1351624,1020.40186,1.5437882749933684e-08,31,2025-05-21,43,18.940262614255058
2025-04-07 03:00:00,55.99999999999996,-3.5000000000000138,0,0001,1.0,LAND,4.393219,3.1722717,1022.7519,1.437362606715311e-08,31,2025-05-21,43,22.703409415182904
2025-04-07 04:00:00,55.99999999999996,-3.600000000000014,0,0001,1.0,LAND,3.8282776,2.9188538,1020.1906,1.507039559811372e-08,31,2025-05-21,43,18.940262614255058
2025-04-07 05:00:00,55.99999999999996,-3.700000000000014,0,0001,1.0,LAND,3.11026,2.5072327,1018.27185,1.3715891311603655e-08,31,2025-05-21,43,16.704876798041294
2025-04-07 06:00:00,55.99999999999996,-3.800000000000014,0,0001,1.0,LAND,2.0821838,1.7079163,1014.63,1.2404917537621477e-08,31,2025-05-21,43,16.625373650183587
2025-04-07 08:00:00,55.99999999999996,-3.900000000000014,0,0001,1.0,LAND,5.386383,3.8919983,1010.54376,1.0835282893139061e-08,31,2025-05-21,43,18.729227799508397
2025-04-12 04:00:00,56.19999999999996,-4.100000000000014,0,0001,1.0,LAND,6.3038635,3.363922,992.19,2.7957441991098404e-08,31,2025-05-21,38,22.239698229795962
2025-04-12 04:00:00,56.19999999999996,-4.000000000000014,0,0001,1.0,LAND,5.950348,3.2779846,991.24,2.812405538084997e-08,31,2025-05-21,38,16.350722740039238
2025-04-12 04:00:00,56.09999999999996,-4.000000000000014,0,0001,1.0,LAND,5.5968323,3.6998596,992.81,3.226585221227875e-08,31,2025-05-21,38,16.159453909118394
2025-04-12 05:00:00,56.09999999999996,-3.900000000000014,0,0001,1.0,LAND,5.1688538,3.8021545,996.0119,3.0500134677130676e-08,31,2025-05-21,38,10.493262729171175
2025-04-12 06:00:00,56.09999999999996,-3.800000000000014,0,0001,1.0,LAND,4.8387756,3.365631,994.29376,2.870474968830363e-08,31,2025-05-21,38,5.993353744661033
2025-04-12 07:00:00,56.29999999999996,-3.2000000000000135,0,0001,1.0,LAND,5.801422,4.270172,994.835,1.9654128398846334e-08,31,2025-05-21,38,38.197640235053164
2025-04-18 03:00:00,56.0,-3.25,0,0001,1.0,MARINE,4.8172913,1.8866272,998.3137,1.1263550425688433e-08,31,2025-05-21,32,35.27363463791916
2025-04-18 03:00:00,56.0,-3.75,0,0001,1.0,MARINE,2.6669006,1.851471,998.02374,1.3570102042059475e-08,31,2025-05-21,32,16.373732848233665
2025-04-18 01:00:00,56.0,-3.75,0,0001,1.0,MARINE,3.8241272,1.855133,998.41125,1.5615106430110958e-08,31,2025-05-21,32,16.373732848233665
2025-04-18 01:00:00,56.0,-4.0,0,0001,1.0,MARINE,3.837799,1.8258362,995.59125,1.400389008458305e-08,31,2025-05-21,32,22.40971949206606
2025-04-18 00:00:00,56.0,-4.0,0,0001,1.0,MARINE,4.815094,2.183258,995.6887,1.4892187039094746e-08,31,2025-05-21,33,22.40971949206606
2025-04-17 23:00:00,56.0,-4.25,0,0001,1.0,MARINE,5.2897034,2.0655823,993.29,1.2673802396445497e-08,31,2025-05-21,33,34.89600165521449
2025-04-17 23:00:00,56.0,-4.5,0,0001,1.0,MARINE,5.625641,2.3624573,994.51,1.1082016304619789e-08,31,2025-05-21,33,49.1395559556115
2025-04-18 04:00:00,56.0,-3.0,0,0001,1.0,MARINE,5.5072327,3.1039124,999.91626,9.161083299365553e-09,31,2025-05-21,32,49.54233622779171
2025-04-18 04:00:00,56.0,-3.25,0,0001,1.0,MARINE,4.671295,1.8304749,998.45624,1.0554797628496093e-08,31,2025-05-21,32,35.27363463791916
2025-04-30 07:00:00,56.0,-4.5,0,0001,1.0,MARINE,9.892731,8.070831,1004.6356,1.1971765893440715e-08,31,2025-05-21,20,49.1395559556115
2025-04-30 06:00:00,56.0,-4.25,0,0001,1.0,MARINE,7.6439514,6.4394836,1003.22626,1.4243614510078742e-08,31,2025-05-21,20,34.89600165521449
2025-04-30 05:00:00,56.0,-4.5,0,0001,1.0,MARINE,7.6634827,5.3888245,1004.60376,1.338714929651388e-08,31,2025-05-21,20,49.1395559556115
2025-04-30 04:00:00,56.0,-4.5,0,0001,1.0,MARINE,8.659576,5.800934,1004.7525,1.4094840998050466e-08,31,2025-05-21,20,49.1395559556115
2025-04-30 03:00:00,56.0,-4.5,0,0001,1.0,MARINE,9.524567,6.3302307,1004.71375,1.4802532699587047e-08,31,2025-05-21,20,49.1395559556115
2025-04-30 01:00:00,56.0,-4.5,0,0001,1.0,MARINE,10.265289,6.3941956,1005.085,1.6217916102660214e-08,31,2025-05-21,20,49.1395559556115
2025-04-30 00:00:00,56.0,-4.5,0,0001,1.0,MARINE,10.503326,6.448639,1005.3281,1.6925607804196793e-08,31,2025-05-21,21,49.1395559556115
2025-04-07 19:00:00,56.0,-3.75,0,0001,1.0,MARINE,13.221344,4.4898987,1010.8694,1.5461815605633147e-08,31,2025-05-21,43,16.373732848233665
2025-04-07 22:00:00,55.75,-3.5,0,0001,1.0,MARINE,6.9356995,3.21109,994.4125,1.5128185361830983e-08,31,2025-05-21,43,46.904953023326364
2025-04-07 19:00:00,56.0,-4.0,0,0001,1.0,MARINE,12.779938,4.851227,1008.0694,1.6609455366634604e-08,31,2025-05-21,43,22.40971949206606
2025-04-08 18:00:00,56.0,-4.5,0,0001,1.0,MARINE,14.264313,7.3731995,1009.3169,9.675973577927287e-09,31,2025-05-21,42,49.1395559556115
2025-04-07 15:00:00,56.0,-3.5,0,0001,1.0,MARINE,15.632721,5.1786194,1011.84625,1.2632802359746408e-08,31,2025-05-21,43,22.703409415180072
2025-04-07 13:00:00,56.0,-3.75,0,0001,1.0,MARINE,15.084869,5.834381,1011.0112,1.1533266119911606e-08,31,2025-05-21,43,16.373732848233665
2025-04-07 12:00:00,56.0,-3.75,0,0001,1.0,MARINE,14.047272,5.82901,1011.59686,1.0878507872291348e-08,31,2025-05-21,43,16.373732848233665
2025-04-07 16:00:00,56.0,-3.5,0,0001,1.0,MARINE,15.473541,5.313141,1011.64624,1.2958102738972668e-08,31,2025-05-21,43,22.703409415180072
2025-04-07 18:00:00,56.0,-3.75,0,0001,1.0,MARINE,14.536041,6.030182,1010.3025,1.4807057358012891e-08,31,2025-05-21,43,16.373732848233665
2025-04-07 18:00:00,56.0,-4.0,0,0001,1.0,MARINE,14.748932,6.3817444,1007.5125,1.5492655602856057e-08,31,2025-05-21,43,22.40971949206606
2025-04-07 16:00:00,56.0,-3.75,0,0001,1.0,MARINE,15.996979,5.346344,1010.26624,1.3497540862772378e-08,31,2025-05-21,43,16.373732848233665
2025-04-07 17:00:00,56.0,-3.75,0,0001,1.0,MARINE,15.648346,5.332428,1010.2919,1.4152299110392632e-08,31,2025-05-21,43,16.373732848233665
2025-04-07 06:00:00,56.0,-4.0,0,0001,1.0,MARINE,0.43618774,-0.20101929,1008.8831,1.0474413780769779e-08,31,2025-05-21,43,22.40971949206606
2025-04-07 05:00:00,56.0,-3.75,0,0001,1.0,MARINE,1.921051,1.0011292,1011.5444,1.322238274425973e-08,31,2025-05-21,43,16.373732848233665
2025-04-07 05:00:00,56.0,-4.0,0,0001,1.0,MARINE,0.6944885,-0.03012085,1008.71436,1.0754839907533939e-08,31,2025-05-21,43,22.40971949206606
2025-04-07 04:00:00,56.0,-3.5,0,0001,1.0,MARINE,2.5802307,1.1271057,1012.58435,1.4071767751033468e-08,31,2025-05-21,43,22.703409415180072
2025-04-07 04:00:00,56.0,-3.75,0,0001,1.0,MARINE,2.1114807,1.1544495,1011.2544,1.3557222011683792e-08,31,2025-05-21,43,16.373732848233665
2025-04-07 03:00:00,56.0,-3.75,0,0001,1.0,MARINE,2.7164612,1.6366272,1011.48065,1.3892061279107844e-08,31,2025-05-21,43,16.373732848233665
2025-04-07 02:00:00,56.0,-3.5,0,0001,1.0,MARINE,3.3460999,1.5057678,1012.7681,1.4675484383274922e-08,31,2025-05-21,43,22.703409415180072
2025-04-07 11:00:00,56.0,-3.75,0,0001,1.0,MARINE,12.842682,5.938629,1011.6881,1.1213347139715404e-08,31,2025-05-21,43,16.373732848233665
2025-04-07 10:00:00,56.0,-3.25,0,0001,1.0,MARINE,10.695953,5.186432,1011.9369,1.0748480772093402e-08,31,2025-05-21,43,35.27363463791916
2025-04-07 08:00:00,56.0,-4.0,0,0001,1.0,MARINE,4.5987854,3.2616272,1009.09,9.913561527241453e-09,31,2025-05-21,43,22.40971949206606
2025-04-07 07:00:00,56.0,-3.75,0,0001,1.0,MARINE,2.1940002,1.4017639,1011.87,1.2552704209411623e-08,31,2025-05-21,43,16.373732848233665
2025-04-07 07:00:00,56.0,-4.0,0,0001,1.0,MARINE,1.861969,0.97402954,1009.05,1.0193987654005614e-08,31,2025-05-21,43,22.40971949206606
2025-04-11 23:00:00,56.0,-4.25,0,0001,1.0,MARINE,7.6752014,2.7025452,994.90936,4.126920879106866e-08,31,2025-05-21,39,34.89600165521449
2025-04-10 01:00:00,56.0,-4.5,0,0001,1.0,MARINE,4.8089905,2.7052307,1014.14185,2.0031032721412366e-08,31,2025-05-21,40,49.1395559556115
2025-04-10 00:00:00,56.0,-4.25,0,0001,1.0,MARINE,4.0697327,1.8985901,1013.0375,2.2731763138494574e-08,31,2025-05-21,41,34.89600165521449
2025-05-06 23:00:00,55.899999999999956,-3.700000000000014,0,0001,1.0,LAND,7.7916565,4.790558,1004.21185,9.133004265764324e-09,31,2025-05-21,14,27.691672828139428
2025-05-06 23:00:00,55.899999999999956,-3.600000000000014,0,0001,1.0,LAND,7.567047,4.874542,1004.1219,9.679178436758436e-09,31,2025-05-21,14,29.09837795907814
2025-05-05 19:00:00,55.799999999999955,-3.4000000000000137,0,0001,1.0,LAND,10.264801,2.1285706,991.1188,9.206839605516477e-09,31,2025-05-21,15,44.43485924542433
2025-05-11 05:00:00,56.09999999999996,-3.800000000000014,0,0001,1.0,LAND,8.924469,4.3172913,999.415,2.1084464470652177e-08,31,2025-05-21,9,5.993353744661033
2025-05-11 04:00:00,56.19999999999996,-3.800000000000014,0,0001,1.0,LAND,8.603424,3.6402893,988.9938,1.9611991142199393e-08,31,2025-05-21,9,6.536340455292928
2025-05-11 03:00:00,56.499999999999964,-3.800000000000014,0,0001,1.0,LAND,8.809723,2.9864807,969.90436,1.560029888603196e-08,31,2025-05-21,9,39.33003207339715
2025-05-11 03:00:00,56.19999999999996,-3.900000000000014,0,0001,1.0,LAND,9.112457,4.0919495,994.2944,1.88992408944883e-08,31,2025-05-21,9,10.803666891575661
2025-05-08 19:00:00,55.99999999999996,-4.100000000000014,0,0001,1.0,LAND,14.612946,6.93692,996.4313,1.0651584355277198e-08,31,2025-05-21,12,27.030305079630224
2025-05-08 19:00:00,55.899999999999956,-4.000000000000014,0,0001,1.0,LAND,14.804352,7.0521545,1000.2413,1.002031896346586e-08,31,2025-05-21,12,31.47298627930864
2025-05-06 22:00:00,56.0,-3.75,0,0001,1.0,MARINE,9.615143,4.9482727,1010.9819,9.123917205089245e-09,31,2025-05-21,14,16.373732848233665
2025-05-11 17:00:00,56.0,-4.25,0,0001,1.0,MARINE,18.025787,6.6908264,991.745,1.9208349577581974e-08,31,2025-05-21,9,34.89600165521449
2025-05-11 17:00:00,56.0,-4.5,0,0001,1.0,MARINE,17.318756,7.6127014,993.075,2.0463276813783342e-08,31,2025-05-21,9,49.1395559556115
2025-05-08 19:00:00,56.0,-4.0,0,0001,1.0,MARINE,14.6719055,8.062897,1003.8063,1.065317397260411e-08,31,2025-05-21,12,22.40971949206606
2025-03-22 18:00:00,56.499999999999964,-4.300000000000013,0,0001,1.0,LAND,8.520416,7.341461,947.1175,9.751177559858587e-09,32,2025-05-15,53,26.797868614442912
2025-03-20 09:00:00,56.19999999999996,-3.600000000000014,0,0001,1.0,LAND,3.5309143,-0.0152282715,987.65125,1.7239820127025835e-08,32,2025-05-15,55,45.263076742144385
2025-03-22 17:00:00,56.19999999999996,-4.000000000000014,0,0001,1.0,LAND,11.613434,9.036041,983.3794,1.4874525426182804e-08,32,2025-05-15,53,42.3286256515033
2025-03-15 02:00:00,56.19999999999996,-4.000000000000014,0,0001,1.0,LAND,2.6441956,-0.349823,1003.1269,1.3278355910179527e-08,32,2025-05-15,60,42.3286256515033
2025-03-15 02:00:00,56.19999999999996,-4.100000000000014,0,0001,1.0,LAND,2.7711487,-0.42599487,1004.1069,1.273712157505204e-08,32,2025-05-15,60,43.782362290337524
2025-03-15 01:00:00,56.19999999999996,-4.000000000000014,0,0001,1.0,LAND,3.0099182,-0.35934448,1002.98126,1.4353892822026552e-08,32,2025-05-15,60,42.3286256515033
2025-03-15 00:00:00,56.29999999999996,-4.000000000000014,0,0001,1.0,LAND,2.929596,-0.9073181,994.7488,1.0059567623346582e-08,32,2025-05-15,61,31.419442257540968
2025-03-15 01:00:00,56.29999999999996,-4.000000000000014,0,0001,1.0,LAND,2.5939026,-0.8769226,995.04126,9.339954912491253e-09,32,2025-05-15,60,31.419442257540968
2025-03-22 17:00:00,56.25,-3.75,0,0001,1.0,MARINE,12.651764,9.302155,980.99,1.326528798496318e-08,32,2025-05-15,53,37.10899059161124
2025-03-22 18:00:00,56.5,-4.25,0,0001,1.0,MARINE,9.722321,8.039459,954.1781,9.765902170277993e-09,32,2025-05-15,53,23.904934424009447
2025-03-23 21:00:00,56.25,-4.0,0,0001,1.0,MARINE,5.3959045,3.9774475,990.58813,1.3272368912243113e-08,32,2025-05-15,52,36.85832584396331
2025-03-14 22:00:00,56.25,-3.5,0,0001,1.0,MARINE,3.5726624,-0.01889038,1005.8762,1.3046714491168544e-08,32,2025-05-15,61,43.22732556102581
2025-04-01 01:00:00,56.499999999999964,-3.800000000000014,0,0001,1.0,LAND,7.6231995,6.403351,981.53064,1.1333892111868693e-08,32,2025-05-15,43,9.855046678914233
2025-04-09 05:00:00,56.19999999999996,-3.5000000000000138,0,0001,1.0,LAND,3.625885,3.2777405,997.8094,9.984798691558261e-09,32,2025-05-15,35,47.98379850376168
2025-04-09 06:00:00,56.19999999999996,-3.5000000000000138,0,0001,1.0,LAND,3.7894592,3.3856506,997.8669,9.136302825397498e-09,32,2025-05-15,35,47.98379850376168
2025-04-01 02:00:00,56.499999999999964,-3.800000000000014,0,0001,1.0,LAND,7.153961,6.2341614,981.29877,1.0664365409270998e-08,32,2025-05-15,43,9.855046678914233
2025-04-01 02:00:00,56.39999999999996,-3.800000000000014,0,0001,1.0,LAND,7.638336,6.8318176,997.9387,1.1959307766319404e-08,32,2025-05-15,43,20.17475191196098
2025-04-01 02:00:00,56.19999999999996,-3.900000000000014,0,0001,1.0,LAND,7.275055,6.68338,1006.1188,1.6188295093312316e-08,32,2025-05-15,43,41.74094228651676
2025-04-01 03:00:00,56.19999999999996,-3.800000000000014,0,0001,1.0,LAND,6.2938538,5.967682,1000.97437,1.5602421965522558e-08,32,2025-05-15,43,42.05563567903782
2025-04-01 04:00:00,56.19999999999996,-3.700000000000014,0,0001,1.0,LAND,4.8121643,4.6211243,996.01935,1.4841151270891823e-08,32,2025-05-15,43,43.25301356017819
2025-04-01 05:00:00,56.19999999999996,-3.700000000000014,0,0001,1.0,LAND,3.315094,3.1959534,995.9556,1.3335908830940421e-08,32,2025-05-15,43,43.25301356017819
2025-04-01 05:00:00,56.19999999999996,-3.600000000000014,0,0001,1.0,LAND,3.1354065,2.9967346,993.33563,1.3904483009420095e-08,32,2025-05-15,43,45.263076742144385
2025-04-07 22:00:00,56.499999999999964,-4.300000000000013,0,0001,1.0,LAND,8.141022,4.669098,969.74,9.40193412013498e-09,32,2025-05-15,37,26.797868614442912
2025-04-12 04:00:00,56.19999999999996,-4.100000000000014,0,0001,1.0,LAND,6.3038635,3.363922,992.19,2.7957441991098404e-08,32,2025-05-15,32,43.782362290337524
2025-04-12 04:00:00,56.19999999999996,-4.000000000000014,0,0001,1.0,LAND,5.950348,3.2779846,991.24,2.812405538084997e-08,32,2025-05-15,32,42.3286256515033
2025-05-11 04:00:00,56.19999999999996,-3.800000000000014,0,0001,1.0,LAND,8.603424,3.6402893,988.9938,1.9611991142199393e-08,32,2025-05-15,3,42.05563567903782
2025-05-11 03:00:00,56.499999999999964,-3.800000000000014,0,0001,1.0,LAND,8.809723,2.9864807,969.90436,1.560029888603196e-08,32,2025-05-15,3,9.855046678914233
2025-05-11 03:00:00,56.19999999999996,-3.900000000000014,0,0001,1.0,LAND,9.112457,4.0919495,994.2944,1.88992408944883e-08,32,2025-05-15,3,41.74094228651676
2025-03-15 19:00:00,54.79999999999994,-2.0000000000000124,0,0001,1.0,LAND,4.3103333,-1.0718689,986.3,9.151436682526808e-09,33,2025-05-12,57,34.211441029814495
2025-03-15 20:00:00,54.59999999999994,-2.0000000000000124,0,0001,1.0,LAND,4.111725,-0.46224976,992.77124,9.49584218664251e-09,33,2025-05-12,57,49.51049552974
2025-04-30 11:00:00,55.199999999999946,-1.7000000000000122,0,0001,1.0,LAND,17.665924,8.554108,1012.0606,1.1622835259055375e-08,33,2025-05-12,11,28.731455514284136
2025-04-15 08:00:00,54.59999999999994,-1.3000000000000118,0,0001,1.0,LAND,8.516998,7.1402893,994.4875,1.3326130791449753e-08,33,2025-05-12,26,42.72084946680848
2025-04-15 08:00:00,54.59999999999994,-1.2000000000000117,0,0001,1.0,LAND,8.532623,7.2184143,995.2575,1.3598280871699126e-08,33,2025-05-12,26,45.43798564050645
2025-04-30 10:00:00,55.25,-1.75,0,0001,1.0,MARINE,17.659332,8.327789,1009.27686,1.192795151191965e-08,33,2025-05-12,11,35.06716127266408
2025-05-06 20:00:00,54.79999999999994,-2.2000000000000126,0,0001,1.0,LAND,10.007965,6.1527405,971.4975,1.0416232247104998e-08,33,2025-05-12,5,45.66244321551143
2025-05-05 23:00:00,55.0,-1.75,0,0001,1.0,MARINE,3.2379456,0.5160217,1011.6756,1.0130503510138156e-08,33,2025-05-12,6,14.11215840783067
2025-05-06 10:00:00,54.75,-1.75,0,0001,1.0,MARINE,12.666901,4.1164856,1003.54626,9.019212131774047e-09,33,2025-05-12,5,26.723340719323758
2025-02-28 09:00:00,53.099999999999916,-2.400000000000013,0,0001,1.0,LAND,1.4046936,1.122467,1018.52686,9.221480384845958e-09,34,2025-05-12,72,32.72102885165573
2025-02-28 08:00:00,53.099999999999916,-2.500000000000013,0,0001,1.0,LAND,0.0011291504,-0.121673584,1018.03375,9.076356508966425e-09,34,2025-05-12,72,38.06477954607321
2025-02-28 09:00:00,53.25,-2.5,0,0001,1.0,MARINE,1.9881897,1.7864075,1018.9306,1.0007184289561946e-08,34,2025-05-12,72,49.305126977974666
2025-02-28 08:00:00,53.25,-2.5,0,0001,1.0,MARINE,0.90908813,0.7010803,1018.60065,1.0182851654475686e-08,34,2025-05-12,72,49.305126977974666
2025-02-28 07:00:00,53.25,-2.5,0,0001,1.0,MARINE,1.1124573,0.90786743,1018.2775,1.035851901938943e-08,34,2025-05-12,72,49.305126977974666
2025-03-20 05:00:00,52.89999999999991,-1.500000000000012,0,0001,1.0,LAND,5.7565002,2.8456116,1009.97437,2.2492792480419166e-08,34,2025-05-12,52,35.39662190299349
2025-03-19 21:00:00,52.79999999999991,-1.400000000000012,0,0001,1.0,LAND,8.937653,4.172516,1008.6788,2.993422643093693e-08,34,2025-05-12,53,43.85441742008363
2025-03-19 21:00:00,52.89999999999991,-1.3000000000000118,0,0001,1.0,LAND,8.925934,3.9029846,1013.0588,3.01069065650212e-08,34,2025-05-12,53,48.80563245849642
2025-03-19 21:00:00,52.89999999999991,-1.400000000000012,0,0001,1.0,LAND,8.902496,3.770172,1011.91876,2.825067688117122e-08,34,2025-05-12,53,42.1008065640323
2025-03-19 21:00:00,52.89999999999991,-1.500000000000012,0,0001,1.0,LAND,8.923981,3.6510315,1010.4988,2.639444719732124e-08,34,2025-05-12,53,35.39662190299349
2025-03-19 21:00:00,52.89999999999991,-1.600000000000012,0,0001,1.0,LAND,8.951324,3.533844,1009.63873,2.453821751347162e-08,34,2025-05-12,53,28.693545493977368
2025-03-19 20:00:00,52.69999999999991,-1.500000000000012,0,0001,1.0,LAND,9.881744,4.426178,1006.8844,2.5846385439305134e-08,34,2025-05-12,53,42.41782054967051
2025-03-19 22:00:00,52.89999999999991,-1.500000000000012,0,0001,1.0,LAND,8.282867,3.4457092,1010.7075,2.763694392782384e-08,34,2025-05-12,53,35.39662190299349
2025-03-20 01:00:00,52.89999999999991,-1.500000000000012,0,0001,1.0,LAND,6.8868713,2.8868713,1010.8038,2.8596108407147077e-08,34,2025-05-12,52,35.39662190299349
2025-03-20 01:00:00,52.89999999999991,-1.600000000000012,0,0001,1.0,LAND,7.0274963,2.8731995,1009.96375,2.6342363697771404e-08,34,2025-05-12,52,28.693545493977368
2025-03-20 00:00:00,52.89999999999991,-1.500000000000012,0,0001,1.0,LAND,7.2362366,2.9850159,1010.7537,3.012193738882905e-08,34,2025-05-12,53,35.39662190299349
2025-03-19 23:00:00,52.79999999999991,-1.400000000000012,0,0001,1.0,LAND,7.6368713,3.9461975,1008.90686,3.3164252603391966e-08,34,2025-05-12,53,43.85441742008363
2025-03-19 23:00:00,52.89999999999991,-1.400000000000012,0,0001,1.0,LAND,7.7970276,3.3836975,1012.1669,3.112819112657079e-08,34,2025-05-12,53,42.1008065640323
2025-03-19 23:00:00,52.89999999999991,-1.500000000000012,0,0001,1.0,LAND,7.8263245,3.2528381,1010.7469,2.887944065832645e-08,34,2025-05-12,53,35.39662190299349
2025-03-19 22:00:00,52.89999999999991,-1.400000000000012,0,0001,1.0,LAND,8.241852,3.582428,1012.1275,2.9689434003871e-08,34,2025-05-12,53,42.1008065640323
2025-03-31 02:00:00,53.19999999999992,-2.400000000000013,0,0001,1.0,LAND,4.9667053,3.6925354,1016.53876,9.850584496243136e-09,34,2025-05-12,41,40.79749622434787
2025-03-24 08:00:00,53.19999999999992,-2.3000000000000127,0,0001,1.0,LAND,4.03067,2.8077698,1004.83813,2.715789015894604e-08,34,2025-05-12,48,37.09968044149298
2025-03-26 06:00:00,53.19999999999992,-2.400000000000013,0,0001,1.0,LAND,3.856842,3.7589417,1014.0012,9.78877179313904e-09,34,2025-05-12,46,40.79749622434787
2025-03-26 05:00:00,53.29999999999992,-2.3000000000000127,0,0001,1.0,LAND,4.4459534,4.349518,1014.71686,1.1151161040851999e-08,34,2025-05-12,46,47.096843830226696
2025-03-01 21:00:00,52.999999999999915,-2.700000000000013,0,0001,1.0,LAND,5.4117737,0.8441467,1025.6256,1.8096871390313353e-08,34,2025-05-12,71,46.16107863017489
2025-03-01 22:00:00,52.79999999999991,-2.500000000000013,0,0001,1.0,LAND,3.9808655,0.11831665,1023.91565,1.7677436403574565e-08,34,2025-05-12,71,33.9699802104813
2025-03-01 23:00:00,52.89999999999991,-2.0000000000000124,0,0001,1.0,LAND,3.0658264,-0.3152771,1020.53375,2.4692692557338285e-08,34,2025-05-12,71,2.118077873128755
2025-03-20 01:00:00,53.0,-1.5,0,0001,1.0,MARINE,7.2149963,1.6168518,1006.4487,2.6802206972339435e-08,34,2025-05-12,52,36.75147686789565
2025-03-20 00:00:00,52.75,-2.5,0,0001,1.0,MARINE,5.597809,2.1297913,1007.8663,2.8352773351336786e-08,34,2025-05-12,53,36.3479285865863
2025-03-19 23:00:00,52.75,-2.5,0,0001,1.0,MARINE,5.940338,2.0399475,1007.95874,2.7609735784676544e-08,34,2025-05-12,53,36.3479285865863
2025-03-19 21:00:00,52.75,-1.5,0,0001,1.0,MARINE,7.606598,3.4410706,1006.84,2.7565347851532244e-08,34,2025-05-12,53,39.622625493056574
2025-03-24 08:00:00,53.0,-2.5,0,0001,1.0,MARINE,4.4603577,3.2955627,1006.0825,2.7187224027613796e-08,34,2025-05-12,48,33.216270368149345
2025-03-31 03:00:00,53.25,-2.5,0,0001,1.0,MARINE,5.8004456,3.9740295,1017.0506,9.702859439519656e-09,34,2025-05-12,41,49.305126977974666
2025-03-01 19:00:00,53.0,-2.75,0,0001,1.0,MARINE,7.616852,0.031158447,1024.8556,1.5603845225179215e-08,34,2025-05-12,71,49.4349903738649
2025-03-01 21:00:00,53.0,-2.75,0,0001,1.0,MARINE,5.097809,0.13296509,1025.2438,1.7737779273162936e-08,34,2025-05-12,71,49.4349903738649
2025-03-01 20:00:00,53.0,-2.5,0,0001,1.0,MARINE,5.5211487,-0.21640015,1023.325,1.8297678113417357e-08,34,2025-05-12,71,33.216270368149345
2025-03-01 20:00:00,53.0,-2.75,0,0001,1.0,MARINE,6.245758,0.15859985,1024.955,1.667081224917107e-08,34,2025-05-12,71,49.4349903738649
2025-04-29 02:00:00,52.999999999999915,-2.700000000000013,0,0001,1.0,LAND,11.276764,9.21109,1016.02936,1.6782958800474033e-08,34,2025-05-12,12,46.16107863017489
2025-04-10 05:00:00,52.79999999999991,-2.500000000000013,0,0001,1.0,LAND,3.620758,2.23526,1020.59375,1.5219881355221383e-08,34,2025-05-12,31,33.9699802104813
2025-04-10 06:00:00,52.999999999999915,-2.2000000000000126,0,0001,1.0,LAND,3.5021057,1.9078674,1016.4394,1.3777826879390936e-08,34,2025-05-12,31,15.334582187808385
2025-04-10 06:00:00,52.89999999999991,-2.3000000000000127,0,0001,1.0,LAND,3.5587463,2.0348206,1016.26935,1.4183293983727173e-08,34,2025-05-12,31,18.300830514094557
2025-04-10 08:00:00,52.69999999999991,-2.1000000000000125,0,0001,1.0,LAND,6.207672,3.1410217,1018.09686,1.1978729582325229e-08,34,2025-05-12,31,23.777285893262665
2025-04-10 08:00:00,52.59999999999991,-2.2000000000000126,0,0001,1.0,LAND,6.156891,3.0550842,1018.8669,1.2017026410996423e-08,34,2025-05-12,31,36.29790895666906
2025-04-11 16:00:00,53.19999999999992,-1.500000000000012,0,0001,1.0,LAND,18.451813,8.534821,999.9581,1.1275062957357326e-08,34,2025-05-12,30,47.83327868033438
2025-04-11 17:00:00,53.19999999999992,-1.600000000000012,0,0001,1.0,LAND,17.774323,8.400543,995.2825,1.1989877313212299e-08,34,2025-05-12,30,43.14393981149253
2025-04-11 18:00:00,53.099999999999916,-1.8000000000000123,0,0001,1.0,LAND,16.595856,8.623199,989.70935,1.4671867942794712e-08,34,2025-05-12,30,26.105148878266643
2025-04-10 08:00:00,52.59999999999991,-2.3000000000000127,0,0001,1.0,LAND,5.9986877,3.1507874,1019.33685,1.2414412423981048e-08,34,2025-05-12,31,38.974665024014755
2025-04-10 09:00:00,52.79999999999991,-2.1000000000000125,0,0001,1.0,LAND,7.5344543,3.5541077,1017.91815,1.1856317261304786e-08,34,2025-05-12,31,13.090951364293561
2025-04-28 18:00:00,53.25,-2.25,0,0001,1.0,MARINE,19.401764,6.8752747,1008.8119,1.519203655930806e-08,34,2025-05-12,13,40.69328050733072
2025-04-28 17:00:00,53.25,-2.5,0,0001,1.0,MARINE,19.924225,8.730743,1015.16376,1.4392968169148493e-08,34,2025-05-12,13,49.305126977974666
2025-04-10 08:00:00,52.75,-2.0,0,0001,1.0,MARINE,6.065338,3.2955627,1017.54376,1.1701733175032742e-08,34,2025-05-12,31,17.81007957821871
2025-04-10 08:00:00,53.0,-1.75,0,0001,1.0,MARINE,5.858307,3.3072815,1012.3837,1.0656080055386103e-08,34,2025-05-12,31,21.15246985411008
2025-05-06 21:00:00,52.79999999999991,-1.9000000000000123,0,0001,1.0,LAND,10.879547,4.3713684,1012.02625,1.471967181476652e-08,34,2025-05-12,5,14.8685018164851
2025-05-06 21:00:00,52.79999999999991,-2.0000000000000124,0,0001,1.0,LAND,10.98111,4.377228,1010.4963,1.4447855911647597e-08,34,2025-05-12,5,12.293893505481089
2025-05-06 20:00:00,52.999999999999915,-2.0000000000000124,0,0001,1.0,LAND,11.230621,6.25235,1004.6675,1.254236699684485e-08,34,2025-05-12,5,10.252751704906382
2025-05-06 22:00:00,52.49999999999991,-1.9000000000000123,0,0001,1.0,LAND,10.187897,3.5326233,1008.40375,1.506758891730177e-08,34,2025-05-12,5,46.31665361533254
2025-05-06 22:00:00,52.49999999999991,-2.0000000000000124,0,0001,1.0,LAND,10.2464905,3.4857483,1007.39374,1.5241608123754047e-08,34,2025-05-12,5,45.55016873982044
2025-05-06 22:00:00,52.59999999999991,-1.9000000000000123,0,0001,1.0,LAND,10.236725,3.839264,1011.52374,1.5334813419087515e-08,34,2025-05-12,5,35.447984868056494
2025-05-06 22:00:00,52.59999999999991,-1.8000000000000123,0,0001,1.0,LAND,10.223053,3.9076233,1013.23376,1.5311687103410052e-08,34,2025-05-12,5,37.648289542685845
2025-05-07 04:00:00,52.59999999999991,-1.600000000000012,0,0001,1.0,LAND,6.1285706,4.394562,1013.61127,1.7057760537396992e-08,34,2025-05-12,4,44.84195186047059
2025-05-07 03:00:00,53.29999999999992,-2.2000000000000126,0,0001,1.0,LAND,6.996002,5.556061,1011.53314,1.3836207235494891e-08,34,2025-05-12,4,44.942857398555326
2025-05-07 04:00:00,52.999999999999915,-1.500000000000012,0,0001,1.0,LAND,5.9410706,4.5117493,1012.8013,1.7452297607079318e-08,34,2025-05-12,4,36.75147686789231
2025-03-23 02:00:00,52.0999999999999,-0.2000000000000117,0,0001,1.0,LAND,7.1263733,7.002838,993.5569,1.2718658422746831e-08,35,2025-05-12,49,17.00654402021812
2025-03-23 01:00:00,51.9999999999999,-0.8000000000000116,0,0001,1.0,LAND,7.2049866,7.1058655,988.9275,1.4950584696176938e-08,35,2025-05-12,49,25.51791848900302
2025-03-26 08:00:00,51.7999999999999,-0.7000000000000116,0,0001,1.0,LAND,8.022858,6.1769104,1009.37,1.5062645353225795e-08,35,2025-05-12,46,34.37830315696818
2025-03-26 08:00:00,51.8999999999999,-0.7000000000000116,0,0001,1.0,LAND,8.102936,6.37027,1012.26,1.4803215098169523e-08,35,2025-05-12,46,25.473726689981564
2025-03-26 07:00:00,51.9999999999999,-0.5000000000000117,0,0001,1.0,LAND,7.8138733,7.335846,1015.53687,1.4899040223781629e-08,35,2025-05-12,46,8.256624073478491
2025-03-26 06:00:00,51.9999999999999,-0.3000000000000117,0,0001,1.0,LAND,7.7845764,7.561676,1015.11127,1.3685750366311049e-08,35,2025-05-12,46,12.144213064488332
2025-03-26 05:00:00,52.0999999999999,-0.2000000000000117,0,0001,1.0,LAND,8.133453,7.802643,1018.53687,1.2042395358680843e-08,35,2025-05-12,46,17.00654402021812
2025-03-26 04:00:00,52.1999999999999,-0.2000000000000117,0,0001,1.0,LAND,8.365387,7.8104553,1019.1944,1.2228993299483463e-08,35,2025-05-12,46,22.320445421394837
2025-03-26 04:00:00,52.1999999999999,-0.3000000000000117,0,0001,1.0,LAND,8.408356,7.869049,1019.2944,1.4080355733211843e-08,35,2025-05-12,46,17.859482388968026
2025-03-03 15:00:00,51.9999999999999,-1.1685097334179773e-14,0,0001,1.0,LAND,10.205841,3.3316956,1017.1069,9.803980682846365e-09,35,2025-05-12,69,31.11917322069852
2025-03-03 15:00:00,51.9999999999999,-0.10000000000001169,0,0001,1.0,LAND,10.250763,3.4664612,1017.1669,9.712514292828302e-09,35,2025-05-12,69,24.518747691281
2025-03-03 15:00:00,51.8999999999999,-0.2000000000000117,0,0001,1.0,LAND,10.03006,3.2945862,1015.1269,1.134897370525183e-08,35,2025-05-12,69,24.76126170587663
2025-03-03 15:00:00,51.8999999999999,-0.10000000000001169,0,0001,1.0,LAND,10.026154,3.150055,1016.15686,1.1835365389126107e-08,35,2025-05-12,69,29.78878636983942
2025-03-03 16:00:00,51.9999999999999,-0.10000000000001169,0,0001,1.0,LAND,10.070831,3.3349915,1016.9275,1.1937936417186408e-08,35,2025-05-12,69,24.518747691281
2025-03-03 15:00:00,51.8999999999999,-1.1685097334179773e-14,0,0001,1.0,LAND,10.008575,2.9820862,1016.78687,1.2321757073000388e-08,35,2025-05-12,69,35.43199107449143
2025-03-03 16:00:00,51.8999999999999,-0.10000000000001169,0,0001,1.0,LAND,9.809113,3.030304,1015.9475,1.4269015728247652e-08,35,2025-05-12,69,29.78878636983942
2025-03-03 16:00:00,51.8999999999999,-0.2000000000000117,0,0001,1.0,LAND,9.824738,3.1670227,1014.9175,1.3752186204624636e-08,35,2025-05-12,69,24.76126170587663
2025-03-03 16:00:00,51.8999999999999,-0.3000000000000117,0,0001,1.0,LAND,9.850128,3.2588196,1013.8575,1.3235356681001619e-08,35,2025-05-12,69,20.800754160846576
2025-03-01 17:00:00,52.299999999999905,-1.0000000000000115,0,0001,1.0,LAND,8.141754,-0.68344116,1020.1719,1.769377155902445e-08,35,2025-05-12,71,46.1173425031616
2025-03-01 12:00:00,52.399999999999906,-0.6000000000000116,0,0001,1.0,LAND,7.6183167,2.1004944,1025.9343,1.2002190352688283e-08,35,2025-05-12,71,38.74040765205224
2025-03-01 11:00:00,52.0999999999999,-0.8000000000000116,0,0001,1.0,LAND,5.8179016,2.689972,1024.0962,1.1373521568990815e-08,35,2025-05-12,71,24.741356300545277
2025-03-01 11:00:00,52.0999999999999,-0.9000000000000116,0,0001,1.0,LAND,6.0542297,2.691925,1022.58624,1.129786595758552e-08,35,2025-05-12,71,31.508727611351425
2025-03-01 11:00:00,52.1999999999999,-0.8000000000000116,0,0001,1.0,LAND,6.2065735,2.5884094,1024.1663,1.183188621152869e-08,35,2025-05-12,71,28.6424558947499
2025-03-01 23:00:00,52.0999999999999,-1.1000000000000116,0,0001,1.0,LAND,2.620514,-0.4324646,1020.23376,2.6997469981805108e-08,35,2025-05-12,71,45.1029885097515
2025-03-01 23:00:00,52.1999999999999,-1.1000000000000116,0,0001,1.0,LAND,2.823639,-0.532074,1020.6937,2.6223547629675086e-08,35,2025-05-12,71,47.3217261758452
2025-03-23 00:00:00,52.25,-1.0,0,0001,1.0,MARINE,8.943024,8.499664,987.0575,1.3349048033628662e-08,35,2025-05-12,50,43.23294870735186
2025-03-26 04:00:00,52.0,-0.25,0,0001,1.0,MARINE,6.322174,5.973297,1014.81,1.3857989478172377e-08,35,2025-05-12,46,15.026840040581732
2025-03-26 05:00:00,52.25,-0.25,0,0001,1.0,MARINE,6.5504456,5.9093323,1020.3738,1.2471534083236177e-08,35,2025-05-12,46,24.377666991521927
2025-03-26 03:00:00,52.25,-0.25,0,0001,1.0,MARINE,7.3143616,6.4320374,1020.1356,1.3486157468545418e-08,35,2025-05-12,46,24.377666991521927
2025-03-26 02:00:00,52.5,-0.5,0,0001,1.0,MARINE,7.454254,6.6131897,1017.29126,1.5208897252705412e-08,35,2025-05-12,46,48.50158029035667
2025-03-26 03:00:00,52.0,-0.25,0,0001,1.0,MARINE,7.4530334,6.81485,1014.7356,1.4415438218118615e-08,35,2025-05-12,46,15.026840040581732
2025-03-26 06:00:00,52.25,-0.25,0,0001,1.0,MARINE,6.997223,6.2743225,1020.745,1.1964222390581561e-08,35,2025-05-12,46,24.377666991521927
2025-03-26 08:00:00,51.75,-0.5,0,0001,1.0,MARINE,8.561432,7.879547,1014.11,1.4964142591722473e-08,35,2025-05-12,46,35.27554771686063
2025-03-26 08:00:00,52.0,-0.5,0,0001,1.0,MARINE,8.332916,7.8580627,1015.26,1.4451194019216078e-08,35,2025-05-12,46,8.25662407346839
2025-03-03 14:00:00,51.75,0.0,0,0001,1.0,MARINE,11.069,1.2555237,1019.85626,1.3225528815627115e-08,35,2025-05-12,69,46.36398142001373
2025-03-03 15:00:00,51.75,-0.25,0,0001,1.0,MARINE,11.488434,1.3829651,1017.47186,1.3401472596583468e-08,35,2025-05-12,69,37.45501253999657
2025-03-03 15:00:00,51.75,0.0,0,0001,1.0,MARINE,11.373199,1.224762,1019.2619,1.609842165822895e-08,35,2025-05-12,69,46.36398142001373
2025-03-03 17:00:00,52.0,-0.75,0,0001,1.0,MARINE,11.839508,0.4347229,1015.9506,1.1401262064077816e-08,35,2025-05-12,69,22.259886918907885
2025-03-03 16:00:00,51.75,-0.25,0,0001,1.0,MARINE,11.3385315,1.0860901,1017.1844,1.5957114985846952e-08,35,2025-05-12,69,37.45501253999657
2025-03-03 16:00:00,51.75,-0.5,0,0001,1.0,MARINE,11.424469,1.3517151,1015.9944,1.3392482659894717e-08,35,2025-05-12,69,35.27554771686063
2025-03-03 16:00:00,52.0,0.0,0,0001,1.0,MARINE,11.7135315,1.834137,1019.1744,1.1995532419225994e-08,35,2025-05-12,69,31.11917322069668
2025-03-01 16:00:00,52.5,-0.5,0,0001,1.0,MARINE,9.928375,-1.4559021,1027.0687,1.7303293316691335e-08,35,2025-05-12,71,48.50158029035667
2025-03-01 21:00:00,52.0,-1.0,0,0001,1.0,MARINE,1.9454651,-1.0857849,1023.42377,2.5511358137109208e-08,35,2025-05-12,71,38.830310824784604
2025-03-01 15:00:00,52.5,-0.5,0,0001,1.0,MARINE,10.167389,-1.0730896,1026.8363,1.6081404069501204e-08,35,2025-05-12,71,48.50158029035667
2025-03-01 11:00:00,52.25,-0.5,0,0001,1.0,MARINE,6.2103577,3.1191711,1026.865,1.1925532478196259e-08,35,2025-05-12,71,20.91693530140792
2025-04-28 08:00:00,51.8999999999999,-0.5000000000000117,0,0001,1.0,LAND,14.057037,8.439972,1012.08875,9.163077704008066e-09,35,2025-05-12,13,18.79319449457791
2025-04-15 14:00:00,52.0999999999999,0.19999999999998833,0,0001,1.0,LAND,14.206451,8.075836,988.5469,1.4672902966712842e-08,35,2025-05-12,26,44.06404247004569
2025-04-15 15:00:00,52.0999999999999,0.19999999999998833,0,0001,1.0,LAND,14.441559,7.9388733,988.5588,1.3532061360343643e-08,35,2025-05-12,26,44.06404247004569
2025-04-10 19:00:00,51.699999999999896,-0.6000000000000116,0,0001,1.0,LAND,13.022369,4.751129,1012.6406,2.210267423715665e-08,35,2025-05-12,31,42.02949486991947
2025-04-21 10:00:00,52.0,0.0,0,0001,1.0,MARINE,10.57486,8.611725,1001.02563,1.9820501240275466e-08,35,2025-05-12,20,31.11917322069668
2025-04-28 08:00:00,52.0,0.0,0,0001,1.0,MARINE,15.377838,9.152252,1019.1394,1.279460507911781e-08,35,2025-05-12,13,31.11917322069668
2025-04-28 08:00:00,52.0,-0.25,0,0001,1.0,MARINE,15.223541,8.95108,1017.6194,1.0392134264236765e-08,35,2025-05-12,13,15.026840040581732
2025-04-28 07:00:00,51.75,-0.5,0,0001,1.0,MARINE,12.045929,8.826202,1015.7406,1.1178108670166284e-08,35,2025-05-12,13,35.27554771686063
2025-04-28 07:00:00,51.75,-0.75,0,0001,1.0,MARINE,11.72757,8.695343,1015.3906,9.452000825545962e-09,35,2025-05-12,13,40.915517220904874
2025-04-10 14:00:00,52.0,0.0,0,0001,1.0,MARINE,13.537018,4.92984,1021.6262,9.326739158766172e-09,35,2025-05-12,31,31.11917322069668
2025-04-10 16:00:00,51.75,-0.5,0,0001,1.0,MARINE,14.940094,4.644928,1017.0544,1.5376130405957222e-08,35,2025-05-12,31,35.27554771686063
2025-04-10 16:00:00,52.0,0.0,0,0001,1.0,MARINE,14.715485,4.8597717,1020.27435,1.1939525812465834e-08,35,2025-05-12,31,31.11917322069668
2025-04-10 16:00:00,52.0,-0.25,0,0001,1.0,MARINE,14.908844,4.7191467,1018.7444,1.1293072551174055e-08,35,2025-05-12,31,15.026840040581732
2025-04-10 16:00:00,52.0,-0.5,0,0001,1.0,MARINE,15.049469,4.7777405,1018.2444,1.0519294176466623e-08,35,2025-05-12,31,8.25662407346839
2025-04-10 16:00:00,51.75,-0.25,0,0001,1.0,MARINE,14.709625,4.8597717,1018.21436,1.5565866891739252e-08,35,2025-05-12,31,37.45501253999657
2025-04-10 15:00:00,52.0,-0.25,0,0001,1.0,MARINE,14.37442,4.669098,1019.2944,1.0030523411864006e-08,35,2025-05-12,31,15.026840040581732
2025-04-10 15:00:00,52.0,-0.5,0,0001,1.0,MARINE,14.528717,4.766754,1018.78436,9.357470909244096e-09,35,2025-05-12,31,8.25662407346839
2025-04-10 15:00:00,52.0,0.0,0,0001,1.0,MARINE,14.196686,4.796051,1020.8244,1.0633132485616003e-08,35,2025-05-12,31,31.11917322069668
2025-04-10 16:00:00,51.75,0.0,0,0001,1.0,MARINE,14.4635315,5.0609436,1020.0044,1.5102114706937094e-08,35,2025-05-12,31,46.36398142001373
2025-04-10 19:00:00,51.75,-0.5,0,0001,1.0,MARINE,13.784576,4.1566467,1016.0106,2.1403868200968816e-08,35,2025-05-12,31,35.27554771686063
2025-04-10 18:00:00,51.75,0.0,0,0001,1.0,MARINE,13.688629,5.066559,1019.02686,1.8513123173358668e-08,35,2025-05-12,31,46.36398142001373
2025-04-10 18:00:00,51.75,-0.25,0,0001,1.0,MARINE,13.991364,4.8087463,1017.2569,1.9475046353357303e-08,35,2025-05-12,31,37.45501253999657
2025-04-10 17:00:00,51.75,0.0,0,0001,1.0,MARINE,14.3246155,4.935211,1019.5594,1.6807618940147883e-08,35,2025-05-12,31,46.36398142001373
2025-03-09 05:00:00,57.39999999999998,-4.700000000000012,0,0001,1.0,LAND,2.1026917,2.0089417,964.6125,1.1333421016482928e-08,36,2025-05-12,63,20.889874561013958
2025-03-09 05:00:00,57.39999999999998,-4.800000000000011,0,0001,1.0,LAND,1.4288635,1.3331604,951.6225,1.062104352615234e-08,36,2025-05-12,63,22.360909312212595
2025-03-09 04:00:00,57.299999999999976,-4.700000000000012,0,0001,1.0,LAND,2.4044495,2.3094788,972.3837,1.1345163401325184e-08,36,2025-05-12,63,31.964059025779893
2025-03-09 04:00:00,57.39999999999998,-4.700000000000012,0,0001,1.0,LAND,2.820465,2.7274475,964.7537,1.1713911470441701e-08,36,2025-05-12,63,20.889874561013958
2025-03-09 03:00:00,57.299999999999976,-4.700000000000012,0,0001,1.0,LAND,4.1437073,4.04776,972.5719,1.1779231812169865e-08,36,2025-05-12,63,31.964059025779893
2025-03-09 03:00:00,57.39999999999998,-4.700000000000012,0,0001,1.0,LAND,4.4601135,4.3055725,965.02185,1.2094401924400471e-08,36,2025-05-12,63,20.889874561013958
2025-03-09 03:00:00,57.39999999999998,-4.800000000000011,0,0001,1.0,LAND,3.6769104,3.5751038,952.1319,1.1398679999885299e-08,36,2025-05-12,63,22.360909312212595
2025-03-09 02:00:00,57.39999999999998,-4.700000000000012,0,0001,1.0,LAND,6.334381,5.199127,965.28815,1.2474892378359243e-08,36,2025-05-12,63,20.889874561013958
2025-03-09 00:00:00,57.49999999999998,-4.700000000000012,0,0001,1.0,LAND,8.327057,6.1063538,972.57935,1.3390309527849651e-08,36,2025-05-12,64,9.917604153836018
2025-03-08 23:00:00,57.59999999999998,-4.700000000000012,0,0001,1.0,LAND,9.027008,6.642975,979.5425,1.2822490180752645e-08,36,2025-05-12,64,2.7599109288960437
2025-03-09 01:00:00,57.39999999999998,-4.700000000000012,0,0001,1.0,LAND,6.8836975,5.4864807,965.6319,1.2855382832318016e-08,36,2025-05-12,63,20.889874561013958
2025-03-09 06:00:00,57.39999999999998,-4.800000000000011,0,0001,1.0,LAND,0.5736389,0.4767151,951.46875,1.0232225289285863e-08,36,2025-05-12,63,22.360909312212595
2025-03-09 01:00:00,57.49999999999998,-4.700000000000012,0,0001,1.0,LAND,7.8016663,5.9181213,972.34186,1.3063397030776793e-08,36,2025-05-12,63,9.917604153836018
2025-03-09 11:00:00,57.199999999999974,-4.300000000000013,0,0001,1.0,LAND,6.938385,3.653473,935.8862,9.99693824018278e-09,36,2025-05-12,63,48.12965072834192
2025-03-09 11:00:00,57.199999999999974,-4.400000000000013,0,0001,1.0,LAND,6.9110413,4.167145,941.7463,1.001903471298219e-08,36,2025-05-12,63,45.751683221616936
2025-03-09 10:00:00,57.299999999999976,-4.600000000000012,0,0001,1.0,LAND,6.4945374,5.7015686,975.8675,9.526706682786437e-09,36,2025-05-12,63,32.08603577447563
2025-03-09 07:00:00,57.39999999999998,-4.800000000000011,0,0001,1.0,LAND,1.5314026,1.4376526,952.02185,9.843407052419385e-09,36,2025-05-12,63,22.360909312212595
2025-03-09 08:00:00,57.39999999999998,-4.800000000000011,0,0001,1.0,LAND,1.9525452,1.7584534,952.3119,9.454588815552904e-09,36,2025-05-12,63,22.360909312212595
2025-03-09 08:00:00,57.39999999999998,-4.700000000000012,0,0001,1.0,LAND,2.6029358,2.301422,965.2919,1.019194965460662e-08,36,2025-05-12,63,20.889874561013958
2025-03-09 07:00:00,57.39999999999998,-4.700000000000012,0,0001,1.0,LAND,2.0880432,1.9923401,965.03186,1.0572440108565389e-08,36,2025-05-12,63,20.889874561013958
2025-03-09 09:00:00,57.39999999999998,-4.700000000000012,0,0001,1.0,LAND,4.3243713,3.9305725,965.3225,9.811459200647848e-09,36,2025-05-12,63,20.889874561013958
2025-03-09 11:00:00,57.299999999999976,-4.500000000000012,0,0001,1.0,LAND,8.588776,6.919098,975.73627,9.887743364818481e-09,36,2025-05-12,63,33.30069092736895
2025-03-09 10:00:00,57.39999999999998,-4.700000000000012,0,0001,1.0,LAND,6.316803,5.68985,965.0475,9.430968746689077e-09,36,2025-05-12,63,20.889874561013958
2025-03-09 10:00:00,57.39999999999998,-4.600000000000012,0,0001,1.0,LAND,6.771881,6.1371155,977.1175,1.0184985151558245e-08,36,2025-05-12,63,21.07553584729659
2025-03-09 09:00:00,57.39999999999998,-4.600000000000012,0,0001,1.0,LAND,4.759918,4.4012756,977.4625,1.0557147822609305e-08,36,2025-05-12,63,21.07553584729659
2025-03-09 12:00:00,57.5,-4.0,0,0001,1.0,MARINE,11.004303,8.990875,988.0325,1.169127195055346e-08,36,2025-05-12,63,40.59988042189519
2025-03-09 11:00:00,57.5,-4.25,0,0001,1.0,MARINE,8.694244,8.085358,981.635,1.2027959739313526e-08,36,2025-05-12,63,26.347244625877988
2025-03-09 11:00:00,57.25,-4.25,0,0001,1.0,MARINE,7.8368225,6.1615295,963.035,1.0326234959704722e-08,36,2025-05-12,63,44.79941145759703
2025-03-08 22:00:00,58.0,-4.75,0,0001,1.0,MARINE,6.452545,4.921051,978.2463,1.048612596754598e-08,36,2025-05-12,64,46.26036452488649
2025-04-08 05:00:00,57.39999999999998,-4.500000000000012,0,0001,1.0,LAND,5.0680237,3.9981995,1003.2875,9.072833744276857e-09,36,2025-05-12,33,22.8775939429111
2025-04-08 03:00:00,57.39999999999998,-4.100000000000014,0,0001,1.0,LAND,5.1700745,4.7618713,985.3619,1.1656970611006361e-08,36,2025-05-12,33,39.425250009244586
2025-04-08 03:00:00,57.39999999999998,-4.000000000000014,0,0001,1.0,LAND,4.976715,4.677887,980.5119,1.1516299802671163e-08,36,2025-05-12,33,44.61641480232094
2025-04-08 04:00:00,57.39999999999998,-4.500000000000012,0,0001,1.0,LAND,5.4725647,4.25943,1003.0619,1.0226658927677847e-08,36,2025-05-12,33,22.8775939429111
2025-04-08 04:00:00,57.39999999999998,-4.400000000000013,0,0001,1.0,LAND,5.648346,4.523102,1007.5119,1.0869279846540223e-08,36,2025-05-12,33,25.961605645189277
2025-04-08 04:00:00,57.299999999999976,-4.400000000000013,0,0001,1.0,LAND,4.7518616,4.13443,986.27185,9.531658573535542e-09,36,2025-05-12,33,35.496026130918786
2025-04-08 04:00:00,57.5,-4.25,0,0001,1.0,MARINE,2.3106995,1.2882385,1000.4519,1.2452187577357027e-08,36,2025-05-12,33,26.347244625877988
2025-04-08 05:00:00,57.5,-4.5,0,0001,1.0,MARINE,2.726471,0.8343811,995.9844,1.021880334090977e-08,36,2025-05-12,33,13.605831118572228
2025-03-23 01:00:00,57.49999999999998,-2.800000000000013,0,0001,1.0,LAND,6.355377,6.06485,983.5775,9.436141340523816e-09,37,2025-05-11,48,29.506088872706844
2025-03-17 06:00:00,56.99999999999997,-2.700000000000013,0,0001,1.0,LAND,1.3097229,-0.88949585,996.1275,9.897509034573151e-09,37,2025-05-11,54,26.680354465662983
2025-03-17 06:00:00,57.09999999999997,-2.600000000000013,0,0001,1.0,LAND,1.8702698,-0.953949,1010.7575,1.0071662615018803e-08,37,2025-05-11,54,18.92964214660997
2025-03-17 05:00:00,57.09999999999997,-2.600000000000013,0,0001,1.0,LAND,1.8841858,-0.88119507,1010.48126,1.0421481381565412e-08,37,2025-05-11,54,18.92964214660997
2025-03-17 04:00:00,57.299999999999976,-2.600000000000013,0,0001,1.0,LAND,2.3614807,-0.7828064,1009.6319,1.0385992214405023e-08,37,2025-05-11,54,13.641457565388034
2025-03-09 04:00:00,56.89999999999997,-2.400000000000013,0,0001,1.0,LAND,6.46109,2.5419006,989.3738,2.032174428734414e-08,37,2025-05-11,62,44.120406631498994
2025-03-09 03:00:00,56.89999999999997,-2.400000000000013,0,0001,1.0,LAND,6.561676,2.7626038,989.77185,2.015570466085169e-08,37,2025-05-11,62,44.120406631498994
2025-03-09 05:00:00,56.89999999999997,-2.400000000000013,0,0001,1.0,LAND,6.280426,2.3507385,989.1625,2.0487783913836584e-08,37,2025-05-11,62,44.120406631498994
2025-03-09 06:00:00,56.89999999999997,-2.400000000000013,0,0001,1.0,LAND,6.0677795,2.1036682,989.03876,2.0653823540329034e-08,37,2025-05-11,62,44.120406631498994
2025-03-09 19:00:00,56.99999999999997,-3.3000000000000136,0,0001,1.0,LAND,7.896515,2.6174622,946.54126,1.4746499151415218e-08,37,2025-05-11,62,40.26516952557438
2025-03-09 19:00:00,56.99999999999997,-3.4000000000000137,0,0001,1.0,LAND,7.6582336,2.1799622,939.95123,1.4276126244124494e-08,37,2025-05-11,62,45.03296941221375
2025-03-09 09:00:00,56.89999999999997,-2.400000000000013,0,0001,1.0,LAND,6.396637,4.4579163,989.7925,2.1151942419806374e-08,37,2025-05-11,62,44.120406631498994
2025-03-23 00:00:00,57.5,-2.75,0,0001,1.0,MARINE,7.1734924,6.542633,987.8975,1.0399904826208091e-08,37,2025-05-11,49,29.609785713122804
2025-03-20 08:00:00,57.25,-2.0,0,0001,1.0,MARINE,4.1305237,2.9273987,1016.15063,1.9320717618379987e-08,37,2025-05-11,51,47.68474300323529
2025-03-09 18:00:00,57.25,-3.25,0,0001,1.0,MARINE,9.920807,2.402008,952.72815,1.459693495936562e-08,37,2025-05-11,62,27.605632282454756
2025-03-09 19:00:00,57.0,-3.25,0,0001,1.0,MARINE,7.6302795,2.721344,944.9444,1.4981685605060668e-08,37,2025-05-11,62,38.016766544169755
2025-04-23 06:00:00,57.39999999999998,-2.400000000000013,0,0001,1.0,LAND,5.4999084,5.226471,1001.7388,9.307000614633343e-09,37,2025-05-11,17,29.867335619501787
2025-04-23 06:00:00,57.299999999999976,-2.3000000000000127,0,0001,1.0,LAND,5.7030334,5.4823303,1001.2388,9.63714809343316e-09,37,2025-05-11,17,30.4631305018836
2025-04-23 05:00:00,57.299999999999976,-2.400000000000013,0,0001,1.0,LAND,5.499176,5.31485,998.6069,9.68233555368824e-09,37,2025-05-11,17,24.66572598133779
2025-04-23 03:00:00,57.299999999999976,-2.600000000000013,0,0001,1.0,LAND,5.5384827,5.025299,992.65375,9.05926597627445e-09,37,2025-05-11,17,13.641457565388034
2025-04-23 04:00:00,57.299999999999976,-2.500000000000013,0,0001,1.0,LAND,5.3329163,5.2030334,996.1125,9.425296654264016e-09,37,2025-05-11,17,19.002461472268067
2025-04-23 05:00:00,57.39999999999998,-2.500000000000013,0,0001,1.0,LAND,5.139801,5.0160217,999.58685,9.053646813731749e-09,37,2025-05-11,17,25.405228967612814
2025-04-29 18:00:00,57.39999999999998,-2.2000000000000126,0,0001,1.0,LAND,16.559967,11.868317,1010.8144,1.0412215922794855e-08,37,2025-05-11,11,40.02037996263323
2025-04-29 18:00:00,57.39999999999998,-2.3000000000000127,0,0001,1.0,LAND,16.972076,11.448395,1009.0544,1.004967456474936e-08,37,2025-05-11,11,34.79645121898301
2025-04-29 17:00:00,57.59999999999998,-3.1000000000000134,0,0001,1.0,LAND,16.08487,8.931793,1008.4319,9.176726573078896e-09,37,2025-05-11,11,44.611127017516715
2025-04-29 06:00:00,57.199999999999974,-2.1000000000000125,0,0001,1.0,LAND,9.933502,9.126495,1018.5019,9.188131144810966e-09,37,2025-05-11,11,41.84408072076466
2025-04-29 16:00:00,57.59999999999998,-3.2000000000000135,0,0001,1.0,LAND,16.528229,8.8003235,1008.66437,9.119308271484041e-09,37,2025-05-11,11,47.40084652634246
2025-04-29 17:00:00,57.59999999999998,-3.2000000000000135,0,0001,1.0,LAND,16.344635,8.869293,1008.6719,9.312162078482069e-09,37,2025-05-11,11,47.40084652634246
2025-04-29 23:00:00,57.39999999999998,-2.700000000000013,0,0001,1.0,LAND,11.530182,9.547028,999.945,9.287440376944222e-09,37,2025-05-11,11,19.19565270902045
2025-04-30 00:00:00,57.39999999999998,-2.400000000000013,0,0001,1.0,LAND,11.116852,9.334259,1008.3275,1.172529007220636e-08,37,2025-05-11,11,29.867335619501787
2025-04-30 00:00:00,57.39999999999998,-2.3000000000000127,0,0001,1.0,LAND,10.851227,9.127228,1009.7375,1.2147723271738147e-08,37,2025-05-11,11,34.79645121898301
2025-04-30 01:00:00,57.39999999999998,-2.2000000000000126,0,0001,1.0,LAND,10.247711,8.667023,1011.2025,1.2068601354386858e-08,37,2025-05-11,10,40.02037996263323
2025-04-30 01:00:00,57.39999999999998,-2.1000000000000125,0,0001,1.0,LAND,10.027008,8.420929,1013.1925,1.2506546962405958e-08,37,2025-05-11,10,45.437542608940014
2025-04-08 08:00:00,56.89999999999997,-2.400000000000013,0,0001,1.0,LAND,6.577667,4.5681458,1009.2519,9.163646360240265e-09,37,2025-05-11,32,44.120406631498994
2025-04-06 01:00:00,57.199999999999974,-2.500000000000013,0,0001,1.0,LAND,3.9950256,2.4769592,1009.54315,9.159616250660811e-09,37,2025-05-11,34,18.00130639883609
2025-04-03 06:00:00,57.09999999999997,-2.2000000000000126,0,0001,1.0,LAND,5.5069885,2.1856995,1018.15375,9.955859803234815e-09,37,2025-05-11,37,38.70796351931493
2025-04-03 06:00:00,57.09999999999997,-2.3000000000000127,0,0001,1.0,LAND,4.8038635,0.63687134,1013.6337,9.527835242995285e-09,37,2025-05-11,37,33.230622714978374
2025-04-07 23:00:00,56.79999999999997,-2.800000000000013,0,0001,1.0,LAND,5.3434143,4.2342834,1004.4437,1.176502351096749e-08,37,2025-05-11,33,48.336606259797435
2025-04-07 23:00:00,56.79999999999997,-2.700000000000013,0,0001,1.0,LAND,5.5836487,4.2967834,1012.8738,1.1455200528883122e-08,37,2025-05-11,33,48.65431596109307
2025-04-07 23:00:00,56.79999999999997,-2.600000000000013,0,0001,1.0,LAND,5.839508,4.4881897,1017.48376,1.1145377546798626e-08,37,2025-05-11,33,49.71256435797875
2025-04-11 21:00:00,57.09999999999997,-2.700000000000013,0,0001,1.0,LAND,10.327789,4.848297,991.1238,9.66343619360216e-09,37,2025-05-11,29,15.97091101565384
2025-04-11 22:00:00,57.09999999999997,-2.700000000000013,0,0001,1.0,LAND,9.214264,4.6523743,990.6044,1.0525812612719875e-08,37,2025-05-11,29,15.97091101565384
2025-04-11 22:00:00,57.09999999999997,-2.600000000000013,0,0001,1.0,LAND,9.196686,5.1719055,993.08435,1.1073987967365653e-08,37,2025-05-11,29,18.92964214660997
2025-04-11 18:00:00,56.99999999999997,-2.3000000000000127,0,0001,1.0,LAND,13.781403,6.504059,999.07935,9.678329158935229e-09,37,2025-05-11,29,39.53905600204514
2025-04-11 19:00:00,56.99999999999997,-2.400000000000013,0,0001,1.0,LAND,12.369049,8.481842,993.8781,9.44345493007296e-09,37,2025-05-11,29,35.22966881456107
2025-04-11 19:00:00,56.99999999999997,-2.3000000000000127,0,0001,1.0,LAND,12.472565,6.884186,998.7581,1.060389720359627e-08,37,2025-05-11,29,39.53905600204514
2025-04-30 00:00:00,57.5,-2.25,0,0001,1.0,MARINE,8.731842,7.3294983,1013.9381,1.2231456847366912e-08,37,2025-05-11,11,43.894939360184935
2025-04-08 01:00:00,57.0,-2.75,0,0001,1.0,MARINE,0.7760315,0.31411743,988.96625,1.1990992830612762e-08,37,2025-05-11,32,26.218409375040846
2025-04-08 00:00:00,57.0,-2.75,0,0001,1.0,MARINE,2.1307678,1.5399475,989.0775,1.2633136758921625e-08,37,2025-05-11,33,26.218409375040846
2025-04-08 06:00:00,57.0,-2.5,0,0001,1.0,MARINE,1.0084534,-0.3580017,1006.66187,9.513495630164537e-09,37,2025-05-11,32,31.49302832434753
2025-04-08 06:00:00,57.5,-3.25,0,0001,1.0,MARINE,1.3443909,1.0814514,1002.2419,9.82287673423338e-09,37,2025-05-11,32,40.30380445192238
2025-04-03 05:00:00,57.0,-2.25,0,0001,1.0,MARINE,3.983551,1.2689514,1018.28564,1.041362276965613e-08,37,2025-05-11,37,41.854195447865884
2025-04-03 04:00:00,57.0,-2.25,0,0001,1.0,MARINE,4.4513245,1.530426,1018.2456,1.0193384802903494e-08,37,2025-05-11,37,41.854195447865884
2025-04-11 20:00:00,57.0,-2.25,0,0001,1.0,MARINE,10.7621155,5.1922913,1004.6825,1.2123265292115078e-08,37,2025-05-11,29,41.854195447865884
2025-04-11 19:00:00,57.0,-2.25,0,0001,1.0,MARINE,12.62442,5.5189514,1004.8756,1.1184118340358045e-08,37,2025-05-11,29,41.854195447865884
2025-04-11 19:00:00,57.0,-2.5,0,0001,1.0,MARINE,13.425201,5.558014,994.5156,9.071990822913845e-09,37,2025-05-11,29,31.49302832434753
2025-04-11 18:00:00,57.0,-2.25,0,0001,1.0,MARINE,13.817535,6.0558167,1005.0925,1.0244971388601009e-08,37,2025-05-11,29,41.854195447865884
2025-05-01 11:00:00,56.99999999999997,-2.3000000000000127,0,0001,1.0,LAND,14.425934,9.966461,996.5687,1.064024762742537e-08,37,2025-05-11,9,39.53905600204514
2025-03-23 10:00:00,51.29999999999989,0.7999999999999883,0,0001,1.0,LAND,10.514069,10.290192,993.0031,1.3045438359189423e-08,38,2025-05-07,44,13.100885155764896
2025-03-23 11:00:00,51.19999999999989,0.6999999999999883,0,0001,1.0,LAND,11.367828,10.737457,994.6075,1.3068862732742904e-08,38,2025-05-07,44,1.6965879589348352
2025-03-23 14:00:00,51.19999999999989,0.5999999999999883,0,0001,1.0,LAND,13.443268,9.830475,996.59375,1.4355042784094798e-08,38,2025-05-07,44,8.506570774630662
2025-03-03 13:00:00,51.599999999999895,0.49999999999998834,0,0001,1.0,LAND,7.3139954,3.405182,1026.1819,1.5999292538964788e-08,38,2025-05-07,64,47.80563382370402
2025-03-04 02:00:00,51.19999999999989,0.8999999999999883,0,0001,1.0,LAND,1.6485901,1.2113342,1016.4944,4.583281472865765e-08,38,2025-05-07,63,12.459302756737447
2025-03-04 02:00:00,51.19999999999989,0.7999999999999883,0,0001,1.0,LAND,0.88687134,0.4437561,1018.0644,4.549748903551904e-08,38,2025-05-07,63,5.522914751324308
2025-03-02 02:00:00,51.39999999999989,0.19999999999998833,0,0001,1.0,LAND,0.34683228,0.250885,1026.4507,2.2799856706312134e-08,38,2025-05-07,65,42.956989793760656
2025-03-04 06:00:00,51.19999999999989,0.8999999999999883,0,0001,1.0,LAND,-0.40731812,-0.6607361,1015.5513,4.249062390826417e-08,38,2025-05-07,63,12.459302756737447
2025-03-23 18:00:00,51.25,0.25,0,0001,1.0,MARINE,10.927887,9.569244,995.5044,1.725815051978313e-08,38,2025-05-07,44,33.44826615558687
2025-03-23 15:00:00,51.25,0.5,0,0001,1.0,MARINE,12.217682,10.796295,994.5694,1.5318062956959227e-08,38,2025-05-07,44,16.684744657569883
2025-03-23 14:00:00,51.25,0.5,0,0001,1.0,MARINE,12.110504,10.903961,994.15686,1.4958259834477957e-08,38,2025-05-07,44,16.684744657569883
2025-03-23 19:00:00,51.0,1.25,0,0001,1.0,MARINE,9.961578,8.392731,1005.9294,2.059729141875221e-08,38,2025-05-07,44,42.68325062337395
2025-03-23 20:00:00,51.0,1.0,0,0001,1.0,MARINE,10.389313,8.464996,1005.99,1.8668546412451938e-08,38,2025-05-07,44,28.951227704732553
2025-03-23 20:00:00,51.0,1.25,0,0001,1.0,MARINE,9.8229065,8.322418,1007.02,2.1054289571035795e-08,38,2025-05-07,44,42.68325062337395
2025-03-23 07:00:00,51.25,1.25,0,0001,1.0,MARINE,9.205963,8.385895,997.2969,1.3856173495622477e-08,38,2025-05-07,44,37.34603435062399
2025-03-23 11:00:00,51.25,0.5,0,0001,1.0,MARINE,10.851959,10.741608,993.1319,1.406973210160683e-08,38,2025-05-07,44,16.684744657569883
2025-03-23 10:00:00,51.5,1.0,0,0001,1.0,MARINE,8.372467,8.128815,1000.16626,1.4240215673311191e-08,38,2025-05-07,44,39.24364123527621
2025-03-24 19:00:00,51.5,0.75,0,0001,1.0,MARINE,9.358795,4.9203186,1017.27875,3.647213194420595e-08,38,2025-05-07,43,34.20484791949596
2025-03-24 18:00:00,51.5,0.75,0,0001,1.0,MARINE,9.817047,5.146393,1016.73376,3.533266057509368e-08,38,2025-05-07,43,34.20484791949596
2025-03-26 15:00:00,51.5,0.25,0,0001,1.0,MARINE,14.778229,7.120758,1018.79376,9.389217833777307e-09,38,2025-05-07,41,47.31465090668706
2025-03-03 01:00:00,51.25,0.75,0,0001,1.0,MARINE,-0.7886658,-0.8230896,1023.885,2.521063347318848e-08,38,2025-05-07,64,6.650921836229748
2025-03-03 00:00:00,51.25,0.75,0,0001,1.0,MARINE,0.7303772,0.6148987,1024.1494,2.5427829730695523e-08,38,2025-05-07,65,6.650921836229748
2025-03-03 02:00:00,51.25,0.75,0,0001,1.0,MARINE,-0.7859802,-0.79086304,1023.3081,2.4993437215681437e-08,38,2025-05-07,64,6.650921836229748
2025-03-03 04:00:00,51.25,1.25,0,0001,1.0,MARINE,3.4981995,3.2528381,1026.485,2.3242017921365676e-08,38,2025-05-07,64,37.34603435062399
2025-03-03 03:00:00,51.25,1.25,0,0001,1.0,MARINE,3.519928,3.2806702,1027.0212,2.2367970021336587e-08,38,2025-05-07,64,37.34603435062399
2025-03-04 01:00:00,51.25,1.25,0,0001,1.0,MARINE,5.1388245,4.049225,1024.6544,4.540332489607296e-08,38,2025-05-07,63,37.34603435062399
2025-03-04 01:00:00,51.25,1.0,0,0001,1.0,MARINE,3.1271057,2.3910217,1022.8044,4.622996741902435e-08,38,2025-05-07,63,20.40469036595926
2025-03-04 01:00:00,51.25,0.75,0,0001,1.0,MARINE,1.1368713,0.6175842,1020.6844,4.607393026129256e-08,38,2025-05-07,63,6.650921836229748
2025-03-04 02:00:00,51.25,1.25,0,0001,1.0,MARINE,4.817047,4.2884827,1024.4894,4.531833628732976e-08,38,2025-05-07,63,37.34603435062399
2025-03-04 03:00:00,51.25,1.25,0,0001,1.0,MARINE,3.8563538,3.608307,1024.1538,4.523334767858655e-08,38,2025-05-07,63,37.34603435062399
2025-03-04 02:00:00,51.25,1.0,0,0001,1.0,MARINE,2.6803284,2.1732483,1022.64935,4.554961965016146e-08,38,2025-05-07,63,20.40469036595926
2025-03-04 00:00:00,51.25,1.0,0,0001,1.0,MARINE,3.2997131,2.4237366,1023.0631,4.691031518788724e-08,38,2025-05-07,64,20.40469036595926
2025-03-04 00:00:00,51.25,0.75,0,0001,1.0,MARINE,1.3954163,0.8182678,1020.9331,4.726101848762128e-08,38,2025-05-07,64,6.650921836229748
2025-03-03 23:00:00,51.25,1.0,0,0001,1.0,MARINE,3.8023987,2.8121643,1023.1906,4.522663439125287e-08,38,2025-05-07,64,20.40469036595926
2025-03-03 22:00:00,51.25,1.0,0,0001,1.0,MARINE,4.4962463,2.948639,1023.69,4.35429535946185e-08,38,2025-05-07,64,20.40469036595926
2025-03-03 22:00:00,51.25,0.75,0,0001,1.0,MARINE,2.9220276,1.6830139,1021.57,4.318776117978624e-08,38,2025-05-07,64,6.650921836229748
2025-03-04 05:00:00,51.25,0.75,0,0001,1.0,MARINE,-2.2151794,-2.3316345,1019.8575,4.132557735597769e-08,38,2025-05-07,63,6.650921836229748
2025-03-04 04:00:00,51.25,1.25,0,0001,1.0,MARINE,3.4166565,3.2357483,1024.1425,4.514835906984334e-08,38,2025-05-07,63,37.34603435062399
2025-03-04 04:00:00,51.25,1.0,0,0001,1.0,MARINE,0.861969,0.77090454,1022.3025,4.418892411243568e-08,38,2025-05-07,63,20.40469036595926
2025-04-21 09:00:00,51.599999999999895,0.5999999999999883,0,0001,1.0,LAND,11.630768,9.270172,1006.41125,2.153112177438808e-08,38,2025-05-07,15,46.04603212112105
2025-04-21 10:00:00,51.599999999999895,0.5999999999999883,0,0001,1.0,LAND,12.297516,9.301422,1006.5481,2.2809253448960212e-08,38,2025-05-07,15,46.04603212112105
2025-04-28 04:00:00,51.19999999999989,0.8999999999999883,0,0001,1.0,LAND,8.537018,7.757843,1015.72687,2.379800712049209e-08,38,2025-05-07,8,12.459302756737447
2025-04-28 04:00:00,51.19999999999989,0.9999999999999882,0,0001,1.0,LAND,8.999908,7.97464,1014.71686,2.4099046314065167e-08,38,2025-05-07,8,19.418369999927595
2025-04-28 05:00:00,51.19999999999989,0.6999999999999883,0,0001,1.0,LAND,7.867096,7.4761047,1018.8475,2.227151683446621e-08,38,2025-05-07,8,1.6965879589348352
2025-04-28 05:00:00,51.19999999999989,0.7999999999999883,0,0001,1.0,LAND,7.792877,7.483917,1017.3675,2.2502512297963893e-08,38,2025-05-07,8,5.522914751324308
2025-04-28 05:00:00,51.19999999999989,0.8999999999999883,0,0001,1.0,LAND,8.257721,7.6304016,1015.8375,2.292076217713869e-08,38,2025-05-07,8,12.459302756737447
2025-04-28 06:00:00,51.39999999999989,0.09999999999998832,0,0001,1.0,LAND,8.920074,7.9620667,1016.76373,1.9530322026284286e-08,38,2025-05-07,8,48.96842407716347
2025-04-28 06:00:00,51.19999999999989,0.6999999999999883,0,0001,1.0,LAND,8.422028,7.796051,1019.0037,2.109949714945991e-08,38,2025-05-07,8,1.6965879589348352
2025-04-28 06:00:00,51.19999999999989,0.7999999999999883,0,0001,1.0,LAND,8.345856,7.77652,1017.51373,2.1508056669008732e-08,38,2025-05-07,8,5.522914751324308
2025-04-28 06:00:00,51.19999999999989,0.8999999999999883,0,0001,1.0,LAND,8.699371,7.809723,1015.98376,2.204351723378529e-08,38,2025-05-07,8,12.459302756737447
2025-04-28 06:00:00,51.09999999999989,0.5999999999999883,0,0001,1.0,LAND,8.396637,7.6007385,1023.45374,2.2891749662526735e-08,38,2025-05-07,8,13.364435480317882
2025-04-28 06:00:00,51.09999999999989,0.6999999999999883,0,0001,1.0,LAND,8.425934,7.6788635,1023.78375,2.3103054275222596e-08,38,2025-05-07,8,10.439063393775273
2025-04-28 06:00:00,51.09999999999989,0.7999999999999883,0,0001,1.0,LAND,8.459137,7.698395,1023.52374,2.331435888791845e-08,38,2025-05-07,8,11.690087954228563
2025-04-27 10:00:00,51.599999999999895,0.49999999999998834,0,0001,1.0,LAND,14.217926,9.175201,1022.9456,1.2523448500444778e-08,38,2025-05-07,9,47.80563382370402
2025-04-27 11:00:00,51.39999999999989,0.09999999999998832,0,0001,1.0,LAND,16.661041,8.6719055,1016.3725,1.191317697268677e-08,38,2025-05-07,9,48.96842407716347
2025-04-27 14:00:00,51.39999999999989,0.29999999999998833,0,0001,1.0,LAND,18.045319,7.9743958,1017.83624,1.1961873547238825e-08,38,2025-05-07,9,37.27442140982442
2025-04-27 15:00:00,51.39999999999989,0.29999999999998833,0,0001,1.0,LAND,18.065582,8.046051,1017.7325,1.355276449399559e-08,38,2025-05-07,9,37.27442140982442
2025-04-11 02:00:00,50.899999999999885,0.19999999999998833,0,0001,1.0,LAND,6.2965393,5.257477,1020.66064,1.2590928392486904e-08,38,2025-05-07,25,48.8884909282788
2025-04-21 06:00:00,51.25,0.5,0,0001,1.0,MARINE,8.789215,8.113434,998.3044,1.9217875263377765e-08,38,2025-05-07,15,16.684744657569883
2025-04-21 07:00:00,51.25,1.25,0,0001,1.0,MARINE,9.808258,9.174835,1004.89685,2.094485111736599e-08,38,2025-05-07,15,37.34603435062399
2025-04-21 06:00:00,51.25,0.75,0,0001,1.0,MARINE,9.129059,8.619293,1000.70435,1.9738619752574056e-08,38,2025-05-07,15,6.650921836229748
2025-04-21 09:00:00,51.5,0.75,0,0001,1.0,MARINE,10.450348,8.755524,1006.1775,2.2929424872697532e-08,38,2025-05-07,15,34.20484791949596
2025-04-21 08:00:00,51.25,1.25,0,0001,1.0,MARINE,10.0971985,9.330231,1005.1794,2.2091787815758928e-08,38,2025-05-07,15,37.34603435062399
2025-04-21 08:00:00,51.5,1.0,0,0001,1.0,MARINE,10.126495,8.373199,1006.39935,2.1995556413282732e-08,38,2025-05-07,15,39.24364123527621
2025-04-21 11:00:00,51.25,1.25,0,0001,1.0,MARINE,13.172028,11.60733,1006.67126,2.5532597910937743e-08,38,2025-05-07,15,37.34603435062399
2025-04-21 11:00:00,51.5,0.75,0,0001,1.0,MARINE,12.627106,9.17569,1006.9313,2.5634808336246483e-08,38,2025-05-07,15,34.20484791949596
2025-04-28 03:00:00,51.0,0.5,0,0001,1.0,MARINE,5.586334,4.732086,1019.4469,2.7558265808247828e-08,38,2025-05-07,8,26.447190529656556
2025-04-28 02:00:00,51.0,0.75,0,0001,1.0,MARINE,6.4010315,5.38797,1022.98315,2.776218520813221e-08,38,2025-05-07,8,21.541513767740756
2025-04-28 01:00:00,51.0,1.0,0,0001,1.0,MARINE,8.144684,6.8854065,1025.1394,2.8098200433035736e-08,38,2025-05-07,8,28.951227704732553
2025-04-27 22:00:00,51.0,1.0,0,0001,1.0,MARINE,10.5625305,7.6009827,1025.3682,2.6226623280519574e-08,38,2025-05-07,9,28.951227704732553
2025-04-27 22:00:00,51.0,0.75,0,0001,1.0,MARINE,9.59964,7.1166077,1023.4981,2.6477689004286057e-08,38,2025-05-07,9,21.541513767740756
2025-04-27 21:00:00,51.0,1.0,0,0001,1.0,MARINE,11.533966,9.132111,1025.2488,2.5063590369800642e-08,38,2025-05-07,9,28.951227704732553
2025-04-28 04:00:00,51.0,0.25,0,0001,1.0,MARINE,5.146637,4.487213,1017.9963,2.678274598396336e-08,38,2025-05-07,8,39.29913594218606
2025-04-28 04:00:00,51.0,0.5,0,0001,1.0,MARINE,5.1427307,4.48526,1019.52625,2.673168120193081e-08,38,2025-05-07,8,26.447190529656556
2025-04-27 14:00:00,50.75,0.75,0,0001,1.0,MARINE,13.471588,9.3281555,1026.4994,1.8840250822401536e-08,38,2025-05-07,9,49.28871862402209
2025-04-27 14:00:00,51.0,0.5,0,0001,1.0,MARINE,18.243073,7.7519836,1019.0694,1.677167567789283e-08,38,2025-05-07,9,26.447190529656556
2025-04-27 11:00:00,51.5,0.25,0,0001,1.0,MARINE,16.964508,8.589752,1020.8013,1.1626963880110474e-08,38,2025-05-07,9,47.31465090668706
2025-04-11 03:00:00,50.75,0.75,0,0001,1.0,MARINE,7.5316467,5.4098206,1025.2256,1.0061762926311361e-08,38,2025-05-07,25,49.28871862402209
2025-04-11 02:00:00,50.75,0.75,0,0001,1.0,MARINE,7.7218323,5.3800354,1025.7269,9.807559988676615e-09,38,2025-05-07,25,49.28871862402209
2025-04-11 02:00:00,51.0,1.25,0,0001,1.0,MARINE,7.8058167,5.704254,1024.8169,1.0824979579382356e-08,38,2025-05-07,25,42.68325062337395
2025-04-11 01:00:00,51.0,1.0,0,0001,1.0,MARINE,6.1263733,4.4339905,1024.3337,1.0315996964068212e-08,38,2025-05-07,25,28.951227704732553
2025-04-11 04:00:00,50.75,0.75,0,0001,1.0,MARINE,7.362213,5.726471,1025.1606,1.0315965863946107e-08,38,2025-05-07,25,49.28871862402209
2025-02-09 00:00:00,57.299999999999976,-2.500000000000013,0,0001,1.0,LAND,1.2245178,-0.1512146,1011.66064,9.102552600559484e-09,39,2025-05-04,84,19.002461472268067
2025-03-23 01:00:00,57.49999999999998,-2.800000000000013,0,0001,1.0,LAND,6.355377,6.06485,983.5775,9.436141340523816e-09,39,2025-05-04,41,29.506088872706844
2025-03-17 06:00:00,56.99999999999997,-2.700000000000013,0,0001,1.0,LAND,1.3097229,-0.88949585,996.1275,9.897509034573151e-09,39,2025-05-04,47,26.680354465662983
2025-03-17 06:00:00,57.09999999999997,-2.600000000000013,0,0001,1.0,LAND,1.8702698,-0.953949,1010.7575,1.0071662615018803e-08,39,2025-05-04,47,18.92964214660997
2025-03-17 05:00:00,57.09999999999997,-2.600000000000013,0,0001,1.0,LAND,1.8841858,-0.88119507,1010.48126,1.0421481381565412e-08,39,2025-05-04,47,18.92964214660997
2025-03-17 04:00:00,57.299999999999976,-2.600000000000013,0,0001,1.0,LAND,2.3614807,-0.7828064,1009.6319,1.0385992214405023e-08,39,2025-05-04,47,13.641457565388034
2025-03-09 04:00:00,56.89999999999997,-2.400000000000013,0,0001,1.0,LAND,6.46109,2.5419006,989.3738,2.032174428734414e-08,39,2025-05-04,55,44.120406631498994
2025-03-09 03:00:00,56.89999999999997,-2.400000000000013,0,0001,1.0,LAND,6.561676,2.7626038,989.77185,2.015570466085169e-08,39,2025-05-04,55,44.120406631498994
2025-03-09 05:00:00,56.89999999999997,-2.400000000000013,0,0001,1.0,LAND,6.280426,2.3507385,989.1625,2.0487783913836584e-08,39,2025-05-04,55,44.120406631498994
2025-03-09 06:00:00,56.89999999999997,-2.400000000000013,0,0001,1.0,LAND,6.0677795,2.1036682,989.03876,2.0653823540329034e-08,39,2025-05-04,55,44.120406631498994
2025-03-09 19:00:00,56.99999999999997,-3.3000000000000136,0,0001,1.0,LAND,7.896515,2.6174622,946.54126,1.4746499151415218e-08,39,2025-05-04,55,40.26516952557438
2025-03-09 19:00:00,56.99999999999997,-3.4000000000000137,0,0001,1.0,LAND,7.6582336,2.1799622,939.95123,1.4276126244124494e-08,39,2025-05-04,55,45.03296941221375
2025-03-09 09:00:00,56.89999999999997,-2.400000000000013,0,0001,1.0,LAND,6.396637,4.4579163,989.7925,2.1151942419806374e-08,39,2025-05-04,55,44.120406631498994
2025-03-23 00:00:00,57.5,-2.75,0,0001,1.0,MARINE,7.1734924,6.542633,987.8975,1.0399904826208091e-08,39,2025-05-04,42,29.609785713122804
2025-03-20 08:00:00,57.25,-2.0,0,0001,1.0,MARINE,4.1305237,2.9273987,1016.15063,1.9320717618379987e-08,39,2025-05-04,44,47.68474300323529
2025-03-09 18:00:00,57.25,-3.25,0,0001,1.0,MARINE,9.920807,2.402008,952.72815,1.459693495936562e-08,39,2025-05-04,55,27.605632282454756
2025-03-09 19:00:00,57.0,-3.25,0,0001,1.0,MARINE,7.6302795,2.721344,944.9444,1.4981685605060668e-08,39,2025-05-04,55,38.016766544169755
2025-04-23 06:00:00,57.39999999999998,-2.400000000000013,0,0001,1.0,LAND,5.4999084,5.226471,1001.7388,9.307000614633343e-09,39,2025-05-04,10,29.867335619501787
2025-04-23 06:00:00,57.299999999999976,-2.3000000000000127,0,0001,1.0,LAND,5.7030334,5.4823303,1001.2388,9.63714809343316e-09,39,2025-05-04,10,30.4631305018836
2025-04-23 05:00:00,57.299999999999976,-2.400000000000013,0,0001,1.0,LAND,5.499176,5.31485,998.6069,9.68233555368824e-09,39,2025-05-04,10,24.66572598133779
2025-04-23 03:00:00,57.299999999999976,-2.600000000000013,0,0001,1.0,LAND,5.5384827,5.025299,992.65375,9.05926597627445e-09,39,2025-05-04,10,13.641457565388034
2025-04-23 04:00:00,57.299999999999976,-2.500000000000013,0,0001,1.0,LAND,5.3329163,5.2030334,996.1125,9.425296654264016e-09,39,2025-05-04,10,19.002461472268067
2025-04-23 05:00:00,57.39999999999998,-2.500000000000013,0,0001,1.0,LAND,5.139801,5.0160217,999.58685,9.053646813731749e-09,39,2025-05-04,10,25.405228967612814
2025-04-29 18:00:00,57.39999999999998,-2.2000000000000126,0,0001,1.0,LAND,16.559967,11.868317,1010.8144,1.0412215922794855e-08,39,2025-05-04,4,40.02037996263323
2025-04-29 18:00:00,57.39999999999998,-2.3000000000000127,0,0001,1.0,LAND,16.972076,11.448395,1009.0544,1.004967456474936e-08,39,2025-05-04,4,34.79645121898301
2025-04-29 17:00:00,57.59999999999998,-3.1000000000000134,0,0001,1.0,LAND,16.08487,8.931793,1008.4319,9.176726573078896e-09,39,2025-05-04,4,44.611127017516715
2025-04-29 06:00:00,57.199999999999974,-2.1000000000000125,0,0001,1.0,LAND,9.933502,9.126495,1018.5019,9.188131144810966e-09,39,2025-05-04,4,41.84408072076466
2025-04-29 16:00:00,57.59999999999998,-3.2000000000000135,0,0001,1.0,LAND,16.528229,8.8003235,1008.66437,9.119308271484041e-09,39,2025-05-04,4,47.40084652634246
2025-04-29 17:00:00,57.59999999999998,-3.2000000000000135,0,0001,1.0,LAND,16.344635,8.869293,1008.6719,9.312162078482069e-09,39,2025-05-04,4,47.40084652634246
2025-04-29 23:00:00,57.39999999999998,-2.700000000000013,0,0001,1.0,LAND,11.530182,9.547028,999.945,9.287440376944222e-09,39,2025-05-04,4,19.19565270902045
2025-04-30 00:00:00,57.39999999999998,-2.400000000000013,0,0001,1.0,LAND,11.116852,9.334259,1008.3275,1.172529007220636e-08,39,2025-05-04,4,29.867335619501787
2025-04-30 00:00:00,57.39999999999998,-2.3000000000000127,0,0001,1.0,LAND,10.851227,9.127228,1009.7375,1.2147723271738147e-08,39,2025-05-04,4,34.79645121898301
2025-04-30 01:00:00,57.39999999999998,-2.2000000000000126,0,0001,1.0,LAND,10.247711,8.667023,1011.2025,1.2068601354386858e-08,39,2025-05-04,3,40.02037996263323
2025-04-30 01:00:00,57.39999999999998,-2.1000000000000125,0,0001,1.0,LAND,10.027008,8.420929,1013.1925,1.2506546962405958e-08,39,2025-05-04,3,45.437542608940014
2025-04-08 08:00:00,56.89999999999997,-2.400000000000013,0,0001,1.0,LAND,6.577667,4.5681458,1009.2519,9.163646360240265e-09,39,2025-05-04,25,44.120406631498994
2025-04-06 01:00:00,57.199999999999974,-2.500000000000013,0,0001,1.0,LAND,3.9950256,2.4769592,1009.54315,9.159616250660811e-09,39,2025-05-04,27,18.00130639883609
2025-04-03 06:00:00,57.09999999999997,-2.2000000000000126,0,0001,1.0,LAND,5.5069885,2.1856995,1018.15375,9.955859803234815e-09,39,2025-05-04,30,38.70796351931493
2025-04-03 06:00:00,57.09999999999997,-2.3000000000000127,0,0001,1.0,LAND,4.8038635,0.63687134,1013.6337,9.527835242995285e-09,39,2025-05-04,30,33.230622714978374
2025-04-07 23:00:00,56.79999999999997,-2.800000000000013,0,0001,1.0,LAND,5.3434143,4.2342834,1004.4437,1.176502351096749e-08,39,2025-05-04,26,48.336606259797435
2025-04-07 23:00:00,56.79999999999997,-2.700000000000013,0,0001,1.0,LAND,5.5836487,4.2967834,1012.8738,1.1455200528883122e-08,39,2025-05-04,26,48.65431596109307
2025-04-07 23:00:00,56.79999999999997,-2.600000000000013,0,0001,1.0,LAND,5.839508,4.4881897,1017.48376,1.1145377546798626e-08,39,2025-05-04,26,49.71256435797875
2025-04-11 21:00:00,57.09999999999997,-2.700000000000013,0,0001,1.0,LAND,10.327789,4.848297,991.1238,9.66343619360216e-09,39,2025-05-04,22,15.97091101565384
2025-04-11 22:00:00,57.09999999999997,-2.700000000000013,0,0001,1.0,LAND,9.214264,4.6523743,990.6044,1.0525812612719875e-08,39,2025-05-04,22,15.97091101565384
2025-04-11 22:00:00,57.09999999999997,-2.600000000000013,0,0001,1.0,LAND,9.196686,5.1719055,993.08435,1.1073987967365653e-08,39,2025-05-04,22,18.92964214660997
2025-04-11 18:00:00,56.99999999999997,-2.3000000000000127,0,0001,1.0,LAND,13.781403,6.504059,999.07935,9.678329158935229e-09,39,2025-05-04,22,39.53905600204514
2025-04-11 19:00:00,56.99999999999997,-2.400000000000013,0,0001,1.0,LAND,12.369049,8.481842,993.8781,9.44345493007296e-09,39,2025-05-04,22,35.22966881456107
2025-04-11 19:00:00,56.99999999999997,-2.3000000000000127,0,0001,1.0,LAND,12.472565,6.884186,998.7581,1.060389720359627e-08,39,2025-05-04,22,39.53905600204514
2025-04-30 00:00:00,57.5,-2.25,0,0001,1.0,MARINE,8.731842,7.3294983,1013.9381,1.2231456847366912e-08,39,2025-05-04,4,43.894939360184935
2025-04-08 01:00:00,57.0,-2.75,0,0001,1.0,MARINE,0.7760315,0.31411743,988.96625,1.1990992830612762e-08,39,2025-05-04,25,26.218409375040846
2025-04-08 00:00:00,57.0,-2.75,0,0001,1.0,MARINE,2.1307678,1.5399475,989.0775,1.2633136758921625e-08,39,2025-05-04,26,26.218409375040846
2025-04-08 06:00:00,57.0,-2.5,0,0001,1.0,MARINE,1.0084534,-0.3580017,1006.66187,9.513495630164537e-09,39,2025-05-04,25,31.49302832434753
2025-04-08 06:00:00,57.5,-3.25,0,0001,1.0,MARINE,1.3443909,1.0814514,1002.2419,9.82287673423338e-09,39,2025-05-04,25,40.30380445192238
2025-04-03 05:00:00,57.0,-2.25,0,0001,1.0,MARINE,3.983551,1.2689514,1018.28564,1.041362276965613e-08,39,2025-05-04,30,41.854195447865884
2025-04-03 04:00:00,57.0,-2.25,0,0001,1.0,MARINE,4.4513245,1.530426,1018.2456,1.0193384802903494e-08,39,2025-05-04,30,41.854195447865884
2025-04-11 20:00:00,57.0,-2.25,0,0001,1.0,MARINE,10.7621155,5.1922913,1004.6825,1.2123265292115078e-08,39,2025-05-04,22,41.854195447865884
2025-04-11 19:00:00,57.0,-2.25,0,0001,1.0,MARINE,12.62442,5.5189514,1004.8756,1.1184118340358045e-08,39,2025-05-04,22,41.854195447865884
2025-04-11 19:00:00,57.0,-2.5,0,0001,1.0,MARINE,13.425201,5.558014,994.5156,9.071990822913845e-09,39,2025-05-04,22,31.49302832434753
2025-04-11 18:00:00,57.0,-2.25,0,0001,1.0,MARINE,13.817535,6.0558167,1005.0925,1.0244971388601009e-08,39,2025-05-04,22,41.854195447865884
2025-05-01 11:00:00,56.99999999999997,-2.3000000000000127,0,0001,1.0,LAND,14.425934,9.966461,996.5687,1.064024762742537e-08,39,2025-05-04,2,39.53905600204514
2025-03-01 13:00:00,52.399999999999906,1.0999999999999883,0,0001,1.0,LAND,6.379547,3.098053,1030.9106,1.0758868277763587e-08,40,2025-04-29,58,16.612547578184483
2025-03-01 13:00:00,52.399999999999906,0.9999999999999882,0,0001,1.0,LAND,6.578766,3.2210999,1031.2306,1.0778859804715924e-08,40,2025-04-29,58,16.58884560225994
2025-03-23 11:00:00,52.0,1.5,0,0001,1.0,MARINE,9.707428,9.046295,1000.90186,1.6609224144185342e-08,40,2025-04-29,36,41.76218482254643
2025-03-23 10:00:00,52.0,1.5,0,0001,1.0,MARINE,9.196686,8.529205,1000.5062,1.6701427648276367e-08,40,2025-04-29,36,41.76218482254643
2025-03-24 18:00:00,52.5,0.5,0,0001,1.0,MARINE,10.2916565,3.9413147,1017.1337,2.7979911165765444e-08,40,2025-04-29,35,46.2445201865057
2025-03-02 02:00:00,52.0,1.25,0,0001,1.0,MARINE,1.4303284,1.0462952,1033.8237,2.318989953768204e-08,40,2025-04-29,57,31.382420827944227
2025-03-02 02:00:00,52.0,1.5,0,0001,1.0,MARINE,2.442047,0.8216858,1034.5138,1.510608249599689e-08,40,2025-04-29,57,41.76218482254643
2025-03-01 14:00:00,52.5,0.75,0,0001,1.0,MARINE,9.047028,1.6158752,1030.4231,1.270876411515079e-08,40,2025-04-29,58,34.07908483206603
2025-03-01 13:00:00,52.25,0.75,0,0001,1.0,MARINE,7.9115295,2.6688538,1027.575,1.0067535434939471e-08,40,2025-04-29,58,20.36827566823563
2025-03-01 13:00:00,52.5,1.0,0,0001,1.0,MARINE,7.917389,3.1942444,1029.725,1.1240580207368473e-08,40,2025-04-29,58,27.57121612367404
2025-03-01 13:00:00,52.5,0.75,0,0001,1.0,MARINE,8.278717,3.0731506,1030.575,1.1632094879902214e-08,40,2025-04-29,58,34.07908483206603
2025-03-02 03:00:00,52.0,1.5,0,0001,1.0,MARINE,2.351715,1.2833557,1034.1132,1.5109582307548574e-08,40,2025-04-29,57,41.76218482254643
2025-03-02 07:00:00,52.0,1.5,0,0001,1.0,MARINE,1.335846,1.0357971,1034.3575,1.5123581553755332e-08,40,2025-04-29,57,41.76218482254643
2025-04-21 19:00:00,52.59999999999991,0.5999999999999883,0,0001,1.0,LAND,11.353546,9.11673,1007.53815,9.324996848765525e-09,40,2025-04-29,7,49.07905066087947
2025-04-21 19:00:00,52.59999999999991,0.6999999999999883,0,0001,1.0,LAND,11.316437,9.024933,1006.08813,9.439206823576276e-09,40,2025-04-29,7,45.185824531903684
2025-04-21 19:00:00,52.59999999999991,0.7999999999999883,0,0001,1.0,LAND,11.289093,8.907745,1005.3081,9.553416798387026e-09,40,2025-04-29,7,42.032227057536005
2025-04-21 19:00:00,52.59999999999991,0.8999999999999883,0,0001,1.0,LAND,11.251984,8.856964,1005.2981,9.98642096794409e-09,40,2025-04-29,7,39.794495328694495
2025-04-27 01:00:00,51.9999999999999,0.5999999999999883,0,0001,1.0,LAND,7.6269836,6.944977,1018.4969,1.9906611100259253e-08,40,2025-04-29,1,41.67653573478837
2025-04-27 01:00:00,51.9999999999999,0.6999999999999883,0,0001,1.0,LAND,7.7988586,7.0465393,1019.7469,2.0012068742877262e-08,40,2025-04-29,1,36.94500993700228
2025-04-27 02:00:00,52.59999999999991,1.4999999999999887,0,0001,1.0,LAND,7.613556,7.057892,1023.2456,1.612785068457449e-08,40,2025-04-29,1,49.15082406080091
2025-04-27 10:00:00,52.0999999999999,1.2999999999999885,0,0001,1.0,LAND,14.008942,8.649811,1023.5556,1.2246817004957497e-08,40,2025-04-29,1,24.19314788272142
2025-04-15 16:00:00,52.0999999999999,0.39999999999998836,0,0001,1.0,LAND,14.632477,8.007721,986.315,1.2636998188615823e-08,40,2025-04-29,13,47.455165718487784
2025-04-15 16:00:00,52.0999999999999,0.49999999999998834,0,0001,1.0,LAND,14.644196,7.978424,984.875,1.3045575397718385e-08,40,2025-04-29,13,41.16854217684867
2025-04-15 17:00:00,52.299999999999905,0.6999999999999883,0,0001,1.0,LAND,14.854645,7.7340393,988.72626,1.296961914716991e-08,40,2025-04-29,13,24.301509349625615
2025-04-27 02:00:00,52.5,1.5,0,0001,1.0,MARINE,6.858917,6.4548645,1022.2294,1.6639056465983713e-08,40,2025-04-29,1,41.05653173086715
2025-04-27 01:00:00,52.0,0.75,0,0001,1.0,MARINE,6.753937,5.999176,1018.6969,2.00647975641862e-08,40,2025-04-29,1,34.84082354807407
2025-04-11 12:00:00,52.25,1.75,0,0001,1.0,MARINE,11.943756,6.634674,1021.4794,3.1481286189017024e-08,40,2025-04-29,17,47.710491868438076
2025-04-15 17:00:00,52.25,1.0,0,0001,1.0,MARINE,13.226227,10.127106,990.98315,1.4070541611473437e-08,40,2025-04-29,13,3.3731594679475894
2025-04-15 17:00:00,52.25,0.75,0,0001,1.0,MARINE,13.505524,9.826324,989.3331,1.3028323612070492e-08,40,2025-04-29,13,20.36827566823563
2025-04-15 16:00:00,52.0,1.0,0,0001,1.0,MARINE,12.434235,9.983551,991.5806,1.4856659236173367e-08,40,2025-04-29,13,28.427509087742482
2025-04-15 16:00:00,52.25,0.5,0,0001,1.0,MARINE,12.9947815,9.563629,989.7506,1.3429583167745466e-08,40,2025-04-29,13,37.3842552356678
2025-04-15 14:00:00,52.5,0.5,0,0001,1.0,MARINE,12.381989,9.904694,994.1894,1.682704861560847e-08,40,2025-04-29,13,46.2445201865057
2025-04-15 13:00:00,52.25,0.5,0,0001,1.0,MARINE,11.966461,9.660553,989.6744,1.737956471792299e-08,40,2025-04-29,13,37.3842552356678
2025-03-26 06:00:00,50.999999999999886,-3.700000000000014,0,0001,1.0,LAND,7.5794983,6.858551,997.8113,9.258368099950282e-09,41,2025-04-29,33,29.35387252325351
2025-03-26 05:00:00,51.09999999999989,-3.800000000000014,0,0001,1.0,LAND,7.6627502,6.9081116,992.4469,9.511774761345665e-09,41,2025-04-29,33,35.33839601084718
2025-03-03 04:00:00,51.09999999999989,-4.000000000000014,0,0001,1.0,LAND,4.0455627,1.1454163,1012.5569,9.136769047364486e-09,41,2025-04-29,56,49.26845063449056
2025-03-03 03:00:00,51.09999999999989,-4.000000000000014,0,0001,1.0,LAND,3.917389,1.1268616,1013.03186,1.0159927845212478e-08,41,2025-04-29,56,49.26845063449056
2025-03-03 02:00:00,50.899999999999885,-2.9000000000000132,0,0001,1.0,LAND,1.3504944,-1.1914978,1018.0569,1.6793165849511114e-08,41,2025-04-29,56,33.671178144263834
2025-03-02 22:00:00,51.29999999999989,-2.700000000000013,0,0001,1.0,LAND,4.4544983,-0.85653687,1017.0619,2.4130486072265854e-08,41,2025-04-29,57,48.675380715784144
2025-03-04 03:00:00,50.999999999999886,-3.1000000000000134,0,0001,1.0,LAND,1.3597717,0.5538635,1010.7569,1.3131360311612419e-08,41,2025-04-29,55,15.867249382623775
2025-03-04 01:00:00,51.09999999999989,-3.700000000000014,0,0001,1.0,LAND,4.308502,3.7254944,989.7875,1.2283993470569617e-08,41,2025-04-29,55,28.387844116657877
2025-03-03 19:00:00,50.79999999999988,-3.800000000000014,0,0001,1.0,LAND,4.7330627,0.9132385,1011.22064,1.0983865402863905e-08,41,2025-04-29,56,46.48511894146907
2025-03-02 19:00:00,51.19999999999989,-2.700000000000013,0,0001,1.0,LAND,6.241974,-0.73861694,1019.8425,1.755587168232e-08,41,2025-04-29,57,43.960588457634586
2025-03-03 06:00:00,51.0,-2.75,0,0001,1.0,MARINE,-1.6031189,-3.02182,1020.0037,1.2258231318895387e-08,41,2025-04-29,56,39.0085412846435
2025-03-03 06:00:00,51.0,-3.0,0,0001,1.0,MARINE,-0.91952515,-2.785492,1020.29376,1.0546460375154486e-08,41,2025-04-29,56,22.18936624830474
2025-03-03 02:00:00,50.75,-3.0,0,0001,1.0,MARINE,0.98550415,-1.6131287,1023.7481,1.368019328807464e-08,41,2025-04-29,56,41.3727010802387
2025-03-03 02:00:00,50.75,-3.25,0,0001,1.0,MARINE,0.8565979,-0.4607849,1020.2481,1.1583873531113195e-08,41,2025-04-29,56,35.93464422422385
2025-03-03 02:00:00,51.0,-2.75,0,0001,1.0,MARINE,-0.34848022,-2.2049255,1020.3681,1.9568817529365412e-08,41,2025-04-29,56,39.0085412846435
2025-03-04 02:00:00,51.5,-3.5,0,0001,1.0,MARINE,0.6451721,0.05996704,1015.1194,1.650160905142191e-08,41,2025-04-29,55,49.67482405932583
2025-03-04 01:00:00,51.25,-3.75,0,0001,1.0,MARINE,6.1271057,5.086334,1017.33435,1.0951200510080107e-08,41,2025-04-29,55,37.34231611424084
2025-03-04 02:00:00,51.25,-3.75,0,0001,1.0,MARINE,4.5846252,4.4877014,1016.8094,1.098331942293354e-08,41,2025-04-29,55,37.34231611424084
2025-03-04 03:00:00,51.5,-3.5,0,0001,1.0,MARINE,0.11807251,-0.6319275,1014.92377,1.6354383278182585e-08,41,2025-04-29,55,49.67482405932583
2025-03-02 19:00:00,51.25,-2.75,0,0001,1.0,MARINE,6.5829163,-0.6636658,1025.4663,1.8107322227271018e-08,41,2025-04-29,57,42.922172163796546
2025-03-02 18:00:00,51.25,-3.0,0,0001,1.0,MARINE,8.617462,0.190094,1028.6825,1.5313474932554196e-08,41,2025-04-29,57,28.61064640610068
2025-03-02 18:00:00,51.25,-3.25,0,0001,1.0,MARINE,7.4983215,2.4440002,1027.0024,1.3941340040734785e-08,41,2025-04-29,57,20.066765603670277
2025-03-02 17:00:00,51.5,-3.5,0,0001,1.0,MARINE,7.893219,1.8121643,1019.46814,1.298150349252973e-08,41,2025-04-29,57,49.67482405932583
2025-03-04 04:00:00,51.5,-3.5,0,0001,1.0,MARINE,0.00064086914,-0.6919861,1014.5025,1.620715750494326e-08,41,2025-04-29,55,49.67482405932583
2025-03-04 08:00:00,50.75,-3.0,0,0001,1.0,MARINE,-1.0647888,-1.8045349,1020.4844,9.965618145517314e-09,41,2025-04-29,55,41.3727010802387
2025-04-26 11:00:00,50.999999999999886,-2.9000000000000132,0,0001,1.0,LAND,13.550446,8.110626,1017.1188,2.7170237800373804e-08,41,2025-04-29,2,28.82273533628491
2025-04-26 12:00:00,50.999999999999886,-2.800000000000013,0,0001,1.0,LAND,14.31778,7.7499084,1018.40063,2.8266022411570755e-08,41,2025-04-29,2,35.593753287410664
2025-04-26 12:00:00,50.899999999999885,-2.800000000000013,0,0001,1.0,LAND,13.815826,7.443268,1011.5006,2.7713522143812138e-08,41,2025-04-29,2,39.63399281051286
2025-04-28 00:00:00,50.899999999999885,-3.2000000000000135,0,0001,1.0,LAND,9.150787,8.824738,1007.84375,2.0857236826545714e-08,41,2025-04-29,1,20.258284306103814
2025-04-10 19:00:00,50.79999999999988,-3.5000000000000138,0,0001,1.0,LAND,11.092682,5.889801,1020.73065,1.503906125558728e-08,41,2025-04-29,18,33.43759636502995
2025-04-10 20:00:00,50.69999999999988,-3.600000000000014,0,0001,1.0,LAND,9.75235,5.717682,1016.495,1.572729383762295e-08,41,2025-04-29,18,46.52263383000583
2025-04-11 05:00:00,50.999999999999886,-3.1000000000000134,0,0001,1.0,LAND,6.5123596,3.841217,1008.85187,1.4931122153486184e-08,41,2025-04-29,17,15.867249382623775
2025-04-11 01:00:00,51.09999999999989,-3.900000000000014,0,0001,1.0,LAND,8.1371155,5.3629456,1000.1819,2.514780348775754e-08,41,2025-04-29,17,42.30019002722395
2025-04-28 00:00:00,51.25,-3.25,0,0001,1.0,MARINE,10.58609,9.094391,1022.08563,1.6168871685984173e-08,41,2025-04-29,1,20.066765603670277
2025-04-27 22:00:00,50.75,-3.75,0,0001,1.0,MARINE,10.03714,7.3451233,1004.2681,1.6603812741378426e-08,41,2025-04-29,1,47.893858204301885
2025-04-27 08:00:00,50.75,-3.0,0,0001,1.0,MARINE,9.077301,9.076202,1019.83936,1.9083005657153844e-08,41,2025-04-29,1,41.3727010802387
2025-04-27 08:00:00,50.75,-3.25,0,0001,1.0,MARINE,8.756989,8.757843,1016.3594,1.4318168585954814e-08,41,2025-04-29,1,35.93464422422385
2025-04-12 16:00:00,50.75,-3.0,0,0001,1.0,MARINE,14.6180725,7.5975647,995.3744,2.2694459811400973e-08,41,2025-04-29,16,41.3727010802387
2025-04-12 16:00:00,50.75,-3.25,0,0001,1.0,MARINE,14.426666,7.949127,992.0144,2.2007686136434466e-08,41,2025-04-29,16,35.93464422422385
2025-04-12 15:00:00,50.75,-3.5,0,0001,1.0,MARINE,13.810699,8.443024,987.5069,2.0921006177454476e-08,41,2025-04-29,16,38.54010660408873
2025-04-12 14:00:00,50.75,-3.5,0,0001,1.0,MARINE,14.3836975,7.7877502,988.155,2.1805041198567408e-08,41,2025-04-29,16,38.54010660408873
2025-04-11 03:00:00,51.25,-3.75,0,0001,1.0,MARINE,9.1586,6.9117737,1014.96564,2.7738225230610324e-08,41,2025-04-29,17,37.34231611424084
2025-04-11 02:00:00,51.25,-3.75,0,0001,1.0,MARINE,9.108551,7.0206604,1015.5769,2.8347391480460786e-08,41,2025-04-29,17,37.34231611424084
2025-04-11 00:00:00,50.75,-3.0,0,0001,1.0,MARINE,6.1178284,4.834137,1020.3881,1.6761290577704475e-08,41,2025-04-29,18,41.3727010802387
2025-04-11 07:00:00,51.0,-2.75,0,0001,1.0,MARINE,5.2569885,4.217682,1014.72626,1.3048506812089261e-08,41,2025-04-29,17,39.0085412846435
2025-04-11 07:00:00,51.0,-3.0,0,0001,1.0,MARINE,5.7530823,3.9735413,1015.0062,1.2935079674036801e-08,41,2025-04-29,17,22.18936624830474
2025-04-11 06:00:00,51.0,-3.0,0,0001,1.0,MARINE,4.273102,2.3319397,1015.1825,1.3906737095226075e-08,41,2025-04-29,17,22.18936624830474
2025-04-11 05:00:00,51.5,-3.5,0,0001,1.0,MARINE,4.457672,3.1634827,1012.92126,3.080475804069906e-08,41,2025-04-29,17,49.67482405932583
2025-04-10 23:00:00,50.75,-3.0,0,0001,1.0,MARINE,6.7254944,5.0921936,1020.84436,1.610487682102116e-08,41,2025-04-29,18,41.3727010802387
2025-04-10 22:00:00,50.75,-3.25,0,0001,1.0,MARINE,6.768463,5.344635,1017.3694,1.6025264596800758e-08,41,2025-04-29,18,35.93464422422385
2025-04-10 21:00:00,50.75,-3.25,0,0001,1.0,MARINE,8.175446,5.313141,1017.59064,1.534519245005561e-08,41,2025-04-29,18,35.93464422422385
2025-04-10 20:00:00,50.75,-3.5,0,0001,1.0,MARINE,9.234039,4.9845276,1012.06,1.552749010850589e-08,41,2025-04-29,18,38.54010660408873
2025-03-20 07:00:00,55.99999999999996,-3.800000000000014,0,0001,1.0,LAND,0.250885,-0.90805054,1007.8088,2.579189247360919e-08,42,2025-04-28,38,16.337364337344905
2025-03-20 07:00:00,55.99999999999996,-3.900000000000014,0,0001,1.0,LAND,0.018463135,-0.8123474,1003.57874,2.5159927326729336e-08,42,2025-04-28,38,21.299761643438725
2025-03-20 07:00:00,56.09999999999996,-3.800000000000014,0,0001,1.0,LAND,0.5555725,-0.69125366,1005.63873,2.195720884742122e-08,42,2025-04-28,38,25.287379162812414
2025-03-20 06:00:00,55.99999999999996,-3.900000000000014,0,0001,1.0,LAND,0.5169983,-0.77523804,1003.1856,2.6303681011084736e-08,42,2025-04-28,38,21.299761643438725
2025-03-20 08:00:00,56.09999999999996,-3.800000000000014,0,0001,1.0,LAND,1.4396057,-0.09701538,1005.765,2.0971716511536418e-08,42,2025-04-28,38,25.287379162812414
2025-03-20 06:00:00,56.09999999999996,-3.900000000000014,0,0001,1.0,LAND,0.99160767,-0.43148804,1006.3756,2.2321999693099958e-08,42,2025-04-28,38,28.735668411719747
2025-03-20 05:00:00,55.99999999999996,-4.000000000000014,0,0001,1.0,LAND,0.361969,-1.2286072,997.3844,2.6575227055994093e-08,42,2025-04-28,38,26.79508750891626
2025-03-20 04:00:00,55.99999999999996,-4.2000000000000135,0,0001,1.0,LAND,0.5050354,-1.6097107,993.8894,2.5919739835936335e-08,42,2025-04-28,38,38.45968755349089
2025-03-20 03:00:00,55.899999999999956,-4.400000000000013,0,0001,1.0,LAND,1.1407776,-1.080658,1007.8594,2.4662254516360676e-08,42,2025-04-28,38,49.30581719939532
2025-03-20 08:00:00,56.09999999999996,-3.700000000000014,0,0001,1.0,LAND,1.599762,-0.325531,1008.075,2.1397776957719374e-08,42,2025-04-28,38,23.032384421397744
2025-03-22 17:00:00,56.09999999999996,-3.900000000000014,0,0001,1.0,LAND,12.382965,9.246979,988.77936,1.580414090799796e-08,42,2025-04-28,36,28.735668411719747
2025-03-20 09:00:00,56.19999999999996,-3.600000000000014,0,0001,1.0,LAND,3.5309143,-0.0152282715,987.65125,1.7239820127025835e-08,42,2025-04-28,38,33.452196861179
2025-03-22 17:00:00,56.19999999999996,-4.000000000000014,0,0001,1.0,LAND,11.613434,9.036041,983.3794,1.4874525426182804e-08,42,2025-04-28,36,41.328096528376825
2025-03-19 18:00:00,55.99999999999996,-3.5000000000000138,0,0001,1.0,LAND,7.287018,0.82876587,1015.28815,2.1275406991704084e-08,42,2025-04-28,39,13.105740217042241
2025-03-19 18:00:00,55.99999999999996,-3.600000000000014,0,0001,1.0,LAND,7.2850647,0.48110962,1012.96814,2.2081617867540272e-08,42,2025-04-28,39,11.222727671591977
2025-03-19 23:00:00,55.899999999999956,-4.400000000000013,0,0001,1.0,LAND,2.8692932,-0.40731812,1008.20685,2.535705427112817e-08,42,2025-04-28,39,49.30581719939532
2025-03-19 17:00:00,55.99999999999996,-3.3000000000000136,0,0001,1.0,LAND,7.8539124,1.0587463,1014.9462,1.7462183810045358e-08,42,2025-04-28,39,22.270227788040454
2025-03-15 05:00:00,55.99999999999996,-4.2000000000000135,0,0001,1.0,LAND,1.3131409,-0.69833374,997.23126,1.6006446251769656e-08,42,2025-04-28,43,38.45968755349089
2025-03-15 05:00:00,55.99999999999996,-4.300000000000013,0,0001,1.0,LAND,1.7565002,-0.54599,1001.33124,1.5393555684768337e-08,42,2025-04-28,43,44.452446035285305
2025-03-15 04:00:00,56.09999999999996,-4.100000000000014,0,0001,1.0,LAND,2.153473,-0.1302185,1003.8331,1.451756594569139e-08,42,2025-04-28,43,37.8191743624689
2025-03-15 03:00:00,56.09999999999996,-4.100000000000014,0,0001,1.0,LAND,2.3605042,-0.1680603,1003.4363,1.5901636517964243e-08,42,2025-04-28,43,37.8191743624689
2025-03-15 02:00:00,56.09999999999996,-4.100000000000014,0,0001,1.0,LAND,2.6461487,-0.22091675,1003.40686,1.72857070902371e-08,42,2025-04-28,43,37.8191743624689
2025-03-15 02:00:00,56.19999999999996,-4.000000000000014,0,0001,1.0,LAND,2.6441956,-0.349823,1003.1269,1.3278355910179527e-08,42,2025-04-28,43,41.328096528376825
2025-03-15 02:00:00,56.19999999999996,-4.100000000000014,0,0001,1.0,LAND,2.7711487,-0.42599487,1004.1069,1.273712157505204e-08,42,2025-04-28,43,45.255548882848025
2025-03-15 01:00:00,56.19999999999996,-4.000000000000014,0,0001,1.0,LAND,3.0099182,-0.35934448,1002.98126,1.4353892822026552e-08,42,2025-04-28,43,41.328096528376825
2025-03-16 06:00:00,55.799999999999955,-3.900000000000014,0,0001,1.0,LAND,1.7306213,-0.051605225,1006.6188,9.561752833952484e-09,42,2025-04-28,42,21.246622295168194
2025-03-16 06:00:00,55.799999999999955,-4.000000000000014,0,0001,1.0,LAND,1.6856995,0.1300354,1011.09875,9.258034117109545e-09,42,2025-04-28,42,26.778386419823075
2025-03-16 05:00:00,55.799999999999955,-4.000000000000014,0,0001,1.0,LAND,1.7001038,0.12515259,1010.78876,9.862639260837535e-09,42,2025-04-28,42,26.778386419823075
2025-03-16 04:00:00,55.799999999999955,-4.000000000000014,0,0001,1.0,LAND,1.9225159,0.1793518,1010.60626,1.0467244404565528e-08,42,2025-04-28,42,26.778386419823075
2025-03-22 17:00:00,56.25,-3.75,0,0001,1.0,MARINE,12.651764,9.302155,980.99,1.326528798496318e-08,42,2025-04-28,36,39.97536061439031
2025-03-22 17:00:00,56.0,-3.75,0,0001,1.0,MARINE,13.433014,9.337311,987.2,1.629062050996958e-08,42,2025-04-28,36,14.233652081467797
2025-03-23 21:00:00,56.25,-4.0,0,0001,1.0,MARINE,5.3959045,3.9774475,990.58813,1.3272368912243113e-08,42,2025-04-28,35,45.935535452132434
2025-03-20 06:00:00,56.0,-3.75,0,0001,1.0,MARINE,-0.94418335,-2.2227478,1004.77313,2.7431810600830443e-08,42,2025-04-28,38,14.233652081467797
2025-03-20 06:00:00,56.0,-4.0,0,0001,1.0,MARINE,-0.7625427,-2.0723572,1001.91315,2.555159461792269e-08,42,2025-04-28,38,26.795087508917426
2025-03-19 04:00:00,56.0,-3.25,0,0001,1.0,MARINE,-0.8374939,-2.2601013,1007.1769,9.381410241241741e-09,42,2025-04-28,39,25.00935510598135
2025-03-20 00:00:00,56.0,-4.25,0,0001,1.0,MARINE,0.88882446,-2.0655212,1000.0662,2.8869010737508783e-08,42,2025-04-28,39,41.447476157383974
2025-03-19 23:00:00,56.0,-4.25,0,0001,1.0,MARINE,1.8348694,-1.3448181,1000.32874,2.672611728223479e-08,42,2025-04-28,39,41.447476157383974
2025-03-19 22:00:00,55.75,-4.25,0,0001,1.0,MARINE,2.6730042,-0.8038025,1004.26935,2.3737902606531656e-08,42,2025-04-28,39,43.33344510233849
2025-03-15 03:00:00,56.0,-4.25,0,0001,1.0,MARINE,0.30142212,-1.6795349,1002.6225,1.9029438004524984e-08,42,2025-04-28,43,41.447476157383974
2025-03-15 02:00:00,56.0,-4.25,0,0001,1.0,MARINE,0.8043518,-1.565033,1002.52124,2.0694156522652657e-08,42,2025-04-28,43,41.447476157383974
2025-03-14 23:00:00,56.0,-3.5,0,0001,1.0,MARINE,2.6095276,-0.34848022,1008.1744,2.5448371965274832e-08,42,2025-04-28,44,13.105740217046739
2025-03-14 22:00:00,56.25,-3.5,0,0001,1.0,MARINE,3.5726624,-0.01889038,1005.8762,1.3046714491168544e-08,42,2025-04-28,44,39.59030975102627
2025-04-17 23:00:00,55.899999999999956,-4.400000000000013,0,0001,1.0,LAND,5.9547424,3.122467,1000.9419,1.123345919988071e-08,42,2025-04-28,10,49.30581719939532
2025-04-18 00:00:00,55.99999999999996,-4.2000000000000135,0,0001,1.0,LAND,4.4825745,2.0709534,987.52563,1.3727413872287956e-08,42,2025-04-28,10,38.45968755349089
2025-04-18 00:00:00,55.99999999999996,-4.100000000000014,0,0001,1.0,LAND,4.5157776,2.1100159,987.71564,1.430980045569098e-08,42,2025-04-28,10,32.5545622982396
2025-04-18 01:00:00,56.09999999999996,-3.900000000000014,0,0001,1.0,LAND,4.7132874,2.6498108,999.97626,1.210879086814219e-08,42,2025-04-28,9,28.735668411719747
2025-04-18 02:00:00,56.09999999999996,-3.700000000000014,0,0001,1.0,LAND,4.0777893,2.5724182,1001.0481,1.238420819597517e-08,42,2025-04-28,9,23.032384421397744
2025-04-18 02:00:00,55.99999999999996,-3.800000000000014,0,0001,1.0,LAND,3.855133,2.7638245,1000.8781,1.4297202014881545e-08,42,2025-04-28,9,16.337364337344905
2025-04-18 03:00:00,55.99999999999996,-3.600000000000014,0,0001,1.0,LAND,4.232086,2.457672,1006.5375,1.4375785561958326e-08,42,2025-04-28,9,11.222727671591977
2025-04-18 03:00:00,55.99999999999996,-3.5000000000000138,0,0001,1.0,LAND,4.747711,2.346344,1008.8675,1.3486575523024118e-08,42,2025-04-28,9,13.105740217042241
2025-04-08 06:00:00,55.99999999999996,-3.700000000000014,0,0001,1.0,LAND,4.874176,3.820465,1019.2488,9.838514669625325e-09,42,2025-04-28,19,12.556511754872908
2025-04-08 05:00:00,55.899999999999956,-3.600000000000014,0,0001,1.0,LAND,4.902008,3.9513245,1005.1475,1.0922375485537984e-08,42,2025-04-28,19,0.5736179329382576
2025-04-08 01:00:00,55.899999999999956,-4.2000000000000135,0,0001,1.0,LAND,6.5038147,5.0533752,1009.8225,3.0704881008134555e-08,42,2025-04-28,19,36.837829901370924
2025-04-08 03:00:00,55.899999999999956,-3.800000000000014,0,0001,1.0,LAND,5.4200745,4.381012,1005.47186,1.803633853381342e-08,42,2025-04-28,19,11.90182123169655
2025-04-08 03:00:00,55.899999999999956,-3.700000000000014,0,0001,1.0,LAND,5.4513245,4.332184,1005.1319,1.5795004415510177e-08,42,2025-04-28,19,5.668104777270863
2025-04-08 04:00:00,55.899999999999956,-3.700000000000014,0,0001,1.0,LAND,5.1385803,4.122711,1005.02185,1.4224639836396074e-08,42,2025-04-28,19,5.668104777270863
2025-04-08 04:00:00,55.899999999999956,-3.600000000000014,0,0001,1.0,LAND,5.1385803,4.1148987,1004.90186,1.2238022891372457e-08,42,2025-04-28,19,0.5736179329382576
2025-04-09 05:00:00,56.19999999999996,-3.5000000000000138,0,0001,1.0,LAND,3.625885,3.2777405,997.8094,9.984798691558261e-09,42,2025-04-28,18,34.12657492514402
2025-04-09 05:00:00,56.19999999999996,-3.4000000000000137,0,0001,1.0,LAND,3.8172913,3.4398499,1003.6394,9.75695213512128e-09,42,2025-04-28,18,35.879276388191904
2025-04-09 06:00:00,56.19999999999996,-3.5000000000000138,0,0001,1.0,LAND,3.7894592,3.3856506,997.8669,9.136302825397498e-09,42,2025-04-28,18,34.12657492514402
2025-04-01 02:00:00,56.19999999999996,-3.900000000000014,0,0001,1.0,LAND,7.275055,6.68338,1006.1188,1.6188295093312316e-08,42,2025-04-28,26,38.014247307590765
2025-04-01 03:00:00,56.19999999999996,-3.800000000000014,0,0001,1.0,LAND,6.2938538,5.967682,1000.97437,1.5602421965522558e-08,42,2025-04-28,26,35.486329239980265
2025-04-01 04:00:00,56.19999999999996,-3.700000000000014,0,0001,1.0,LAND,4.8121643,4.6211243,996.01935,1.4841151270891823e-08,42,2025-04-28,26,33.92051953936191
2025-04-01 05:00:00,56.19999999999996,-3.700000000000014,0,0001,1.0,LAND,3.315094,3.1959534,995.9556,1.3335908830940421e-08,42,2025-04-28,26,33.92051953936191
2025-04-01 05:00:00,56.19999999999996,-3.600000000000014,0,0001,1.0,LAND,3.1354065,2.9967346,993.33563,1.3904483009420095e-08,42,2025-04-28,26,33.452196861179
2025-04-01 06:00:00,56.09999999999996,-3.700000000000014,0,0001,1.0,LAND,3.7010803,3.533844,1014.055,1.3193497377939704e-08,42,2025-04-28,26,23.032384421397744
2025-04-07 13:00:00,55.899999999999956,-4.000000000000014,0,0001,1.0,LAND,13.826324,6.075836,1004.8631,9.215931101591246e-09,42,2025-04-28,20,24.369793450969443
2025-04-07 14:00:00,55.899999999999956,-3.900000000000014,0,0001,1.0,LAND,14.430328,6.271637,1005.40875,1.0986664226534473e-08,42,2025-04-28,20,18.13578284392781
2025-04-07 15:00:00,55.99999999999996,-3.900000000000014,0,0001,1.0,LAND,14.673492,6.5453186,1009.4487,1.242246683297311e-08,42,2025-04-28,20,21.299761643438725
2025-04-07 16:00:00,56.09999999999996,-3.900000000000014,0,0001,1.0,LAND,14.678864,6.598419,1012.46814,1.1286434083621263e-08,42,2025-04-28,20,28.735668411719747
2025-04-07 17:00:00,56.09999999999996,-3.900000000000014,0,0001,1.0,LAND,14.468414,6.4808655,1012.445,1.216880191982561e-08,42,2025-04-28,20,28.735668411719747
2025-04-07 18:00:00,56.09999999999996,-4.000000000000014,0,0001,1.0,LAND,13.719391,6.893341,1008.5519,1.3276776955618733e-08,42,2025-04-28,20,33.0053272147178
2025-04-07 18:00:00,55.99999999999996,-3.900000000000014,0,0001,1.0,LAND,13.828766,6.8367004,1009.52185,1.5218416304919676e-08,42,2025-04-28,20,21.299761643438725
2025-04-07 19:00:00,55.99999999999996,-3.900000000000014,0,0001,1.0,LAND,13.185211,6.1197815,1009.435,1.6150399462235197e-08,42,2025-04-28,20,21.299761643438725
2025-04-07 20:00:00,55.899999999999956,-3.800000000000014,0,0001,1.0,LAND,11.184723,5.9684143,1004.64435,1.8471486525526527e-08,42,2025-04-28,20,11.90182123169655
2025-04-07 20:00:00,55.899999999999956,-3.700000000000014,0,0001,1.0,LAND,10.747223,5.886383,1004.3544,1.663806570295721e-08,42,2025-04-28,20,5.668104777270863
2025-04-07 03:00:00,55.99999999999996,-3.600000000000014,0,0001,1.0,LAND,4.188141,3.1351624,1020.40186,1.5437882749933684e-08,42,2025-04-28,20,11.222727671591977
2025-04-07 03:00:00,55.99999999999996,-3.5000000000000138,0,0001,1.0,LAND,4.393219,3.1722717,1022.7519,1.437362606715311e-08,42,2025-04-28,20,13.105740217042241
2025-04-07 04:00:00,55.99999999999996,-3.600000000000014,0,0001,1.0,LAND,3.8282776,2.9188538,1020.1906,1.507039559811372e-08,42,2025-04-28,20,11.222727671591977
2025-04-07 05:00:00,55.99999999999996,-3.700000000000014,0,0001,1.0,LAND,3.11026,2.5072327,1018.27185,1.3715891311603655e-08,42,2025-04-28,20,12.556511754872908
2025-04-07 06:00:00,55.99999999999996,-3.800000000000014,0,0001,1.0,LAND,2.0821838,1.7079163,1014.63,1.2404917537621477e-08,42,2025-04-28,20,16.337364337344905
2025-04-07 08:00:00,55.99999999999996,-3.900000000000014,0,0001,1.0,LAND,5.386383,3.8919983,1010.54376,1.0835282893139061e-08,42,2025-04-28,20,21.299761643438725
2025-04-12 04:00:00,56.19999999999996,-4.100000000000014,0,0001,1.0,LAND,6.3038635,3.363922,992.19,2.7957441991098404e-08,42,2025-04-28,15,45.255548882848025
2025-04-12 04:00:00,56.19999999999996,-4.000000000000014,0,0001,1.0,LAND,5.950348,3.2779846,991.24,2.812405538084997e-08,42,2025-04-28,15,41.328096528376825
2025-04-12 04:00:00,56.09999999999996,-4.000000000000014,0,0001,1.0,LAND,5.5968323,3.6998596,992.81,3.226585221227875e-08,42,2025-04-28,15,33.0053272147178
2025-04-12 05:00:00,56.09999999999996,-3.900000000000014,0,0001,1.0,LAND,5.1688538,3.8021545,996.0119,3.0500134677130676e-08,42,2025-04-28,15,28.735668411719747
2025-04-12 06:00:00,56.09999999999996,-3.800000000000014,0,0001,1.0,LAND,4.8387756,3.365631,994.29376,2.870474968830363e-08,42,2025-04-28,15,25.287379162812414
2025-04-18 03:00:00,56.0,-3.25,0,0001,1.0,MARINE,4.8172913,1.8866272,998.3137,1.1263550425688433e-08,42,2025-04-28,9,25.00935510598135
2025-04-18 03:00:00,56.0,-3.75,0,0001,1.0,MARINE,2.6669006,1.851471,998.02374,1.3570102042059475e-08,42,2025-04-28,9,14.233652081467797
2025-04-18 01:00:00,56.0,-3.75,0,0001,1.0,MARINE,3.8241272,1.855133,998.41125,1.5615106430110958e-08,42,2025-04-28,9,14.233652081467797
2025-04-18 01:00:00,56.0,-4.0,0,0001,1.0,MARINE,3.837799,1.8258362,995.59125,1.400389008458305e-08,42,2025-04-28,9,26.795087508917426
2025-04-18 00:00:00,56.0,-4.0,0,0001,1.0,MARINE,4.815094,2.183258,995.6887,1.4892187039094746e-08,42,2025-04-28,10,26.795087508917426
2025-04-17 23:00:00,56.0,-4.25,0,0001,1.0,MARINE,5.2897034,2.0655823,993.29,1.2673802396445497e-08,42,2025-04-28,10,41.447476157383974
2025-04-18 04:00:00,56.0,-3.0,0,0001,1.0,MARINE,5.5072327,3.1039124,999.91626,9.161083299365553e-09,42,2025-04-28,9,39.54381329926452
2025-04-18 04:00:00,56.0,-3.25,0,0001,1.0,MARINE,4.671295,1.8304749,998.45624,1.0554797628496093e-08,42,2025-04-28,9,25.00935510598135
2025-04-07 19:00:00,56.0,-3.75,0,0001,1.0,MARINE,13.221344,4.4898987,1010.8694,1.5461815605633147e-08,42,2025-04-28,20,14.233652081467797
2025-04-07 22:00:00,55.75,-3.5,0,0001,1.0,MARINE,6.9356995,3.21109,994.4125,1.5128185361830983e-08,42,2025-04-28,20,17.935066322322434
2025-04-07 19:00:00,56.0,-4.0,0,0001,1.0,MARINE,12.779938,4.851227,1008.0694,1.6609455366634604e-08,42,2025-04-28,20,26.795087508917426
2025-04-07 15:00:00,56.0,-3.5,0,0001,1.0,MARINE,15.632721,5.1786194,1011.84625,1.2632802359746408e-08,42,2025-04-28,20,13.105740217046739
2025-04-07 13:00:00,56.0,-3.75,0,0001,1.0,MARINE,15.084869,5.834381,1011.0112,1.1533266119911606e-08,42,2025-04-28,20,14.233652081467797
2025-04-07 12:00:00,56.0,-3.75,0,0001,1.0,MARINE,14.047272,5.82901,1011.59686,1.0878507872291348e-08,42,2025-04-28,20,14.233652081467797
2025-04-07 16:00:00,56.0,-3.5,0,0001,1.0,MARINE,15.473541,5.313141,1011.64624,1.2958102738972668e-08,42,2025-04-28,20,13.105740217046739
2025-04-07 18:00:00,56.0,-3.75,0,0001,1.0,MARINE,14.536041,6.030182,1010.3025,1.4807057358012891e-08,42,2025-04-28,20,14.233652081467797
2025-04-07 18:00:00,56.0,-4.0,0,0001,1.0,MARINE,14.748932,6.3817444,1007.5125,1.5492655602856057e-08,42,2025-04-28,20,26.795087508917426
2025-04-07 16:00:00,56.0,-3.75,0,0001,1.0,MARINE,15.996979,5.346344,1010.26624,1.3497540862772378e-08,42,2025-04-28,20,14.233652081467797
2025-04-07 17:00:00,56.0,-3.75,0,0001,1.0,MARINE,15.648346,5.332428,1010.2919,1.4152299110392632e-08,42,2025-04-28,20,14.233652081467797
2025-04-07 06:00:00,56.0,-4.0,0,0001,1.0,MARINE,0.43618774,-0.20101929,1008.8831,1.0474413780769779e-08,42,2025-04-28,20,26.795087508917426
2025-04-07 05:00:00,56.0,-3.75,0,0001,1.0,MARINE,1.921051,1.0011292,1011.5444,1.322238274425973e-08,42,2025-04-28,20,14.233652081467797
2025-04-07 05:00:00,56.0,-4.0,0,0001,1.0,MARINE,0.6944885,-0.03012085,1008.71436,1.0754839907533939e-08,42,2025-04-28,20,26.795087508917426
2025-04-07 04:00:00,56.0,-3.5,0,0001,1.0,MARINE,2.5802307,1.1271057,1012.58435,1.4071767751033468e-08,42,2025-04-28,20,13.105740217046739
2025-04-07 04:00:00,56.0,-3.75,0,0001,1.0,MARINE,2.1114807,1.1544495,1011.2544,1.3557222011683792e-08,42,2025-04-28,20,14.233652081467797
2025-04-07 03:00:00,56.0,-3.75,0,0001,1.0,MARINE,2.7164612,1.6366272,1011.48065,1.3892061279107844e-08,42,2025-04-28,20,14.233652081467797
2025-04-07 02:00:00,56.0,-3.5,0,0001,1.0,MARINE,3.3460999,1.5057678,1012.7681,1.4675484383274922e-08,42,2025-04-28,20,13.105740217046739
2025-04-07 11:00:00,56.0,-3.75,0,0001,1.0,MARINE,12.842682,5.938629,1011.6881,1.1213347139715404e-08,42,2025-04-28,20,14.233652081467797
2025-04-07 10:00:00,56.0,-3.25,0,0001,1.0,MARINE,10.695953,5.186432,1011.9369,1.0748480772093402e-08,42,2025-04-28,20,25.00935510598135
2025-04-07 08:00:00,56.0,-4.0,0,0001,1.0,MARINE,4.5987854,3.2616272,1009.09,9.913561527241453e-09,42,2025-04-28,20,26.795087508917426
2025-04-07 07:00:00,56.0,-3.75,0,0001,1.0,MARINE,2.1940002,1.4017639,1011.87,1.2552704209411623e-08,42,2025-04-28,20,14.233652081467797
2025-04-07 07:00:00,56.0,-4.0,0,0001,1.0,MARINE,1.861969,0.97402954,1009.05,1.0193987654005614e-08,42,2025-04-28,20,26.795087508917426
2025-04-11 23:00:00,56.0,-4.25,0,0001,1.0,MARINE,7.6752014,2.7025452,994.90936,4.126920879106866e-08,42,2025-04-28,16,41.447476157383974
2025-04-10 00:00:00,56.0,-4.25,0,0001,1.0,MARINE,4.0697327,1.8985901,1013.0375,2.2731763138494574e-08,42,2025-04-28,18,41.447476157383974
2025-01-22 05:00:00,52.299999999999905,-1.500000000000012,0,0001,1.0,LAND,2.2337952,1.7954407,996.1925,1.5334011736293296e-08,43,2025-04-22,89,49.2445125616961
2025-01-22 05:00:00,52.299999999999905,-1.600000000000012,0,0001,1.0,LAND,2.2591858,1.7895813,996.5325,1.5254558357232087e-08,43,2025-04-22,89,42.592107747370264
2025-01-22 03:00:00,52.0999999999999,-2.500000000000013,0,0001,1.0,LAND,1.7752991,1.4344788,990.84314,1.2866529119914829e-08,43,2025-04-22,89,23.46623460746628
2025-01-22 04:00:00,52.0,-2.5,0,0001,1.0,MARINE,1.9425354,1.6715393,995.96436,1.3340425949100676e-08,43,2025-04-22,89,30.891838223008673
2025-01-22 04:00:00,52.0,-2.75,0,0001,1.0,MARINE,1.4581604,1.3629456,990.64435,1.3485448461618003e-08,43,2025-04-22,89,43.85940547586054
2025-01-22 03:00:00,52.0,-2.75,0,0001,1.0,MARINE,1.9542542,1.8148499,991.26624,1.3145661004188049e-08,43,2025-04-22,89,43.85940547586054
2025-01-22 05:00:00,52.0,-2.25,0,0001,1.0,MARINE,2.1998596,1.8570862,995.9412,1.4022177641237453e-08,43,2025-04-22,89,23.832535938514706
2025-01-22 06:00:00,52.25,-1.5,0,0001,1.0,MARINE,1.6578674,1.2479553,992.38873,1.5719927831669895e-08,43,2025-04-22,89,48.48541548610172
2025-01-22 05:00:00,52.0,-2.5,0,0001,1.0,MARINE,1.9147034,1.636383,995.65125,1.3800989388338815e-08,43,2025-04-22,89,30.891838223008673
2025-01-22 01:00:00,52.0,-2.75,0,0001,1.0,MARINE,1.8851624,1.6805725,992.3569,1.2466086089328147e-08,43,2025-04-22,89,43.85940547586054
2025-02-01 02:00:00,52.1999999999999,-2.500000000000013,0,0001,1.0,LAND,2.5160217,2.414215,1010.9844,2.7673384731900142e-08,43,2025-04-22,79,19.85719271136282
2025-02-01 02:00:00,52.1999999999999,-2.600000000000013,0,0001,1.0,LAND,1.9964905,1.8282776,1013.8144,2.7762552183101476e-08,43,2025-04-22,79,26.65820272382144
2025-02-01 00:00:00,52.49999999999991,-2.500000000000013,0,0001,1.0,LAND,3.9879456,3.1742249,1007.7606,2.866248416388882e-08,43,2025-04-22,80,37.53601652756253
2025-02-01 01:00:00,52.25,-2.5,0,0001,1.0,MARINE,3.8631897,2.8885803,1015.2531,2.848938722432854e-08,43,2025-04-22,79,20.22033900405703
2025-03-20 02:00:00,51.9999999999999,-2.800000000000013,0,0001,1.0,LAND,8.055084,4.9007874,1006.1525,2.2963416205593437e-08,43,2025-04-22,32,46.77048236425561
2025-03-04 03:00:00,51.7999999999999,-2.400000000000013,0,0001,1.0,LAND,1.6781311,1.2472229,1019.03687,1.8170995291780082e-08,43,2025-04-22,48,47.72789604650218
2025-03-01 09:00:00,51.7999999999999,-2.3000000000000127,0,0001,1.0,LAND,3.0011292,1.7394104,1027.0537,1.3123024888984107e-08,43,2025-04-22,51,46.32667252689121
2025-03-01 08:00:00,51.7999999999999,-2.400000000000013,0,0001,1.0,LAND,1.2235413,0.8548889,1026.1425,1.4180123741881382e-08,43,2025-04-22,51,47.72789604650218
2025-03-01 07:00:00,51.8999999999999,-2.400000000000013,0,0001,1.0,LAND,0.9393616,0.6502991,1026.455,1.422486339830549e-08,43,2025-04-22,51,37.15159459185877
2025-03-01 01:00:00,51.8999999999999,-2.600000000000013,0,0001,1.0,LAND,3.6722717,0.44961548,1015.6475,1.750968752397375e-08,43,2025-04-22,51,43.860197822344695
2025-03-02 07:00:00,51.8999999999999,-2.500000000000013,0,0001,1.0,LAND,0.4840393,-1.2515564,1023.71686,1.0676945332486264e-08,43,2025-04-22,50,40.06535422040327
2025-03-02 06:00:00,52.399999999999906,-2.2000000000000126,0,0001,1.0,LAND,-0.3650818,-1.8243103,1023.3075,1.7545582708942893e-08,43,2025-04-22,50,20.817392481340942
2025-03-02 05:00:00,52.0999999999999,-1.8000000000000123,0,0001,1.0,LAND,0.030181885,-1.2632751,1025.195,1.721057951940213e-08,43,2025-04-22,50,30.61614092284551
2025-03-02 05:00:00,52.1999999999999,-1.7000000000000122,0,0001,1.0,LAND,0.15908813,-1.1011658,1028.085,1.793086531337429e-08,43,2025-04-22,50,34.73770062991559
2025-03-02 03:00:00,51.7999999999999,-2.3000000000000127,0,0001,1.0,LAND,1.611969,-0.83895874,1027.8956,1.8155543041188268e-08,43,2025-04-22,50,46.32667252689121
2025-03-02 03:00:00,51.8999999999999,-2.2000000000000126,0,0001,1.0,LAND,1.3541565,-1.0186462,1027.4357,1.811130720397186e-08,43,2025-04-22,50,34.79565203807204
2025-03-02 02:00:00,51.7999999999999,-2.2000000000000126,0,0001,1.0,LAND,1.9073792,-0.9307556,1021.9506,1.977868045270168e-08,43,2025-04-22,50,45.913732315920676
2025-03-02 05:00:00,51.9999999999999,-1.9000000000000123,0,0001,1.0,LAND,-0.08114624,-1.5757751,1018.965,1.6540805961028603e-08,43,2025-04-22,50,31.72756520444892
2025-03-01 07:00:00,52.0,-2.5,0,0001,1.0,MARINE,0.088531494,-1.5328064,1023.4263,1.2845427962056991e-08,43,2025-04-22,51,30.891838223008673
2025-03-01 06:00:00,52.0,-2.5,0,0001,1.0,MARINE,0.08023071,-1.3675232,1022.77185,1.3523618114242002e-08,43,2025-04-22,51,30.891838223008673
2025-03-01 02:00:00,52.0,-2.5,0,0001,1.0,MARINE,1.660553,-0.839447,1021.29376,1.623637872298205e-08,43,2025-04-22,51,30.891838223008673
2025-03-01 01:00:00,52.0,-2.5,0,0001,1.0,MARINE,2.0397034,-0.72958374,1021.2631,1.6914568875167055e-08,43,2025-04-22,51,30.891838223008673
2025-03-01 01:00:00,52.0,-2.75,0,0001,1.0,MARINE,2.2467346,-1.561615,1015.8631,1.4361696563473783e-08,43,2025-04-22,51,43.85940547586054
2025-03-01 00:00:00,52.0,-2.75,0,0001,1.0,MARINE,2.6666565,-1.2576599,1015.5037,1.4819563465274158e-08,43,2025-04-22,52,43.85940547586054
2025-03-02 07:00:00,52.0,-2.5,0,0001,1.0,MARINE,-1.4493103,-3.0384216,1025.2875,9.419167427508616e-09,43,2025-04-22,50,30.891838223008673
2025-03-02 06:00:00,52.0,-2.25,0,0001,1.0,MARINE,-1.3213806,-2.5625916,1025.7382,1.283722310396757e-08,43,2025-04-22,50,23.832535938514706
2025-04-10 08:00:00,52.59999999999991,-2.2000000000000126,0,0001,1.0,LAND,6.156891,3.0550842,1018.8669,1.2017026410996423e-08,43,2025-04-22,11,43.05134185073448
2025-04-10 08:00:00,52.59999999999991,-2.3000000000000127,0,0001,1.0,LAND,5.9986877,3.1507874,1019.33685,1.2414412423981048e-08,43,2025-04-22,11,43.4836548308391
2025-04-10 18:00:00,52.1999999999999,-2.600000000000013,0,0001,1.0,LAND,14.457184,6.6581116,1013.2019,1.6167335914474034e-08,43,2025-04-22,11,26.65820272382144
2025-04-10 08:00:00,52.49999999999991,-2.500000000000013,0,0001,1.0,LAND,5.641266,3.209381,1012.1269,1.273087502084939e-08,43,2025-04-22,11,37.53601652756253
2025-04-10 19:00:00,52.25,-2.5,0,0001,1.0,MARINE,14.251373,5.443756,1013.67065,1.725585715983687e-08,43,2025-04-22,11,20.22033900405703
2025-03-23 02:00:00,52.0999999999999,-0.2000000000000117,0,0001,1.0,LAND,7.1263733,7.002838,993.5569,1.2718658422746831e-08,44,2025-04-22,29,32.80829212313373
2025-03-23 01:00:00,51.9999999999999,-0.8000000000000116,0,0001,1.0,LAND,7.2049866,7.1058655,988.9275,1.4950584696176938e-08,44,2025-04-22,29,41.70717215849527
2025-03-20 00:00:00,51.599999999999895,0.29999999999998833,0,0001,1.0,LAND,8.091705,4.8717346,1016.58374,3.07313925418354e-08,44,2025-04-22,33,46.04173253041761
2025-03-19 23:00:00,51.49999999999989,-1.1685097334179773e-14,0,0001,1.0,LAND,8.658356,4.8231506,1017.97687,3.570576854553209e-08,44,2025-04-22,33,39.29454352914277
2025-03-19 23:00:00,51.599999999999895,0.09999999999998832,0,0001,1.0,LAND,8.761871,4.9012756,1017.78687,3.68900635409384e-08,44,2025-04-22,33,34.840390562322305
2025-03-19 23:00:00,51.599999999999895,-1.1685097334179773e-14,0,0001,1.0,LAND,8.797028,4.8485413,1017.8769,4.071277344881496e-08,44,2025-04-22,33,30.055139174118143
2025-03-19 23:00:00,51.599999999999895,-0.2000000000000117,0,0001,1.0,LAND,8.707184,4.612213,1015.0069,3.965250305881145e-08,44,2025-04-22,33,23.814636863878366
2025-03-26 09:00:00,51.599999999999895,-0.8000000000000116,0,0001,1.0,LAND,9.396149,6.7778625,1012.1694,1.5835928568465004e-08,44,2025-04-22,26,42.870587811898254
2025-03-26 08:00:00,51.7999999999999,-0.7000000000000116,0,0001,1.0,LAND,8.022858,6.1769104,1009.37,1.5062645353225795e-08,44,2025-04-22,26,29.101342231114664
2025-03-26 08:00:00,51.8999999999999,-0.7000000000000116,0,0001,1.0,LAND,8.102936,6.37027,1012.26,1.4803215098169523e-08,44,2025-04-22,26,30.77210708656003
2025-03-26 07:00:00,51.9999999999999,-0.5000000000000117,0,0001,1.0,LAND,7.8138733,7.335846,1015.53687,1.4899040223781629e-08,44,2025-04-22,26,26.194227806259523
2025-03-26 06:00:00,51.9999999999999,-0.3000000000000117,0,0001,1.0,LAND,7.7845764,7.561676,1015.11127,1.3685750366311049e-08,44,2025-04-22,26,21.320324985536615
2025-03-26 05:00:00,52.0999999999999,-0.2000000000000117,0,0001,1.0,LAND,8.133453,7.802643,1018.53687,1.2042395358680843e-08,44,2025-04-22,26,32.80829212313373
2025-03-26 04:00:00,52.1999999999999,-0.2000000000000117,0,0001,1.0,LAND,8.365387,7.8104553,1019.1944,1.2228993299483463e-08,44,2025-04-22,26,43.81885421428103
2025-03-26 04:00:00,52.1999999999999,-0.3000000000000117,0,0001,1.0,LAND,8.408356,7.869049,1019.2944,1.4080355733211843e-08,44,2025-04-22,26,43.52929473684259
2025-03-03 15:00:00,51.9999999999999,-1.1685097334179773e-14,0,0001,1.0,LAND,10.205841,3.3316956,1017.1069,9.803980682846365e-09,44,2025-04-22,49,28.516088915469886
2025-03-03 15:00:00,51.9999999999999,-0.10000000000001169,0,0001,1.0,LAND,10.250763,3.4664612,1017.1669,9.712514292828302e-09,44,2025-04-22,49,24.484675924144785
2025-03-03 14:00:00,51.7999999999999,0.29999999999998833,0,0001,1.0,LAND,9.334991,2.6105042,1019.09125,1.269995177078083e-08,44,2025-04-22,49,39.684131241355445
2025-03-03 15:00:00,51.8999999999999,-0.2000000000000117,0,0001,1.0,LAND,10.03006,3.2945862,1015.1269,1.134897370525183e-08,44,2025-04-22,49,11.437948190346889
2025-03-02 21:00:00,51.49999999999989,-0.8000000000000116,0,0001,1.0,LAND,4.231842,-0.83969116,1023.6119,3.5479620796861626e-08,44,2025-04-22,50,49.80658684719161
2025-03-03 15:00:00,51.8999999999999,-0.10000000000001169,0,0001,1.0,LAND,10.026154,3.150055,1016.15686,1.1835365389126107e-08,44,2025-04-22,49,15.831311996752975
2025-03-03 16:00:00,51.9999999999999,-0.10000000000001169,0,0001,1.0,LAND,10.070831,3.3349915,1016.9275,1.1937936417186408e-08,44,2025-04-22,49,24.484675924144785
2025-03-03 15:00:00,51.8999999999999,-1.1685097334179773e-14,0,0001,1.0,LAND,10.008575,2.9820862,1016.78687,1.2321757073000388e-08,44,2025-04-22,49,21.558643192377907
2025-03-03 16:00:00,51.8999999999999,-0.10000000000001169,0,0001,1.0,LAND,9.809113,3.030304,1015.9475,1.4269015728247652e-08,44,2025-04-22,49,15.831311996752975
2025-03-03 16:00:00,51.8999999999999,-0.2000000000000117,0,0001,1.0,LAND,9.824738,3.1670227,1014.9175,1.3752186204624636e-08,44,2025-04-22,49,11.437948190346889
2025-03-03 16:00:00,51.8999999999999,-0.3000000000000117,0,0001,1.0,LAND,9.850128,3.2588196,1013.8575,1.3235356681001619e-08,44,2025-04-22,49,10.264695797308274
2025-03-01 11:00:00,52.0999999999999,-0.8000000000000116,0,0001,1.0,LAND,5.8179016,2.689972,1024.0962,1.1373521568990815e-08,44,2025-04-22,51,48.30214755630486
2025-03-02 17:00:00,51.599999999999895,0.09999999999998832,0,0001,1.0,LAND,6.7862854,1.5676575,1028.9806,2.786483740043291e-08,44,2025-04-22,50,34.840390562322305
2025-03-02 17:00:00,51.599999999999895,-1.1685097334179773e-14,0,0001,1.0,LAND,6.8937073,1.2453918,1029.0707,2.9328722931745015e-08,44,2025-04-22,50,30.055139174118143
2025-03-02 15:00:00,51.599999999999895,0.19999999999998833,0,0001,1.0,LAND,7.3420715,2.0786438,1029.2294,2.1159890506439084e-08,44,2025-04-22,50,40.24130940586893
2025-03-26 04:00:00,52.0,-0.25,0,0001,1.0,MARINE,6.322174,5.973297,1014.81,1.3857989478172377e-08,44,2025-04-22,26,21.342278757849265
2025-03-26 05:00:00,52.25,-0.25,0,0001,1.0,MARINE,6.5504456,5.9093323,1020.3738,1.2471534083236177e-08,44,2025-04-22,26,49.09527041496754
2025-03-26 03:00:00,52.25,-0.25,0,0001,1.0,MARINE,7.3143616,6.4320374,1020.1356,1.3486157468545418e-08,44,2025-04-22,26,49.09527041496754
2025-03-26 03:00:00,52.0,-0.25,0,0001,1.0,MARINE,7.4530334,6.81485,1014.7356,1.4415438218118615e-08,44,2025-04-22,26,21.342278757849265
2025-03-26 06:00:00,52.25,-0.25,0,0001,1.0,MARINE,6.997223,6.2743225,1020.745,1.1964222390581561e-08,44,2025-04-22,26,49.09527041496754
2025-03-26 08:00:00,51.75,-0.5,0,0001,1.0,MARINE,8.561432,7.879547,1014.11,1.4964142591722473e-08,44,2025-04-22,26,16.676609113502472
2025-03-26 08:00:00,52.0,-0.5,0,0001,1.0,MARINE,8.332916,7.8580627,1015.26,1.4451194019216078e-08,44,2025-04-22,26,26.19422780626802
2025-03-03 14:00:00,51.75,0.25,0,0001,1.0,MARINE,10.594391,1.7086487,1021.2463,1.3629975520342139e-08,44,2025-04-22,49,36.83896084068729
2025-03-03 14:00:00,51.75,0.0,0,0001,1.0,MARINE,11.069,1.2555237,1019.85626,1.3225528815627115e-08,44,2025-04-22,49,20.145646143282445
2025-03-03 15:00:00,51.75,-0.25,0,0001,1.0,MARINE,11.488434,1.3829651,1017.47186,1.3401472596583468e-08,44,2025-04-22,49,6.795518248862307
2025-03-03 15:00:00,51.75,0.0,0,0001,1.0,MARINE,11.373199,1.224762,1019.2619,1.609842165822895e-08,44,2025-04-22,49,20.145646143282445
2025-03-03 17:00:00,52.0,-0.75,0,0001,1.0,MARINE,11.839508,0.4347229,1015.9506,1.1401262064077816e-08,44,2025-04-22,49,38.79560195135744
2025-03-03 16:00:00,51.75,-0.25,0,0001,1.0,MARINE,11.3385315,1.0860901,1017.1844,1.5957114985846952e-08,44,2025-04-22,49,6.795518248862307
2025-03-03 16:00:00,51.75,-0.5,0,0001,1.0,MARINE,11.424469,1.3517151,1015.9944,1.3392482659894717e-08,44,2025-04-22,49,16.676609113502472
2025-03-03 16:00:00,52.0,0.0,0,0001,1.0,MARINE,11.7135315,1.834137,1019.1744,1.1995532419225994e-08,44,2025-04-22,49,28.516088915478647
2025-03-02 02:00:00,51.5,-0.25,0,0001,1.0,MARINE,0.084625244,-0.44979858,1027.4337,2.72360877554918e-08,44,2025-04-22,50,34.386104667402975
2025-03-02 07:00:00,51.75,0.25,0,0001,1.0,MARINE,-1.5528259,-2.2278748,1028.4775,1.8507087166305704e-08,44,2025-04-22,50,36.83896084068729
2025-03-02 22:00:00,51.5,-0.75,0,0001,1.0,MARINE,3.7303772,-0.4666443,1021.6231,3.9913302829485745e-08,44,2025-04-22,50,47.36767691664186
2025-03-02 20:00:00,51.5,-0.75,0,0001,1.0,MARINE,5.058502,0.01675415,1021.45685,3.3212701922024826e-08,44,2025-04-22,50,47.36767691664186
2025-03-02 02:00:00,51.5,-0.75,0,0001,1.0,MARINE,0.31704712,-0.89901733,1025.7137,2.8410927851070226e-08,44,2025-04-22,50,47.36767691664186
2025-03-02 02:00:00,51.5,0.0,0,0001,1.0,MARINE,0.23501587,-0.32089233,1029.2438,2.5254291546871578e-08,44,2025-04-22,50,39.2945435291328
2025-03-04 04:00:00,51.5,0.0,0,0001,1.0,MARINE,-0.75912476,-1.7779236,1020.4625,3.830098282975311e-08,44,2025-04-22,48,39.2945435291328
2025-03-04 04:00:00,51.5,-0.25,0,0001,1.0,MARINE,-0.059906006,-1.6548767,1018.6025,3.089731441067539e-08,44,2025-04-22,48,34.386104667402975
2025-04-15 12:00:00,51.699999999999896,0.39999999999998836,0,0001,1.0,LAND,13.488922,8.511627,986.53876,1.8185629002687585e-08,44,2025-04-22,6,48.14380854681609
2025-04-15 14:00:00,52.0999999999999,0.19999999999998833,0,0001,1.0,LAND,14.206451,8.075836,988.5469,1.4672902966712842e-08,44,2025-04-22,6,46.010727087597076
2025-04-15 15:00:00,52.0999999999999,0.19999999999998833,0,0001,1.0,LAND,14.441559,7.9388733,988.5588,1.3532061360343643e-08,44,2025-04-22,6,46.010727087597076
2025-04-15 12:00:00,51.699999999999896,0.29999999999998833,0,0001,1.0,LAND,13.498688,8.398346,985.8187,1.785599068604466e-08,44,2025-04-22,6,41.517396161690385
2025-04-15 11:00:00,51.599999999999895,0.29999999999998833,0,0001,1.0,LAND,12.799469,8.559723,990.695,1.8103396670632043e-08,44,2025-04-22,6,46.04173253041761
2025-04-10 18:00:00,51.599999999999895,0.29999999999998833,0,0001,1.0,LAND,12.125153,6.257721,1023.3819,1.5254992657975667e-08,44,2025-04-22,11,46.04173253041761
2025-04-10 19:00:00,51.699999999999896,-0.6000000000000116,0,0001,1.0,LAND,13.022369,4.751129,1012.6406,2.210267423715665e-08,44,2025-04-22,11,25.311523855298425
2025-04-10 20:00:00,51.599999999999895,-0.9000000000000116,0,0001,1.0,LAND,12.06485,5.0594788,1013.005,2.344524955658971e-08,44,2025-04-22,11,48.80644847069956
2025-04-10 20:00:00,51.599999999999895,-0.8000000000000116,0,0001,1.0,LAND,12.092194,4.9950256,1013.725,2.5525073906369715e-08,44,2025-04-22,11,42.870587811898254
2025-04-17 05:00:00,51.5,-0.25,0,0001,1.0,MARINE,4.268463,3.3102112,1003.5825,9.025905106652149e-09,44,2025-04-22,4,34.386104667402975
2025-04-10 14:00:00,52.0,0.0,0,0001,1.0,MARINE,13.537018,4.92984,1021.6262,9.326739158766172e-09,44,2025-04-22,11,28.516088915478647
2025-04-10 16:00:00,51.75,-0.5,0,0001,1.0,MARINE,14.940094,4.644928,1017.0544,1.5376130405957222e-08,44,2025-04-22,11,16.676609113502472
2025-04-10 16:00:00,52.0,0.0,0,0001,1.0,MARINE,14.715485,4.8597717,1020.27435,1.1939525812465834e-08,44,2025-04-22,11,28.516088915478647
2025-04-10 16:00:00,52.0,-0.25,0,0001,1.0,MARINE,14.908844,4.7191467,1018.7444,1.1293072551174055e-08,44,2025-04-22,11,21.342278757849265
2025-04-10 16:00:00,52.0,-0.5,0,0001,1.0,MARINE,15.049469,4.7777405,1018.2444,1.0519294176466623e-08,44,2025-04-22,11,26.19422780626802
2025-04-10 16:00:00,51.75,-0.25,0,0001,1.0,MARINE,14.709625,4.8597717,1018.21436,1.5565866891739252e-08,44,2025-04-22,11,6.795518248862307
2025-04-10 15:00:00,52.0,-0.25,0,0001,1.0,MARINE,14.37442,4.669098,1019.2944,1.0030523411864006e-08,44,2025-04-22,11,21.342278757849265
2025-04-10 15:00:00,52.0,-0.5,0,0001,1.0,MARINE,14.528717,4.766754,1018.78436,9.357470909244096e-09,44,2025-04-22,11,26.19422780626802
2025-04-10 15:00:00,52.0,0.0,0,0001,1.0,MARINE,14.196686,4.796051,1020.8244,1.0633132485616003e-08,44,2025-04-22,11,28.516088915478647
2025-04-10 16:00:00,51.75,0.0,0,0001,1.0,MARINE,14.4635315,5.0609436,1020.0044,1.5102114706937094e-08,44,2025-04-22,11,20.145646143282445
2025-04-10 16:00:00,51.75,0.25,0,0001,1.0,MARINE,14.10025,5.392975,1021.3844,1.1980922212662463e-08,44,2025-04-22,11,36.83896084068729
2025-04-10 19:00:00,51.5,-0.75,0,0001,1.0,MARINE,13.403717,4.7132874,1017.42065,2.3580500626193092e-08,44,2025-04-22,11,47.36767691664186
2025-04-10 19:00:00,51.75,-0.5,0,0001,1.0,MARINE,13.784576,4.1566467,1016.0106,2.1403868200968816e-08,44,2025-04-22,11,16.676609113502472
2025-04-10 18:00:00,51.75,0.0,0,0001,1.0,MARINE,13.688629,5.066559,1019.02686,1.8513123173358668e-08,44,2025-04-22,11,20.145646143282445
2025-04-10 18:00:00,51.75,-0.25,0,0001,1.0,MARINE,13.991364,4.8087463,1017.2569,1.9475046353357303e-08,44,2025-04-22,11,6.795518248862307
2025-04-10 17:00:00,51.75,0.25,0,0001,1.0,MARINE,13.9711,5.304352,1020.9294,1.3269784484779384e-08,44,2025-04-22,11,36.83896084068729
2025-04-10 17:00:00,51.75,0.0,0,0001,1.0,MARINE,14.3246155,4.935211,1019.5594,1.6807618940147883e-08,44,2025-04-22,11,20.145646143282445
2025-03-17 06:00:00,56.99999999999997,-2.700000000000013,0,0001,1.0,LAND,1.3097229,-0.88949585,996.1275,9.897509034573151e-09,46,2025-04-13,26,32.74841385422791
2025-03-17 06:00:00,57.09999999999997,-2.600000000000013,0,0001,1.0,LAND,1.8702698,-0.953949,1010.7575,1.0071662615018803e-08,46,2025-04-13,26,45.326945202213324
2025-03-17 05:00:00,57.09999999999997,-2.600000000000013,0,0001,1.0,LAND,1.8841858,-0.88119507,1010.48126,1.0421481381565412e-08,46,2025-04-13,26,45.326945202213324
2025-03-09 04:00:00,56.89999999999997,-2.400000000000013,0,0001,1.0,LAND,6.46109,2.5419006,989.3738,2.032174428734414e-08,46,2025-04-13,34,35.71950782737295
2025-03-09 03:00:00,56.89999999999997,-2.400000000000013,0,0001,1.0,LAND,6.561676,2.7626038,989.77185,2.015570466085169e-08,46,2025-04-13,34,35.71950782737295
2025-03-09 05:00:00,56.89999999999997,-2.400000000000013,0,0001,1.0,LAND,6.280426,2.3507385,989.1625,2.0487783913836584e-08,46,2025-04-13,34,35.71950782737295
2025-03-09 06:00:00,56.89999999999997,-2.400000000000013,0,0001,1.0,LAND,6.0677795,2.1036682,989.03876,2.0653823540329034e-08,46,2025-04-13,34,35.71950782737295
2025-03-09 19:00:00,56.99999999999997,-3.3000000000000136,0,0001,1.0,LAND,7.896515,2.6174622,946.54126,1.4746499151415218e-08,46,2025-04-13,34,39.392683695310076
2025-03-09 19:00:00,56.99999999999997,-3.4000000000000137,0,0001,1.0,LAND,7.6582336,2.1799622,939.95123,1.4276126244124494e-08,46,2025-04-13,34,43.47759069676965
2025-03-09 09:00:00,56.89999999999997,-2.400000000000013,0,0001,1.0,LAND,6.396637,4.4579163,989.7925,2.1151942419806374e-08,46,2025-04-13,34,35.71950782737295
2025-03-09 21:00:00,56.75,-2.25,0,0001,1.0,MARINE,6.4759827,5.8458557,1003.4369,2.0404343811786155e-08,46,2025-04-13,34,39.247518064498124
2025-03-09 20:00:00,56.75,-2.5,0,0001,1.0,MARINE,6.998932,5.7186584,993.5019,1.851367966339735e-08,46,2025-04-13,34,24.064203921437617
2025-03-09 19:00:00,56.75,-2.75,0,0001,1.0,MARINE,8.03067,5.4205627,985.3844,1.661228749468461e-08,46,2025-04-13,34,9.095936426793154
2025-03-09 19:00:00,56.75,-3.0,0,0001,1.0,MARINE,8.360748,4.3190002,969.8144,1.5535992696028938e-08,46,2025-04-13,34,7.164127903594149
2025-03-09 19:00:00,57.0,-3.25,0,0001,1.0,MARINE,7.6302795,2.721344,944.9444,1.4981685605060668e-08,46,2025-04-13,34,37.553094374127966
2025-03-08 23:00:00,56.75,-2.75,0,0001,1.0,MARINE,6.084137,4.532135,989.65125,2.3744945637042204e-08,46,2025-04-13,35,9.095936426793154
2025-03-08 22:00:00,56.75,-2.75,0,0001,1.0,MARINE,6.4388733,5.264801,989.6163,2.3229456446357034e-08,46,2025-04-13,35,9.095936426793154
2025-04-08 08:00:00,56.89999999999997,-2.400000000000013,0,0001,1.0,LAND,6.577667,4.5681458,1009.2519,9.163646360240265e-09,46,2025-04-13,4,35.71950782737295
2025-04-07 23:00:00,56.79999999999997,-2.800000000000013,0,0001,1.0,LAND,5.3434143,4.2342834,1004.4437,1.176502351096749e-08,46,2025-04-13,5,10.064077032821762
2025-04-07 23:00:00,56.79999999999997,-2.700000000000013,0,0001,1.0,LAND,5.5836487,4.2967834,1012.8738,1.1455200528883122e-08,46,2025-04-13,5,14.376981613972776
2025-04-07 23:00:00,56.79999999999997,-2.600000000000013,0,0001,1.0,LAND,5.839508,4.4881897,1017.48376,1.1145377546798626e-08,46,2025-04-13,5,19.657075801996474
2025-04-11 21:00:00,57.09999999999997,-2.700000000000013,0,0001,1.0,LAND,10.327789,4.848297,991.1238,9.66343619360216e-09,46,2025-04-13,1,43.31590987902867
2025-04-11 22:00:00,57.09999999999997,-2.700000000000013,0,0001,1.0,LAND,9.214264,4.6523743,990.6044,1.0525812612719875e-08,46,2025-04-13,1,43.31590987902867
2025-04-11 22:00:00,57.09999999999997,-2.600000000000013,0,0001,1.0,LAND,9.196686,5.1719055,993.08435,1.1073987967365653e-08,46,2025-04-13,1,45.326945202213324
2025-04-11 18:00:00,56.99999999999997,-2.3000000000000127,0,0001,1.0,LAND,13.781403,6.504059,999.07935,9.678329158935229e-09,46,2025-04-13,1,47.23131917888444
2025-04-11 19:00:00,56.99999999999997,-2.400000000000013,0,0001,1.0,LAND,12.369049,8.481842,993.8781,9.44345493007296e-09,46,2025-04-13,1,42.782854777780315
2025-04-11 19:00:00,56.99999999999997,-2.3000000000000127,0,0001,1.0,LAND,12.472565,6.884186,998.7581,1.060389720359627e-08,46,2025-04-13,1,47.23131917888444
2025-04-08 02:00:00,56.75,-2.5,0,0001,1.0,MARINE,3.9898987,3.415924,1015.0644,1.0294807555044579e-08,46,2025-04-13,4,24.064203921437617
2025-04-08 01:00:00,56.75,-2.5,0,0001,1.0,MARINE,4.5279846,3.7867737,1014.98627,1.0617736852930272e-08,46,2025-04-13,4,24.064203921437617
2025-04-08 01:00:00,57.0,-2.75,0,0001,1.0,MARINE,0.7760315,0.31411743,988.96625,1.1990992830612762e-08,46,2025-04-13,4,31.793034987969936
2025-04-08 04:00:00,56.75,-2.5,0,0001,1.0,MARINE,3.959137,3.264801,1014.64185,9.64894895927319e-09,46,2025-04-13,4,24.064203921437617
2025-04-08 00:00:00,56.75,-2.5,0,0001,1.0,MARINE,5.208893,4.159088,1015.1075,1.0940666150815968e-08,46,2025-04-13,5,24.064203921437617
2025-04-08 00:00:00,57.0,-2.75,0,0001,1.0,MARINE,2.1307678,1.5399475,989.0775,1.2633136758921625e-08,46,2025-04-13,5,31.793034987969936
2025-04-07 23:00:00,56.75,-2.5,0,0001,1.0,MARINE,5.3607483,4.1390686,1015.2506,1.0566379752644842e-08,46,2025-04-13,5,24.064203921437617
2025-04-08 05:00:00,56.75,-2.5,0,0001,1.0,MARINE,4.4725647,3.551178,1015.0644,9.326019661387493e-09,46,2025-04-13,4,24.064203921437617
2025-04-08 06:00:00,57.0,-2.5,0,0001,1.0,MARINE,1.0084534,-0.3580017,1006.66187,9.513495630164537e-09,46,2025-04-13,4,38.779386163642094
2025-04-03 00:00:00,56.75,-2.25,0,0001,1.0,MARINE,6.743805,4.8590393,1026.9856,1.0591281129901304e-08,46,2025-04-13,10,39.247518064498124
2025-04-03 05:00:00,57.0,-2.25,0,0001,1.0,MARINE,3.983551,1.2689514,1018.28564,1.041362276965613e-08,46,2025-04-13,9,49.58547711541553
2025-04-03 04:00:00,57.0,-2.25,0,0001,1.0,MARINE,4.4513245,1.530426,1018.2456,1.0193384802903494e-08,46,2025-04-13,9,49.58547711541553
2025-04-11 20:00:00,57.0,-2.25,0,0001,1.0,MARINE,10.7621155,5.1922913,1004.6825,1.2123265292115078e-08,46,2025-04-13,1,49.58547711541553
2025-04-11 19:00:00,57.0,-2.25,0,0001,1.0,MARINE,12.62442,5.5189514,1004.8756,1.1184118340358045e-08,46,2025-04-13,1,49.58547711541553
2025-04-11 19:00:00,57.0,-2.5,0,0001,1.0,MARINE,13.425201,5.558014,994.5156,9.071990822913845e-09,46,2025-04-13,1,38.779386163642094
2025-04-11 18:00:00,57.0,-2.25,0,0001,1.0,MARINE,13.817535,6.0558167,1005.0925,1.0244971388601009e-08,46,2025-04-13,1,49.58547711541553
2025-01-11 23:00:00,56.499999999999964,-3.1000000000000134,0,0001,1.0,LAND,-1.1419373,-1.657074,1016.53125,1.5425886568110724e-08,47,2025-04-09,87,28.05340271338106
2025-03-17 06:00:00,56.99999999999997,-2.700000000000013,0,0001,1.0,LAND,1.3097229,-0.88949585,996.1275,9.897509034573151e-09,47,2025-04-09,22,32.74841385422791
2025-03-17 06:00:00,57.09999999999997,-2.600000000000013,0,0001,1.0,LAND,1.8702698,-0.953949,1010.7575,1.0071662615018803e-08,47,2025-04-09,22,45.326945202213324
2025-03-17 05:00:00,57.09999999999997,-2.600000000000013,0,0001,1.0,LAND,1.8841858,-0.88119507,1010.48126,1.0421481381565412e-08,47,2025-04-09,22,45.326945202213324
2025-03-09 04:00:00,56.89999999999997,-2.400000000000013,0,0001,1.0,LAND,6.46109,2.5419006,989.3738,2.032174428734414e-08,47,2025-04-09,30,35.71950782737295
2025-03-09 03:00:00,56.89999999999997,-2.400000000000013,0,0001,1.0,LAND,6.561676,2.7626038,989.77185,2.015570466085169e-08,47,2025-04-09,30,35.71950782737295
2025-03-09 05:00:00,56.89999999999997,-2.400000000000013,0,0001,1.0,LAND,6.280426,2.3507385,989.1625,2.0487783913836584e-08,47,2025-04-09,30,35.71950782737295
2025-03-09 06:00:00,56.89999999999997,-2.400000000000013,0,0001,1.0,LAND,6.0677795,2.1036682,989.03876,2.0653823540329034e-08,47,2025-04-09,30,35.71950782737295
2025-03-09 19:00:00,56.99999999999997,-3.3000000000000136,0,0001,1.0,LAND,7.896515,2.6174622,946.54126,1.4746499151415218e-08,47,2025-04-09,30,39.392683695310076
2025-03-09 19:00:00,56.99999999999997,-3.4000000000000137,0,0001,1.0,LAND,7.6582336,2.1799622,939.95123,1.4276126244124494e-08,47,2025-04-09,30,43.47759069676965
2025-03-09 09:00:00,56.89999999999997,-2.400000000000013,0,0001,1.0,LAND,6.396637,4.4579163,989.7925,2.1151942419806374e-08,47,2025-04-09,30,35.71950782737295
2025-03-09 21:00:00,56.75,-2.25,0,0001,1.0,MARINE,6.4759827,5.8458557,1003.4369,2.0404343811786155e-08,47,2025-04-09,30,39.247518064498124
2025-03-09 20:00:00,56.75,-2.5,0,0001,1.0,MARINE,6.998932,5.7186584,993.5019,1.851367966339735e-08,47,2025-04-09,30,24.064203921437617
2025-03-09 19:00:00,56.75,-2.75,0,0001,1.0,MARINE,8.03067,5.4205627,985.3844,1.661228749468461e-08,47,2025-04-09,30,9.095936426793154
2025-03-09 19:00:00,56.75,-3.0,0,0001,1.0,MARINE,8.360748,4.3190002,969.8144,1.5535992696028938e-08,47,2025-04-09,30,7.164127903594149
2025-03-09 19:00:00,57.0,-3.25,0,0001,1.0,MARINE,7.6302795,2.721344,944.9444,1.4981685605060668e-08,47,2025-04-09,30,37.553094374127966
2025-03-08 23:00:00,56.75,-2.75,0,0001,1.0,MARINE,6.084137,4.532135,989.65125,2.3744945637042204e-08,47,2025-04-09,31,9.095936426793154
2025-03-08 22:00:00,56.75,-2.75,0,0001,1.0,MARINE,6.4388733,5.264801,989.6163,2.3229456446357034e-08,47,2025-04-09,31,9.095936426793154
2025-04-07 23:00:00,56.79999999999997,-2.800000000000013,0,0001,1.0,LAND,5.3434143,4.2342834,1004.4437,1.176502351096749e-08,47,2025-04-09,1,10.064077032821762
2025-04-07 23:00:00,56.79999999999997,-2.700000000000013,0,0001,1.0,LAND,5.5836487,4.2967834,1012.8738,1.1455200528883122e-08,47,2025-04-09,1,14.376981613972776
2025-04-07 23:00:00,56.79999999999997,-2.600000000000013,0,0001,1.0,LAND,5.839508,4.4881897,1017.48376,1.1145377546798626e-08,47,2025-04-09,1,19.657075801996474
2025-04-08 00:00:00,56.75,-2.5,0,0001,1.0,MARINE,5.208893,4.159088,1015.1075,1.0940666150815968e-08,47,2025-04-09,1,24.064203921437617
2025-04-08 00:00:00,57.0,-2.75,0,0001,1.0,MARINE,2.1307678,1.5399475,989.0775,1.2633136758921625e-08,47,2025-04-09,1,31.793034987969936
2025-04-07 23:00:00,56.75,-2.5,0,0001,1.0,MARINE,5.3607483,4.1390686,1015.2506,1.0566379752644842e-08,47,2025-04-09,1,24.064203921437617
2025-04-03 00:00:00,56.75,-2.25,0,0001,1.0,MARINE,6.743805,4.8590393,1026.9856,1.0591281129901304e-08,47,2025-04-09,6,39.247518064498124
2025-04-03 05:00:00,57.0,-2.25,0,0001,1.0,MARINE,3.983551,1.2689514,1018.28564,1.041362276965613e-08,47,2025-04-09,5,49.58547711541553
2025-04-03 04:00:00,57.0,-2.25,0,0001,1.0,MARINE,4.4513245,1.530426,1018.2456,1.0193384802903494e-08,47,2025-04-09,5,49.58547711541553
