time,latitude,longitude,number,expver,Star_Event,Source_Dataset,Temp,Dew,Press,PM25,Case_ID,Case_Date,Days_Prior,Distance_km
2025-03-20 02:00:00,51.699999999999896,0.5999999999999883,0,0001,1.0,LAND,7.4378967,4.767975,1015.7425,1.8399117562851553e-08,0,2025-06-09,80,48.49868936837774
2025-03-20 01:00:00,51.599999999999895,0.39999999999998836,0,0001,1.0,LAND,7.6896057,4.9200745,1016.85376,2.4744888878675158e-08,0,2025-06-09,80,31.59774182214931
2025-03-20 00:00:00,51.599999999999895,0.29999999999998833,0,0001,1.0,LAND,8.091705,4.8717346,1016.58374,3.07313925418354e-08,0,2025-06-09,81,25.081323469539587
2025-03-19 23:00:00,51.49999999999989,-1.1685097334179773e-14,0,0001,1.0,LAND,8.658356,4.8231506,1017.97687,3.570576854553209e-08,0,2025-06-09,81,3.0542401368219037
2025-03-19 23:00:00,51.599999999999895,0.09999999999998832,0,0001,1.0,LAND,8.761871,4.9012756,1017.78687,3.68900635409384e-08,0,2025-06-09,81,13.309422535626643
2025-03-19 23:00:00,51.599999999999895,-1.1685097334179773e-14,0,0001,1.0,LAND,8.797028,4.8485413,1017.8769,4.071277344881496e-08,0,2025-06-09,81,9.723888897161192
2025-03-19 23:00:00,51.599999999999895,-0.2000000000000117,0,0001,1.0,LAND,8.707184,4.612213,1015.0069,3.965250305881145e-08,0,2025-06-09,81,14.701700374305446
2025-03-23 18:00:00,51.25,0.25,0,0001,1.0,MARINE,10.927887,9.569244,995.5044,1.725815051978313e-08,0,2025-06-09,77,35.59212266283328
2025-03-23 17:00:00,51.25,0.0,0,0001,1.0,MARINE,11.69986,10.280182,994.4938,1.7708143507099952e-08,0,2025-06-09,77,29.633452718582713
2025-03-23 15:00:00,51.25,0.5,0,0001,1.0,MARINE,12.217682,10.796295,994.5694,1.5318062956959227e-08,0,2025-06-09,77,47.51276149332195
2025-03-23 14:00:00,51.25,0.5,0,0001,1.0,MARINE,12.110504,10.903961,994.15686,1.4958259834477957e-08,0,2025-06-09,77,47.51276149332195
2025-03-23 11:00:00,51.25,0.5,0,0001,1.0,MARINE,10.851959,10.741608,993.1319,1.406973210160683e-08,0,2025-06-09,77,47.51276149332195
2025-03-26 15:00:00,51.5,0.25,0,0001,1.0,MARINE,14.778229,7.120758,1018.79376,9.389217833777307e-09,0,2025-06-09,74,19.896432170428177
2025-03-26 08:00:00,51.75,-0.5,0,0001,1.0,MARINE,8.561432,7.879547,1014.11,1.4964142591722473e-08,0,2025-06-09,74,41.273981183575415
2025-04-21 09:00:00,51.599999999999895,0.5999999999999883,0,0001,1.0,LAND,11.630768,9.270172,1006.41125,2.153112177438808e-08,0,2025-06-09,48,44.98732914506948
2025-04-21 10:00:00,51.599999999999895,0.5999999999999883,0,0001,1.0,LAND,12.297516,9.301422,1006.5481,2.2809253448960212e-08,0,2025-06-09,48,44.98732914506948
2025-04-21 15:00:00,51.7999999999999,0.49999999999998834,0,0001,1.0,LAND,13.900787,9.532257,1002.54376,1.7615651548565657e-08,0,2025-06-09,48,48.67879360809333
2025-04-28 06:00:00,51.39999999999989,0.09999999999998832,0,0001,1.0,LAND,8.920074,7.9620667,1016.76373,1.9530322026284286e-08,0,2025-06-09,41,15.948007034141073
2025-04-28 07:00:00,51.7999999999999,0.39999999999998836,0,0001,1.0,LAND,11.672272,8.799225,1019.0925,1.6923578168479235e-08,0,2025-06-09,41,43.66628407104567
2025-04-28 06:00:00,51.39999999999989,-1.1685097334179773e-14,0,0001,1.0,LAND,8.812653,7.8800354,1016.2537,1.9453198607521642e-08,0,2025-06-09,41,13.091561086766303
2025-04-27 10:00:00,51.599999999999895,0.49999999999998834,0,0001,1.0,LAND,14.217926,9.175201,1022.9456,1.2523448500444778e-08,0,2025-06-09,42,38.25371324122851
2025-04-27 11:00:00,51.39999999999989,0.09999999999998832,0,0001,1.0,LAND,16.661041,8.6719055,1016.3725,1.191317697268677e-08,0,2025-06-09,42,15.948007034141073
2025-04-27 12:00:00,51.29999999999989,-1.1685097334179773e-14,0,0001,1.0,LAND,17.760895,8.174591,1010.3206,9.046049909142326e-09,0,2025-06-09,42,24.098460156404055
2025-04-27 14:00:00,51.39999999999989,0.29999999999998833,0,0001,1.0,LAND,18.045319,7.9743958,1017.83624,1.1961873547238825e-08,0,2025-06-09,42,26.613130898595738
2025-04-27 15:00:00,51.39999999999989,0.29999999999998833,0,0001,1.0,LAND,18.065582,8.046051,1017.7325,1.355276449399559e-08,0,2025-06-09,42,26.613130898595738
2025-04-11 14:00:00,51.699999999999896,0.5999999999999883,0,0001,1.0,LAND,17.684235,7.5968323,1015.77686,1.9233519499284776e-08,0,2025-06-09,58,48.49868936837774
2025-04-11 15:00:00,51.29999999999989,-0.10000000000001169,0,0001,1.0,LAND,18.603424,7.0143127,1005.52686,1.5995789651168836e-08,0,2025-06-09,58,24.36844827727325
2025-04-15 12:00:00,51.699999999999896,0.39999999999998836,0,0001,1.0,LAND,13.488922,8.511627,986.53876,1.8185629002687585e-08,0,2025-06-09,54,36.45461061678097
2025-04-15 12:00:00,51.699999999999896,0.29999999999998833,0,0001,1.0,LAND,13.498688,8.398346,985.8187,1.785599068604466e-08,0,2025-06-09,54,30.990442286682082
2025-04-15 10:00:00,51.699999999999896,0.49999999999998834,0,0001,1.0,LAND,10.532379,8.420074,988.3106,1.8627948591051395e-08,0,2025-06-09,54,42.341989132556215
2025-04-15 11:00:00,51.599999999999895,0.29999999999998833,0,0001,1.0,LAND,12.799469,8.559723,990.695,1.8103396670632043e-08,0,2025-06-09,54,25.081323469539587
2025-04-10 17:00:00,51.699999999999896,0.5999999999999883,0,0001,1.0,LAND,12.200348,6.394684,1023.15625,9.477336508172401e-09,0,2025-06-09,59,48.49868936837774
2025-04-10 18:00:00,51.599999999999895,0.29999999999998833,0,0001,1.0,LAND,12.125153,6.257721,1023.3819,1.5254992657975667e-08,0,2025-06-09,59,25.081323469539587
2025-04-10 19:00:00,51.699999999999896,-0.6000000000000116,0,0001,1.0,LAND,13.022369,4.751129,1012.6406,2.210267423715665e-08,0,2025-06-09,59,43.994604145054815
2025-04-21 06:00:00,51.25,0.5,0,0001,1.0,MARINE,8.789215,8.113434,998.3044,1.9217875263377765e-08,0,2025-06-09,48,47.51276149332195
2025-04-21 10:00:00,51.75,0.25,0,0001,1.0,MARINE,11.467438,9.125397,1002.02563,2.0285755279274176e-08,0,2025-06-09,48,32.71805021025344
2025-04-21 09:00:00,51.75,0.5,0,0001,1.0,MARINE,10.12027,8.63443,1003.5375,1.8460949893773134e-08,0,2025-06-09,48,45.280504258037006
2025-04-21 08:00:00,51.75,0.5,0,0001,1.0,MARINE,9.39798,8.230621,1002.8894,1.7335769764148963e-08,0,2025-06-09,48,45.280504258037006
2025-04-21 11:00:00,51.75,0.5,0,0001,1.0,MARINE,12.287262,9.41983,1004.1912,2.071131015302147e-08,0,2025-06-09,48,45.280504258037006
2025-04-17 05:00:00,51.5,-0.25,0,0001,1.0,MARINE,4.268463,3.3102112,1003.5825,9.025905106652149e-09,0,2025-06-09,52,14.883486274082916
2025-04-28 07:00:00,51.75,0.25,0,0001,1.0,MARINE,12.172882,9.228546,1020.0206,1.7026278646230055e-08,0,2025-06-09,41,32.71805021025344
2025-04-28 07:00:00,51.75,-0.5,0,0001,1.0,MARINE,12.045929,8.826202,1015.7406,1.1178108670166284e-08,0,2025-06-09,41,41.273981183575415
2025-04-28 06:00:00,51.5,0.0,0,0001,1.0,MARINE,8.814362,7.671417,1020.34375,1.9520812077899926e-08,0,2025-06-09,41,3.0542401368158676
2025-04-27 11:00:00,51.5,0.25,0,0001,1.0,MARINE,16.964508,8.589752,1020.8013,1.1626963880110474e-08,0,2025-06-09,42,19.896432170428177
2025-04-27 11:00:00,51.5,0.0,0,0001,1.0,MARINE,17.564117,8.529205,1019.4412,1.4702935776285325e-08,0,2025-06-09,42,3.0542401368158676
2025-04-27 07:00:00,51.25,-0.25,0,0001,1.0,MARINE,8.125763,7.709259,1016.4994,1.953899758308487e-08,0,2025-06-09,42,33.03776619485928
2025-04-10 16:00:00,51.75,-0.5,0,0001,1.0,MARINE,14.940094,4.644928,1017.0544,1.5376130405957222e-08,0,2025-06-09,59,41.273981183575415
2025-04-10 16:00:00,51.75,-0.25,0,0001,1.0,MARINE,14.709625,4.8597717,1018.21436,1.5565866891739252e-08,0,2025-06-09,59,29.951269143925217
2025-04-10 16:00:00,51.75,0.0,0,0001,1.0,MARINE,14.4635315,5.0609436,1020.0044,1.5102114706937094e-08,0,2025-06-09,59,26.19263501473881
2025-04-10 16:00:00,51.75,0.25,0,0001,1.0,MARINE,14.10025,5.392975,1021.3844,1.1980922212662463e-08,0,2025-06-09,59,32.71805021025344
2025-04-10 19:00:00,51.5,-0.75,0,0001,1.0,MARINE,13.403717,4.7132874,1017.42065,2.3580500626193092e-08,0,2025-06-09,59,49.41729531714321
2025-04-10 19:00:00,51.75,-0.5,0,0001,1.0,MARINE,13.784576,4.1566467,1016.0106,2.1403868200968816e-08,0,2025-06-09,59,41.273981183575415
2025-04-10 18:00:00,51.75,0.0,0,0001,1.0,MARINE,13.688629,5.066559,1019.02686,1.8513123173358668e-08,0,2025-06-09,59,26.19263501473881
2025-04-10 18:00:00,51.75,-0.25,0,0001,1.0,MARINE,13.991364,4.8087463,1017.2569,1.9475046353357303e-08,0,2025-06-09,59,29.951269143925217
2025-04-10 17:00:00,51.75,0.25,0,0001,1.0,MARINE,13.9711,5.304352,1020.9294,1.3269784484779384e-08,0,2025-06-09,59,32.71805021025344
2025-04-10 17:00:00,51.75,0.0,0,0001,1.0,MARINE,14.3246155,4.935211,1019.5594,1.6807618940147883e-08,0,2025-06-09,59,26.19263501473881
2025-05-21 06:00:00,51.09999999999989,-0.2000000000000117,0,0001,1.0,LAND,11.994537,8.502594,1008.595,9.730151906419284e-09,0,2025-06-09,18,47.58370654270031
2025-05-22 23:00:00,51.29999999999989,0.29999999999998833,0,0001,1.0,LAND,8.389313,6.2669983,1010.2356,1.2765488925185525e-08,0,2025-06-09,17,33.44816006311173
2025-05-23 00:00:00,51.29999999999989,0.09999999999998832,0,0001,1.0,LAND,7.5172424,6.0050354,1006.6406,1.3409989341184387e-08,0,2025-06-09,17,25.765618727356987
2025-05-23 06:00:00,51.39999999999989,-1.1685097334179773e-14,0,0001,1.0,LAND,7.474762,5.287506,1010.22815,1.403743365990768e-08,0,2025-06-09,16,13.091561086766303
2025-05-23 06:00:00,51.599999999999895,-0.3000000000000117,0,0001,1.0,LAND,7.71109,5.769928,1013.60815,1.3124224818028606e-08,0,2025-06-09,16,20.501523315279663
2025-05-02 16:00:00,51.09999999999989,-0.2000000000000117,0,0001,1.0,LAND,21.385162,14.4791565,1006.02686,1.112557320345155e-08,0,2025-06-09,37,47.58370654270031
2025-05-02 16:00:00,51.09999999999989,-0.10000000000001169,0,0001,1.0,LAND,21.41446,14.426422,1006.14685,1.080032352440967e-08,0,2025-06-09,37,46.41584400274546
2025-05-02 16:00:00,51.09999999999989,-1.1685097334179773e-14,0,0001,1.0,LAND,21.422272,14.397125,1005.8869,1.047507384536779e-08,0,2025-06-09,37,46.27405392215355
2025-05-11 23:00:00,51.29999999999989,-0.5000000000000117,0,0001,1.0,LAND,15.4791565,11.4339905,1000.34,1.3053091885151353e-08,0,2025-06-09,28,40.103967596801375
2025-05-11 23:00:00,51.29999999999989,-0.6000000000000116,0,0001,1.0,LAND,15.3697815,11.453522,1000.0,1.3037789773721382e-08,0,2025-06-09,28,45.85295890480748
2025-05-11 23:00:00,51.39999999999989,-0.4000000000000117,0,0001,1.0,LAND,15.817047,11.144928,1004.9,1.2884829943734422e-08,0,2025-06-09,28,28.278206796323644
2025-05-11 23:00:00,51.39999999999989,-0.5000000000000117,0,0001,1.0,LAND,15.7760315,11.25235,1005.38,1.297508467335019e-08,0,2025-06-09,28,34.59392254078426
2025-05-11 23:00:00,51.39999999999989,-0.6000000000000116,0,0001,1.0,LAND,15.60611,11.213287,1004.05,1.3065339402965961e-08,0,2025-06-09,28,41.10750491545949
2025-05-11 23:00:00,51.39999999999989,-0.7000000000000116,0,0001,1.0,LAND,15.504547,11.236725,1003.26,1.3155594132581735e-08,0,2025-06-09,28,47.738019560644496
2025-05-11 22:00:00,51.39999999999989,-0.4000000000000117,0,0001,1.0,LAND,16.409576,11.132477,1004.90686,1.2546811293627335e-08,0,2025-06-09,28,28.278206796323644
2025-05-13 00:00:00,51.39999999999989,0.09999999999998832,0,0001,1.0,LAND,13.131622,10.71817,1005.34064,1.8730927475728978e-08,0,2025-06-09,27,15.948007034141073
2025-05-12 23:00:00,51.39999999999989,0.49999999999998834,0,0001,1.0,LAND,14.13443,11.285675,1009.28876,1.969111684818557e-08,0,2025-06-09,27,39.321774531273945
2025-05-12 23:00:00,51.39999999999989,0.39999999999998836,0,0001,1.0,LAND,13.987946,11.109894,1008.14874,1.880145787206749e-08,0,2025-06-09,27,32.85160181065228
2025-05-21 01:00:00,51.5,-0.75,0,0001,1.0,MARINE,13.070709,7.1698303,1008.2019,9.36079897391915e-09,0,2025-06-09,18,49.41729531714321
2025-07-19 09:00:00,51.699999999999896,-0.3000000000000117,0,0001,1.0,LAND,17.619781,17.04837,994.9575,1.3189126457646444e-08,1,2025-09-24,66,21.619542934383947
2025-07-19 10:00:00,51.699999999999896,-0.10000000000001169,0,0001,1.0,LAND,18.689362,17.586578,997.65314,1.4081267559380887e-08,1,2025-09-24,66,17.195593060068354
2025-07-19 11:00:00,51.7999999999999,0.19999999999998833,0,0001,1.0,LAND,19.522614,17.575104,995.7,1.481530461274367e-08,1,2025-09-24,66,35.464114439224694
2025-07-19 08:00:00,51.599999999999895,-1.1685097334179773e-14,0,0001,1.0,LAND,17.874176,16.552765,1003.03564,1.3969580751430023e-08,1,2025-09-24,66,9.71911282916464
2025-07-19 12:00:00,51.699999999999896,0.39999999999998836,0,0001,1.0,LAND,20.523102,17.230133,996.14124,1.5224483895792653e-08,1,2025-09-24,66,39.171087755699105
2025-07-19 07:00:00,51.49999999999989,0.19999999999998833,0,0001,1.0,LAND,17.835602,16.510529,1003.635,1.3176175243470951e-08,1,2025-09-24,66,22.03035457663144
2025-07-19 07:00:00,51.39999999999989,0.19999999999998833,0,0001,1.0,LAND,17.50943,16.25467,997.675,1.2765364284146466e-08,1,2025-09-24,66,26.8784578367453
2025-07-16 22:00:00,51.19999999999989,-0.5000000000000117,0,0001,1.0,LAND,19.23526,11.631744,1007.78564,1.6601217067699632e-08,1,2025-09-24,69,46.9988621277144
2025-07-16 23:00:00,51.19999999999989,-0.4000000000000117,0,0001,1.0,LAND,18.410797,11.560944,1007.40063,1.7482453040781823e-08,1,2025-09-24,69,43.37259618121814
2025-07-16 23:00:00,51.09999999999989,-0.2000000000000117,0,0001,1.0,LAND,18.85025,11.557037,1009.7606,1.503357421883448e-08,1,2025-09-24,69,49.92893132952079
2025-07-29 19:00:00,51.39999999999989,-0.5000000000000117,0,0001,1.0,LAND,18.550934,14.789825,1013.6931,1.5238383036889036e-08,1,2025-09-24,56,31.4901643583579
2025-07-29 21:00:00,51.599999999999895,-0.3000000000000117,0,0001,1.0,LAND,17.531158,14.045929,1011.2644,1.891717149593465e-08,1,2025-09-24,56,14.467849545858916
2025-07-29 21:00:00,51.599999999999895,-0.2000000000000117,0,0001,1.0,LAND,17.595612,13.819366,1012.1744,1.8909488419537335e-08,1,2025-09-24,56,8.68960721962437
2025-07-29 21:00:00,51.49999999999989,-1.1685097334179773e-14,0,0001,1.0,LAND,17.814362,13.792023,1015.0144,1.808388294666119e-08,1,2025-09-24,56,9.132816034549348
2025-07-29 22:00:00,51.39999999999989,0.29999999999998833,0,0001,1.0,LAND,17.215973,13.779938,1010.3044,1.570747073150273e-08,1,2025-09-24,56,32.67676684693048
2025-07-29 22:00:00,51.39999999999989,0.39999999999998836,0,0001,1.0,LAND,17.319489,13.6979065,1011.45435,1.49648688996241e-08,1,2025-09-24,56,38.84627387685376
2025-07-29 22:00:00,51.29999999999989,0.39999999999998836,0,0001,1.0,LAND,17.184723,13.590485,1008.6744,1.4135055570462317e-08,1,2025-09-24,56,44.667139733041694
2025-07-29 23:00:00,51.29999999999989,0.29999999999998833,0,0001,1.0,LAND,16.734283,13.804108,1007.66376,1.5237803796529455e-08,1,2025-09-24,56,39.40718859855816
2025-07-08 23:00:00,51.599999999999895,0.5999999999999883,0,0001,1.0,LAND,17.064972,12.240875,1017.03625,1.5127839971445596e-08,1,2025-09-24,77,49.43546138399134
2025-07-09 20:00:00,51.599999999999895,-0.10000000000001169,0,0001,1.0,LAND,23.44693,13.442291,1016.51,1.087212831799712e-08,1,2025-09-24,76,6.101099163920957
2025-07-01 03:00:00,51.29999999999989,-0.10000000000001169,0,0001,1.0,LAND,20.494537,16.775543,999.5156,1.1377200362371527e-08,1,2025-09-24,84,27.304684243083738
2025-07-01 03:00:00,51.19999999999989,-0.2000000000000117,0,0001,1.0,LAND,20.676178,16.882965,1001.8756,1.0409499262569868e-08,1,2025-09-24,84,38.92104945698192
2025-07-01 06:00:00,51.19999999999989,0.29999999999998833,0,0001,1.0,LAND,22.390533,18.936188,1006.9794,1.1174497771553905e-08,1,2025-09-24,84,47.805507395716816
2025-07-01 10:00:00,51.39999999999989,-1.1685097334179773e-14,0,0001,1.0,LAND,28.475739,18.644928,1003.2481,1.1848585298084947e-08,1,2025-09-24,84,17.878523992574483
2025-07-01 10:00:00,51.39999999999989,0.09999999999998832,0,0001,1.0,LAND,28.247223,18.906647,1003.71814,1.196890779079513e-08,1,2025-09-24,84,21.750283911672923
2025-07-01 11:00:00,51.599999999999895,-0.2000000000000117,0,0001,1.0,LAND,29.305573,17.929596,1007.3237,1.4303411307220125e-08,1,2025-09-24,84,8.68960721962437
2025-07-01 11:00:00,51.599999999999895,-0.10000000000001169,0,0001,1.0,LAND,29.534088,18.18155,1008.4437,1.4808285912305797e-08,1,2025-09-24,84,6.101099163920957
2025-07-19 10:00:00,51.75,-0.5,0,0001,1.0,MARINE,17.764069,17.649078,994.53687,1.2781931022868559e-08,1,2025-09-24,66,35.23544665498967
2025-07-19 09:00:00,51.75,-0.5,0,0001,1.0,MARINE,17.47232,17.059723,994.6731,1.2501887011739859e-08,1,2025-09-24,66,35.23544665498967
2025-07-19 08:00:00,51.5,-0.25,0,0001,1.0,MARINE,17.354645,17.178741,997.975,1.24953628925319e-08,1,2025-09-24,66,10.931603774698145
2025-07-19 08:00:00,51.75,0.0,0,0001,1.0,MARINE,17.628082,17.286163,998.005,1.4029374476957406e-08,1,2025-09-24,66,23.97294019444572
2025-07-19 14:00:00,51.75,-0.75,0,0001,1.0,MARINE,20.477448,16.57022,993.3206,1.1592550342119068e-08,1,2025-09-24,66,49.67412649784814
2025-07-29 19:00:00,51.75,-0.75,0,0001,1.0,MARINE,18.337555,14.861237,1006.21436,1.3781714184220875e-08,1,2025-09-24,56,49.67412649784814
2025-07-29 18:00:00,51.5,-0.75,0,0001,1.0,MARINE,19.19986,14.764313,1007.65063,1.3643110752248166e-08,1,2025-09-24,56,44.572187701560296
2025-07-25 10:00:00,51.5,0.0,0,0001,1.0,MARINE,22.564606,13.880768,1012.9288,1.251060773495752e-08,1,2025-09-24,60,9.13281603454345
2025-07-25 10:00:00,51.5,0.25,0,0001,1.0,MARINE,22.162262,14.01944,1014.22876,1.1240757815296968e-08,1,2025-09-24,60,25.409679557578773
2025-07-25 10:00:00,51.25,-0.25,0,0001,1.0,MARINE,22.384918,14.132721,1010.5087,1.2365911743657696e-08,1,2025-09-24,60,34.2628435855564
2025-07-25 11:00:00,51.5,0.5,0,0001,1.0,MARINE,22.786041,14.174713,1015.17377,1.0530651998556375e-08,1,2025-09-24,60,42.49969247267861
2025-07-01 04:00:00,51.25,0.0,0,0001,1.0,MARINE,21.05655,17.195465,1003.4225,1.1170885512908269e-08,1,2025-09-24,84,33.72911244729318
2025-07-01 09:00:00,51.25,0.0,0,0001,1.0,MARINE,27.9628,18.9628,1003.03625,9.695006047971215e-09,1,2025-09-24,84,33.72911244729318
2025-07-08 22:00:00,51.75,0.5,0,0001,1.0,MARINE,15.515289,10.601959,1013.7531,1.507504179820727e-08,1,2025-09-24,77,47.833607741335484
2025-08-22 19:00:00,51.599999999999895,-0.2000000000000117,0,0001,1.0,LAND,20.535797,7.545807,1013.71936,1.3421154113993278e-08,1,2025-09-24,32,8.68960721962437
2025-08-23 14:00:00,51.75,-0.75,0,0001,1.0,MARINE,21.2294,9.927643,1009.055,1.6035015047248086e-08,1,2025-09-24,31,49.67412649784814
2025-08-23 12:00:00,51.75,-0.75,0,0001,1.0,MARINE,20.862457,10.120514,1009.1894,1.506474167634055e-08,1,2025-09-24,31,49.67412649784814
2025-08-13 03:00:00,51.75,0.5,0,0001,1.0,MARINE,16.88272,15.63443,1008.0544,1.6968462270700052e-08,1,2025-09-24,41,47.833607741335484
2025-01-08 09:00:00,51.599999999999895,-0.2000000000000117,0,0001,1.0,LAND,-0.31600952,-1.8226013,997.70123,1.497203161448916e-08,2,2025-03-07,57,35.82303566558445
2025-01-08 09:00:00,51.599999999999895,-0.3000000000000117,0,0001,1.0,LAND,-0.35702515,-1.879242,996.71124,1.4211517962435428e-08,2,2025-03-07,57,33.45312205458807
2025-01-08 09:00:00,51.75,-0.75,0,0001,1.0,MARINE,-1.2559509,-2.0852966,991.6163,1.0577550502155879e-08,2,2025-03-07,57,27.394398376757874
2025-01-08 09:00:00,51.75,-0.5,0,0001,1.0,MARINE,-0.8340759,-1.903656,992.02625,1.0955685525449334e-08,2,2025-03-07,57,16.545786449649768
2025-01-08 09:00:00,51.5,-0.25,0,0001,1.0,MARINE,-0.4727478,-1.6497498,995.3862,1.3538304054205506e-08,2,2025-03-07,57,45.088411620903905
2025-03-03 15:00:00,51.9999999999999,-1.1685097334179773e-14,0,0001,1.0,LAND,10.205841,3.3316956,1017.1069,9.803980682846365e-09,2,2025-03-07,3,31.435576149029316
2025-03-03 15:00:00,51.9999999999999,-0.10000000000001169,0,0001,1.0,LAND,10.250763,3.4664612,1017.1669,9.712514292828302e-09,2,2025-03-07,3,25.249764828664386
2025-03-03 15:00:00,51.8999999999999,-0.2000000000000117,0,0001,1.0,LAND,10.03006,3.2945862,1015.1269,1.134897370525183e-08,2,2025-03-07,3,15.347373984629849
2025-03-03 15:00:00,51.8999999999999,-0.10000000000001169,0,0001,1.0,LAND,10.026154,3.150055,1016.15686,1.1835365389126107e-08,2,2025-03-07,3,22.199128652636844
2025-03-03 16:00:00,51.9999999999999,-0.10000000000001169,0,0001,1.0,LAND,10.070831,3.3349915,1016.9275,1.1937936417186408e-08,2,2025-03-07,3,25.249764828664386
2025-03-03 15:00:00,51.8999999999999,-1.1685097334179773e-14,0,0001,1.0,LAND,10.008575,2.9820862,1016.78687,1.2321757073000388e-08,2,2025-03-07,3,29.05561402585104
2025-03-03 16:00:00,51.8999999999999,-0.10000000000001169,0,0001,1.0,LAND,9.809113,3.030304,1015.9475,1.4269015728247652e-08,2,2025-03-07,3,22.199128652636844
2025-03-03 16:00:00,51.8999999999999,-0.2000000000000117,0,0001,1.0,LAND,9.824738,3.1670227,1014.9175,1.3752186204624636e-08,2,2025-03-07,3,15.347373984629849
2025-03-03 16:00:00,51.8999999999999,-0.3000000000000117,0,0001,1.0,LAND,9.850128,3.2588196,1013.8575,1.3235356681001619e-08,2,2025-03-07,3,8.511810472389302
2025-03-01 11:00:00,52.0999999999999,-0.8000000000000116,0,0001,1.0,LAND,5.8179016,2.689972,1024.0962,1.1373521568990815e-08,2,2025-03-07,5,34.72065443004193
2025-03-01 11:00:00,52.0999999999999,-0.9000000000000116,0,0001,1.0,LAND,6.0542297,2.691925,1022.58624,1.129786595758552e-08,2,2025-03-07,5,40.0706002786567
2025-03-01 11:00:00,52.1999999999999,-0.8000000000000116,0,0001,1.0,LAND,6.2065735,2.5884094,1024.1663,1.183188621152869e-08,2,2025-03-07,5,42.94705308330556
2025-03-02 17:00:00,51.599999999999895,0.09999999999998832,0,0001,1.0,LAND,6.7862854,1.5676575,1028.9806,2.786483740043291e-08,2,2025-03-07,4,48.42108711851796
2025-03-02 17:00:00,51.599999999999895,-1.1685097334179773e-14,0,0001,1.0,LAND,6.8937073,1.2453918,1029.0707,2.9328722931745015e-08,2,2025-03-07,4,43.54349102989053
2025-03-03 14:00:00,51.75,0.25,0,0001,1.0,MARINE,10.594391,1.7086487,1021.2463,1.3629975520342139e-08,2,2025-03-07,3,48.854799997534705
2025-03-03 14:00:00,51.75,0.0,0,0001,1.0,MARINE,11.069,1.2555237,1019.85626,1.3225528815627115e-08,2,2025-03-07,3,33.044471127356566
2025-03-03 15:00:00,51.75,-0.25,0,0001,1.0,MARINE,11.488434,1.3829651,1017.47186,1.3401472596583468e-08,2,2025-03-07,3,19.68734362047255
2025-03-03 15:00:00,51.75,0.0,0,0001,1.0,MARINE,11.373199,1.224762,1019.2619,1.609842165822895e-08,2,2025-03-07,3,33.044471127356566
2025-03-03 17:00:00,51.75,-1.0,0,0001,1.0,MARINE,11.288727,0.11050415,1014.3806,1.1151952938650248e-08,2,2025-03-07,3,42.63397624469391
2025-03-03 17:00:00,52.0,-0.75,0,0001,1.0,MARINE,11.839508,0.4347229,1015.9506,1.1401262064077816e-08,2,2025-03-07,3,25.467722485780477
2025-03-03 16:00:00,51.75,-0.25,0,0001,1.0,MARINE,11.3385315,1.0860901,1017.1844,1.5957114985846952e-08,2,2025-03-07,3,19.68734362047255
2025-03-03 16:00:00,51.75,-0.5,0,0001,1.0,MARINE,11.424469,1.3517151,1015.9944,1.3392482659894717e-08,2,2025-03-07,3,16.545786449649768
2025-03-03 16:00:00,52.0,0.0,0,0001,1.0,MARINE,11.7135315,1.834137,1019.1744,1.1995532419225994e-08,2,2025-03-07,3,31.43557614903429
2025-03-01 21:00:00,52.0,-1.0,0,0001,1.0,MARINE,1.9454651,-1.0857849,1023.42377,2.5511358137109208e-08,2,2025-03-07,5,41.35082046228251
2025-03-01 11:00:00,52.25,-0.5,0,0001,1.0,MARINE,6.2103577,3.1191711,1026.865,1.1925532478196259e-08,2,2025-03-07,5,40.26029778189575
2025-03-02 02:00:00,51.5,-0.25,0,0001,1.0,MARINE,0.084625244,-0.44979858,1027.4337,2.72360877554918e-08,2,2025-03-07,4,45.088411620903905
2025-03-02 07:00:00,51.75,0.25,0,0001,1.0,MARINE,-1.5528259,-2.2278748,1028.4775,1.8507087166305704e-08,2,2025-03-07,4,48.854799997534705
2025-03-02 22:00:00,51.5,-0.75,0,0001,1.0,MARINE,3.7303772,-0.4666443,1021.6231,3.9913302829485745e-08,2,2025-03-07,4,48.96768134294041
2025-03-02 20:00:00,51.5,-0.75,0,0001,1.0,MARINE,5.058502,0.01675415,1021.45685,3.3212701922024826e-08,2,2025-03-07,4,48.96768134294041
2025-03-02 02:00:00,51.5,-0.75,0,0001,1.0,MARINE,0.31704712,-0.89901733,1025.7137,2.8410927851070226e-08,2,2025-03-07,4,48.96768134294041
2025-03-04 04:00:00,51.5,-0.25,0,0001,1.0,MARINE,-0.059906006,-1.6548767,1018.6025,3.089731441067539e-08,2,2025-03-07,2,45.088411620903905
2025-03-23 22:00:00,55.59999999999995,-4.500000000000012,0,0001,1.0,LAND,8.227203,4.99527,1002.1,1.9712582973359476e-08,3,2025-05-03,40,43.600220101094365
2025-03-23 22:00:00,55.5,-4.5,0,0001,1.0,MARINE,7.559967,5.195221,998.70935,1.9686780613111305e-08,3,2025-05-03,40,33.32210905691871
2025-04-08 10:00:00,54.99999999999994,-4.400000000000013,0,0001,1.0,LAND,11.562775,3.7606506,1012.1806,2.8642467064796068e-08,3,2025-05-03,24,33.049251079652215
2025-04-08 10:00:00,54.99999999999994,-4.500000000000012,0,0001,1.0,LAND,11.656525,3.7411194,1014.65063,2.8637865449410944e-08,3,2025-05-03,24,29.437541286654756
2025-04-08 12:00:00,55.25,-5.25,0,0001,1.0,MARINE,9.865875,7.445709,1026.1687,2.918156521980528e-08,3,2025-05-03,24,33.103214686685625
2025-04-08 11:00:00,55.0,-5.0,0,0001,1.0,MARINE,11.045319,6.1078186,1022.0025,2.2928588435295698e-08,3,2025-05-03,24,30.84575008790693
2025-04-09 20:00:00,55.25,-5.5,0,0001,1.0,MARINE,9.167877,7.5953674,1029.9443,1.3170944242653857e-08,3,2025-05-03,23,48.92814730070185
2025-04-28 06:00:00,51.39999999999989,0.09999999999998832,0,0001,1.0,LAND,8.920074,7.9620667,1016.76373,1.9530322026284286e-08,4,2025-06-30,62,16.46467940573589
2025-04-28 06:00:00,51.39999999999989,-1.1685097334179773e-14,0,0001,1.0,LAND,8.812653,7.8800354,1016.2537,1.9453198607521642e-08,4,2025-06-30,62,10.658428250993522
2025-04-27 10:00:00,51.599999999999895,0.49999999999998834,0,0001,1.0,LAND,14.217926,9.175201,1022.9456,1.2523448500444778e-08,4,2025-06-30,63,45.057704043582405
2025-04-27 11:00:00,51.39999999999989,0.09999999999998832,0,0001,1.0,LAND,16.661041,8.6719055,1016.3725,1.191317697268677e-08,4,2025-06-30,63,16.46467940573589
2025-04-27 12:00:00,51.29999999999989,-1.1685097334179773e-14,0,0001,1.0,LAND,17.760895,8.174591,1010.3206,9.046049909142326e-09,4,2025-06-30,63,19.916906602832114
2025-04-27 14:00:00,51.39999999999989,0.29999999999998833,0,0001,1.0,LAND,18.045319,7.9743958,1017.83624,1.1961873547238825e-08,4,2025-06-30,63,29.57016698431987
2025-04-27 15:00:00,51.39999999999989,0.29999999999998833,0,0001,1.0,LAND,18.065582,8.046051,1017.7325,1.355276449399559e-08,4,2025-06-30,63,29.57016698431987
2025-04-11 15:00:00,51.29999999999989,-0.10000000000001169,0,0001,1.0,LAND,18.603424,7.0143127,1005.52686,1.5995789651168836e-08,4,2025-06-30,79,18.30791846171825
2025-04-15 12:00:00,51.699999999999896,0.39999999999998836,0,0001,1.0,LAND,13.488922,8.511627,986.53876,1.8185629002687585e-08,4,2025-06-30,75,44.1221598742571
2025-04-15 12:00:00,51.699999999999896,0.29999999999998833,0,0001,1.0,LAND,13.498688,8.398346,985.8187,1.785599068604466e-08,4,2025-06-30,75,38.77975895976825
2025-04-15 10:00:00,51.699999999999896,0.49999999999998834,0,0001,1.0,LAND,10.532379,8.420074,988.3106,1.8627948591051395e-08,4,2025-06-30,75,49.851188473132396
2025-04-15 11:00:00,51.599999999999895,0.29999999999998833,0,0001,1.0,LAND,12.799469,8.559723,990.695,1.8103396670632043e-08,4,2025-06-30,75,32.35367310506245
2025-04-10 18:00:00,51.599999999999895,0.29999999999998833,0,0001,1.0,LAND,12.125153,6.257721,1023.3819,1.5254992657975667e-08,4,2025-06-30,80,32.35367310506245
2025-04-10 19:00:00,51.699999999999896,-0.6000000000000116,0,0001,1.0,LAND,13.022369,4.751129,1012.6406,2.210267423715665e-08,4,2025-06-30,80,42.59720589350481
2025-04-10 20:00:00,51.599999999999895,-0.8000000000000116,0,0001,1.0,LAND,12.092194,4.9950256,1013.725,2.5525073906369715e-08,4,2025-06-30,80,49.798631045840715
2025-04-21 06:00:00,51.25,0.5,0,0001,1.0,MARINE,8.789215,8.113434,998.3044,1.9217875263377765e-08,4,2025-06-30,69,48.83893758964809
2025-04-21 10:00:00,51.75,0.25,0,0001,1.0,MARINE,11.467438,9.125397,1002.02563,2.0285755279274176e-08,4,2025-06-30,69,40.49344434767617
2025-04-17 05:00:00,51.5,-0.25,0,0001,1.0,MARINE,4.268463,3.3102112,1003.5825,9.025905106652149e-09,4,2025-06-30,73,10.224501285529165
2025-04-28 07:00:00,51.75,0.25,0,0001,1.0,MARINE,12.172882,9.228546,1020.0206,1.7026278646230055e-08,4,2025-06-30,62,40.49344434767617
2025-04-28 07:00:00,51.75,-0.5,0,0001,1.0,MARINE,12.045929,8.826202,1015.7406,1.1178108670166284e-08,4,2025-06-30,62,41.46659209198617
2025-04-28 06:00:00,51.5,0.0,0,0001,1.0,MARINE,8.814362,7.671417,1020.34375,1.9520812077899926e-08,4,2025-06-30,62,8.820834702333476
2025-04-27 11:00:00,51.5,0.25,0,0001,1.0,MARINE,16.964508,8.589752,1020.8013,1.1626963880110474e-08,4,2025-06-30,63,25.50439556636768
2025-04-27 11:00:00,51.5,0.0,0,0001,1.0,MARINE,17.564117,8.529205,1019.4412,1.4702935776285325e-08,4,2025-06-30,63,8.820834702333476
2025-04-27 07:00:00,51.25,-0.25,0,0001,1.0,MARINE,8.125763,7.709259,1016.4994,1.953899758308487e-08,4,2025-06-30,63,25.648308891238727
2025-04-10 16:00:00,51.75,-0.5,0,0001,1.0,MARINE,14.940094,4.644928,1017.0544,1.5376130405957222e-08,4,2025-06-30,80,41.46659209198617
2025-04-10 16:00:00,51.75,-0.25,0,0001,1.0,MARINE,14.709625,4.8597717,1018.21436,1.5565866891739252e-08,4,2025-06-30,80,33.117713371377064
2025-04-10 16:00:00,51.75,0.0,0,0001,1.0,MARINE,14.4635315,5.0609436,1020.0044,1.5102114706937094e-08,4,2025-06-30,80,32.71385680574154
2025-04-10 16:00:00,51.75,0.25,0,0001,1.0,MARINE,14.10025,5.392975,1021.3844,1.1980922212662463e-08,4,2025-06-30,80,40.49344434767617
2025-04-10 19:00:00,51.5,-0.75,0,0001,1.0,MARINE,13.403717,4.7132874,1017.42065,2.3580500626193092e-08,4,2025-06-30,80,44.22894875284314
2025-04-10 19:00:00,51.75,-0.5,0,0001,1.0,MARINE,13.784576,4.1566467,1016.0106,2.1403868200968816e-08,4,2025-06-30,80,41.46659209198617
2025-04-10 18:00:00,51.75,0.0,0,0001,1.0,MARINE,13.688629,5.066559,1019.02686,1.8513123173358668e-08,4,2025-06-30,80,32.71385680574154
2025-04-10 18:00:00,51.75,-0.25,0,0001,1.0,MARINE,13.991364,4.8087463,1017.2569,1.9475046353357303e-08,4,2025-06-30,80,33.117713371377064
2025-04-10 17:00:00,51.75,0.25,0,0001,1.0,MARINE,13.9711,5.304352,1020.9294,1.3269784484779384e-08,4,2025-06-30,80,40.49344434767617
2025-04-10 17:00:00,51.75,0.0,0,0001,1.0,MARINE,14.3246155,4.935211,1019.5594,1.6807618940147883e-08,4,2025-06-30,80,32.71385680574154
2025-05-21 05:00:00,51.09999999999989,-0.4000000000000117,0,0001,1.0,LAND,11.898346,8.459625,1009.2631,9.481351648245836e-09,4,2025-06-30,39,45.14514366322024
2025-05-21 06:00:00,51.09999999999989,-0.2000000000000117,0,0001,1.0,LAND,11.994537,8.502594,1008.595,9.730151906419284e-09,4,2025-06-30,39,40.962244600772436
2025-05-22 23:00:00,51.29999999999989,0.29999999999998833,0,0001,1.0,LAND,8.389313,6.2669983,1010.2356,1.2765488925185525e-08,4,2025-06-30,38,34.04612942998368
2025-05-23 00:00:00,51.29999999999989,0.09999999999998832,0,0001,1.0,LAND,7.5172424,6.0050354,1006.6406,1.3409989341184387e-08,4,2025-06-30,38,23.54805723086095
2025-05-23 06:00:00,51.39999999999989,-1.1685097334179773e-14,0,0001,1.0,LAND,7.474762,5.287506,1010.22815,1.403743365990768e-08,4,2025-06-30,37,10.658428250993522
2025-05-23 06:00:00,51.599999999999895,-0.3000000000000117,0,0001,1.0,LAND,7.71109,5.769928,1013.60815,1.3124224818028606e-08,4,2025-06-30,37,19.82619696545319
2025-05-02 16:00:00,51.09999999999989,-0.2000000000000117,0,0001,1.0,LAND,21.385162,14.4791565,1006.02686,1.112557320345155e-08,4,2025-06-30,58,40.962244600772436
2025-05-02 16:00:00,51.09999999999989,-0.10000000000001169,0,0001,1.0,LAND,21.41446,14.426422,1006.14685,1.080032352440967e-08,4,2025-06-30,58,40.53310281935765
2025-05-02 16:00:00,51.09999999999989,-1.1685097334179773e-14,0,0001,1.0,LAND,21.422272,14.397125,1005.8869,1.047507384536779e-08,4,2025-06-30,58,41.288056917692856
2025-05-11 23:00:00,51.29999999999989,-0.5000000000000117,0,0001,1.0,LAND,15.4791565,11.4339905,1000.34,1.3053091885151353e-08,4,2025-06-30,49,32.44089584179889
2025-05-11 23:00:00,51.29999999999989,-0.6000000000000116,0,0001,1.0,LAND,15.3697815,11.453522,1000.0,1.3037789773721382e-08,4,2025-06-30,49,38.373549071381824
2025-05-11 23:00:00,51.39999999999989,-0.4000000000000117,0,0001,1.0,LAND,15.817047,11.144928,1004.9,1.2884829943734422e-08,4,2025-06-30,49,21.090576198082893
2025-05-11 23:00:00,51.39999999999989,-0.5000000000000117,0,0001,1.0,LAND,15.7760315,11.25235,1005.38,1.297508467335019e-08,4,2025-06-30,49,27.711015216644522
2025-05-11 23:00:00,51.39999999999989,-0.6000000000000116,0,0001,1.0,LAND,15.60611,11.213287,1004.05,1.3065339402965961e-08,4,2025-06-30,49,34.454339963205406
2025-05-11 23:00:00,51.39999999999989,-0.7000000000000116,0,0001,1.0,LAND,15.504547,11.236725,1003.26,1.3155594132581735e-08,4,2025-06-30,49,41.26033394936161
2025-05-11 22:00:00,51.39999999999989,-0.4000000000000117,0,0001,1.0,LAND,16.409576,11.132477,1004.90686,1.2546811293627335e-08,4,2025-06-30,49,21.090576198082893
2025-05-13 00:00:00,51.39999999999989,0.09999999999998832,0,0001,1.0,LAND,13.131622,10.71817,1005.34064,1.8730927475728978e-08,4,2025-06-30,48,16.46467940573589
2025-05-12 23:00:00,51.39999999999989,0.49999999999998834,0,0001,1.0,LAND,14.13443,11.285675,1009.28876,1.969111684818557e-08,4,2025-06-30,48,43.15270307584333
2025-05-12 23:00:00,51.39999999999989,0.39999999999998836,0,0001,1.0,LAND,13.987946,11.109894,1008.14874,1.880145787206749e-08,4,2025-06-30,48,36.334820549835534
2025-05-21 01:00:00,51.5,-0.75,0,0001,1.0,MARINE,13.070709,7.1698303,1008.2019,9.36079897391915e-09,4,2025-06-30,39,44.22894875284314
2025-06-19 14:00:00,51.699999999999896,-0.10000000000001169,0,0001,1.0,LAND,27.94107,13.575836,1016.64374,1.1115583194629038e-08,4,2025-06-30,10,26.212775038092996
2025-06-19 14:00:00,51.699999999999896,-0.2000000000000117,0,0001,1.0,LAND,27.76529,13.476227,1015.41376,1.0344620641571334e-08,4,2025-06-30,10,26.86311051345185
2025-06-19 13:00:00,51.699999999999896,-0.2000000000000117,0,0001,1.0,LAND,27.288727,13.575592,1015.54065,1.0185678263793505e-08,4,2025-06-30,10,26.86311051345185
2025-06-19 12:00:00,51.699999999999896,-0.2000000000000117,0,0001,1.0,LAND,26.58902,13.665192,1015.84875,1.0026735886015678e-08,4,2025-06-30,10,26.86311051345185
2025-06-19 11:00:00,51.699999999999896,-0.10000000000001169,0,0001,1.0,LAND,25.83194,14.092194,1017.1194,1.1347803215619354e-08,4,2025-06-30,10,26.212775038092996
2025-06-19 08:00:00,51.599999999999895,-1.1685097334179773e-14,0,0001,1.0,LAND,21.6232,14.695465,1022.20685,1.47423856825887e-08,4,2025-06-30,10,17.008770232400813
2025-06-19 08:00:00,51.699999999999896,0.29999999999998833,0,0001,1.0,LAND,21.056793,14.345856,1016.1769,1.2260230238445051e-08,4,2025-06-30,10,38.77975895976825
2025-06-19 08:00:00,51.699999999999896,0.19999999999998833,0,0001,1.0,LAND,21.107574,14.478668,1016.84686,1.274987478557551e-08,4,2025-06-30,10,34.00670462454791
2025-06-19 07:00:00,51.49999999999989,-0.10000000000001169,0,0001,1.0,LAND,19.750397,14.320709,1021.8744,1.299626318599563e-08,4,2025-06-30,10,4.07090433179166
2025-06-19 07:00:00,51.49999999999989,-0.2000000000000117,0,0001,1.0,LAND,19.703522,14.389069,1021.5444,1.198127077180506e-08,4,2025-06-30,10,7.15832738512764
2025-06-14 02:00:00,51.49999999999989,-0.8000000000000116,0,0001,1.0,LAND,16.68692,14.834869,1004.655,1.031495703666472e-08,4,2025-06-30,15,47.67841366175094
2025-06-14 03:00:00,51.49999999999989,-0.6000000000000116,0,0001,1.0,LAND,16.981598,15.658112,1007.6887,1.0781339820909132e-08,4,2025-06-30,15,33.89627925337236
2025-06-18 16:00:00,51.5,0.5,0,0001,1.0,MARINE,26.45987,11.557037,1019.66187,8.996528374124202e-09,4,2025-06-30,11,42.691157833905436
2025-06-19 07:00:00,51.5,0.0,0,0001,1.0,MARINE,20.130524,15.053619,1018.89374,1.4011255600187673e-08,4,2025-06-30,10,8.820834702333476
2025-06-19 07:00:00,51.75,0.25,0,0001,1.0,MARINE,19.72232,14.284088,1018.28375,1.2235462689321625e-08,4,2025-06-30,10,40.49344434767617
2025-06-19 06:00:00,51.5,0.0,0,0001,1.0,MARINE,17.830719,14.451813,1018.53436,1.4458930275295735e-08,4,2025-06-30,10,8.820834702333476
2025-06-19 06:00:00,51.5,-0.25,0,0001,1.0,MARINE,17.71939,14.254547,1016.8144,1.1879172340245234e-08,4,2025-06-30,10,10.224501285529165
2025-06-19 06:00:00,51.75,0.25,0,0001,1.0,MARINE,17.623688,13.770172,1017.8844,1.2320490072603991e-08,4,2025-06-30,10,40.49344434767617
2025-06-19 08:00:00,51.75,0.25,0,0001,1.0,MARINE,21.73941,14.398102,1018.29565,1.2150435306039257e-08,4,2025-06-30,10,40.49344434767617
2025-06-19 08:00:00,51.5,-0.25,0,0001,1.0,MARINE,21.903473,14.935211,1017.1756,1.1068376789176573e-08,4,2025-06-30,10,10.224501285529165
2025-06-19 10:00:00,51.75,0.0,0,0001,1.0,MARINE,25.35196,14.104645,1016.755,1.2290817770951153e-08,4,2025-06-30,10,32.71385680574154
2025-02-01 06:00:00,51.699999999999896,-2.400000000000013,0,0001,1.0,LAND,4.1786194,3.764801,1018.8125,1.8976696436466798e-08,5,2025-04-27,84,28.245552985028663
2025-02-01 06:00:00,51.699999999999896,-2.500000000000013,0,0001,1.0,LAND,4.1161194,3.5831604,1019.7225,2.0539833001097484e-08,5,2025-04-27,84,26.003168031944746
2025-03-02 22:00:00,51.29999999999989,-2.700000000000013,0,0001,1.0,LAND,4.4544983,-0.85653687,1017.0619,2.4130486072265854e-08,5,2025-04-27,55,20.845443809830257
2025-03-03 06:00:00,51.49999999999989,-2.700000000000013,0,0001,1.0,LAND,0.39053345,-1.3977966,1024.1837,1.6531867319534735e-08,5,2025-04-27,54,9.073772799665416
2025-03-04 04:00:00,51.699999999999896,-2.500000000000013,0,0001,1.0,LAND,1.1756897,1.0294495,1018.1831,1.8540021790953264e-08,5,2025-04-27,53,26.003168031944746
2025-03-04 04:00:00,51.699999999999896,-2.600000000000013,0,0001,1.0,LAND,0.7831116,0.50405884,1016.7631,1.8798897003886292e-08,5,2025-04-27,53,25.494845623271992
2025-03-04 03:00:00,51.699999999999896,-2.400000000000013,0,0001,1.0,LAND,1.9828186,1.4464417,1017.6969,2.0163856959134944e-08,5,2025-04-27,53,28.245552985028663
2025-03-04 03:00:00,51.7999999999999,-2.400000000000013,0,0001,1.0,LAND,1.6781311,1.2472229,1019.03687,1.8170995291780082e-08,5,2025-04-27,53,38.56215153126827
2025-03-03 17:00:00,51.699999999999896,-2.400000000000013,0,0001,1.0,LAND,9.27713,3.6211243,1018.3869,1.1988726363508118e-08,5,2025-04-27,54,28.245552985028663
2025-03-03 17:00:00,51.699999999999896,-2.500000000000013,0,0001,1.0,LAND,9.353302,3.6269836,1019.28687,1.1909467450273565e-08,5,2025-04-27,54,26.003168031944746
2025-03-02 19:00:00,51.19999999999989,-2.700000000000013,0,0001,1.0,LAND,6.241974,-0.73861694,1019.8425,1.755587168232e-08,5,2025-04-27,55,31.329877861035822
2025-03-02 19:00:00,51.29999999999989,-2.600000000000013,0,0001,1.0,LAND,6.0290833,-1.004242,1012.6825,1.84776304442307e-08,5,2025-04-27,55,19.095297837772232
2025-03-01 09:00:00,51.7999999999999,-2.3000000000000127,0,0001,1.0,LAND,3.0011292,1.7394104,1027.0537,1.3123024888984107e-08,5,2025-04-27,56,41.275600597122306
2025-03-01 08:00:00,51.7999999999999,-2.400000000000013,0,0001,1.0,LAND,1.2235413,0.8548889,1026.1425,1.4180123741881382e-08,5,2025-04-27,56,38.56215153126827
2025-03-01 08:00:00,51.7999999999999,-2.500000000000013,0,0001,1.0,LAND,1.1356506,0.9408264,1023.4225,1.3892016093032224e-08,5,2025-04-27,56,36.95486019082051
2025-03-01 07:00:00,51.7999999999999,-2.500000000000013,0,0001,1.0,LAND,1.007721,0.8085022,1022.675,1.4752348981296256e-08,5,2025-04-27,56,36.95486019082051
2025-03-01 07:00:00,51.8999999999999,-2.400000000000013,0,0001,1.0,LAND,0.9393616,0.6502991,1026.455,1.422486339830549e-08,5,2025-04-27,56,49.22960212672707
2025-03-01 06:00:00,51.7999999999999,-2.500000000000013,0,0001,1.0,LAND,3.2030334,1.6075745,1021.8475,1.5612681869560288e-08,5,2025-04-27,56,36.95486019082051
2025-03-01 01:00:00,51.8999999999999,-2.600000000000013,0,0001,1.0,LAND,3.6722717,0.44961548,1015.6475,1.750968752397375e-08,5,2025-04-27,56,47.711454660795866
2025-03-02 09:00:00,51.699999999999896,-2.9000000000000132,0,0001,1.0,LAND,2.316803,0.8458557,1022.14435,9.971212647232682e-09,5,2025-04-27,55,33.827023154806916
2025-03-02 08:00:00,51.699999999999896,-2.700000000000013,0,0001,1.0,LAND,0.95669556,-0.92245483,1025.4606,1.1322835965131016e-08,5,2025-04-27,55,26.819368548807514
2025-03-02 08:00:00,51.7999999999999,-2.600000000000013,0,0001,1.0,LAND,0.94888306,-1.0220642,1021.23065,1.0260737962991312e-08,5,2025-04-27,55,36.59975293592393
2025-03-02 07:00:00,51.8999999999999,-2.500000000000013,0,0001,1.0,LAND,0.4840393,-1.2515564,1023.71686,1.0676945332486264e-08,5,2025-04-27,55,47.98379738600238
2025-03-02 03:00:00,51.7999999999999,-2.3000000000000127,0,0001,1.0,LAND,1.611969,-0.83895874,1027.8956,1.8155543041188268e-08,5,2025-04-27,55,41.275600597122306
2025-03-02 02:00:00,51.7999999999999,-2.2000000000000126,0,0001,1.0,LAND,1.9073792,-0.9307556,1021.9506,1.977868045270168e-08,5,2025-04-27,55,44.89508110936993
2025-03-01 03:00:00,51.75,-2.5,0,0001,1.0,MARINE,0.85440063,-0.42196655,1022.9775,1.8852553525239638e-08,5,2025-04-27,56,31.464304342094973
2025-03-02 08:00:00,51.75,-2.75,0,0001,1.0,MARINE,-0.027679443,-1.5843201,1024.2394,1.051819936703819e-08,5,2025-04-27,55,33.218027759635625
2025-03-02 08:00:00,51.75,-3.0,0,0001,1.0,MARINE,-0.08627319,-2.097992,1015.6894,1.0603070662215273e-08,5,2025-04-27,55,42.57807475734657
2025-03-02 08:00:00,51.75,-2.5,0,0001,1.0,MARINE,0.1402893,-0.7210388,1026.7594,1.1151863969309378e-08,5,2025-04-27,55,31.464304342094973
2025-03-02 07:00:00,51.75,-2.5,0,0001,1.0,MARINE,-0.12313843,-1.1517029,1026.8275,1.2563612189949702e-08,5,2025-04-27,55,31.464304342094973
2025-03-02 19:00:00,51.25,-2.75,0,0001,1.0,MARINE,6.5829163,-0.6636658,1025.4663,1.8107322227271018e-08,5,2025-04-27,55,27.354725982902632
2025-03-02 18:00:00,51.25,-3.0,0,0001,1.0,MARINE,8.617462,0.190094,1028.6825,1.5313474932554196e-08,5,2025-04-27,55,38.28265169563875
2025-03-02 07:00:00,51.75,-2.75,0,0001,1.0,MARINE,-0.5352478,-2.6653748,1024.2975,1.1790435794356982e-08,5,2025-04-27,55,33.218027759635625
2025-03-02 04:00:00,51.75,-2.25,0,0001,1.0,MARINE,0.27871704,-1.823822,1023.1225,1.694384199844409e-08,5,2025-04-27,55,38.37432755522156
2025-03-04 04:00:00,51.75,-2.5,0,0001,1.0,MARINE,0.32876587,0.12832642,1018.1225,1.761634091610879e-08,5,2025-04-27,53,31.464304342094973
2025-04-10 20:00:00,51.49999999999989,-2.700000000000013,0,0001,1.0,LAND,12.236725,5.86026,1021.675,1.9103008073542575e-08,5,2025-04-27,16,9.073772799665416
2025-04-10 21:00:00,51.49999999999989,-2.600000000000013,0,0001,1.0,LAND,11.151276,5.8299866,1020.02374,2.040111550527411e-08,5,2025-04-27,16,3.568797824073649
2025-04-10 22:00:00,51.49999999999989,-2.600000000000013,0,0001,1.0,LAND,10.244293,5.7999573,1019.8881,2.1833527014124443e-08,5,2025-04-27,16,3.568797824073649
2025-04-10 23:00:00,51.49999999999989,-2.600000000000013,0,0001,1.0,LAND,9.486969,5.829132,1019.6719,2.326593852297477e-08,5,2025-04-27,16,3.568797824073649
2025-04-10 23:00:00,51.39999999999989,-2.600000000000013,0,0001,1.0,LAND,9.395172,5.5674133,1011.9519,2.2286347702477567e-08,5,2025-04-27,16,8.064753193990896
2025-04-10 23:00:00,51.29999999999989,-2.400000000000013,0,0001,1.0,LAND,9.238922,5.1787415,1012.9319,2.1192705997503095e-08,5,2025-04-27,16,22.66621869099444
2025-04-10 23:00:00,51.19999999999989,-2.400000000000013,0,0001,1.0,LAND,8.893219,5.12796,1012.16187,2.0251067970691438e-08,5,2025-04-27,16,32.57236313500226
2025-04-10 23:00:00,51.19999999999989,-2.3000000000000127,0,0001,1.0,LAND,8.774078,5.063507,1013.64185,1.9709712121654402e-08,5,2025-04-27,16,35.783586757126784
2025-04-11 06:00:00,51.39999999999989,-2.3000000000000127,0,0001,1.0,LAND,5.9667053,4.4239807,1013.8269,1.507348668106031e-08,5,2025-04-27,15,20.794066093785606
2025-04-11 07:00:00,51.599999999999895,-2.500000000000013,0,0001,1.0,LAND,6.553253,5.832794,1018.0,1.507455515969915e-08,5,2025-04-27,15,15.295554239866972
2025-04-11 07:00:00,51.599999999999895,-2.400000000000013,0,0001,1.0,LAND,6.5278625,5.7605286,1014.85,1.5200477099241312e-08,5,2025-04-27,15,18.864488428967054
2025-04-11 07:00:00,51.49999999999989,-2.3000000000000127,0,0001,1.0,LAND,6.7583313,5.5417786,1011.51,1.4232451828188393e-08,5,2025-04-27,15,19.47525258070744
2025-04-11 07:00:00,51.39999999999989,-2.2000000000000126,0,0001,1.0,LAND,6.8872375,5.364044,1015.1,1.3387161749515096e-08,5,2025-04-27,15,27.332106343925236
2025-04-10 23:00:00,51.19999999999989,-2.2000000000000126,0,0001,1.0,LAND,8.656891,4.999054,1012.9319,1.916835627261727e-08,5,2025-04-27,16,39.95611317952712
2025-04-11 00:00:00,51.699999999999896,-2.400000000000013,0,0001,1.0,LAND,8.8680725,5.7224426,1017.40436,2.493387896152026e-08,5,2025-04-27,16,28.245552985028663
2025-04-11 00:00:00,51.599999999999895,-2.500000000000013,0,0001,1.0,LAND,8.981354,5.9704895,1020.15436,2.5648269286192305e-08,5,2025-04-27,16,15.295554239866972
2025-04-11 00:00:00,51.599999999999895,-2.400000000000013,0,0001,1.0,LAND,9.032135,5.7966614,1017.0444,2.5548203552715236e-08,5,2025-04-27,16,18.864488428967054
2025-04-11 00:00:00,51.599999999999895,-2.3000000000000127,0,0001,1.0,LAND,9.053619,5.5173645,1013.34436,2.4439630763594256e-08,5,2025-04-27,16,23.947092221469436
2025-04-11 00:00:00,51.29999999999989,-2.1000000000000125,0,0001,1.0,LAND,8.248932,4.8923645,1016.40436,2.0386403232208022e-08,5,2025-04-27,16,38.20697538157008
2025-04-11 00:00:00,51.19999999999989,-2.1000000000000125,0,0001,1.0,LAND,7.8661194,4.8259583,1011.72437,1.9774375914493794e-08,5,2025-04-27,16,44.822270702230426
2025-04-11 05:00:00,51.39999999999989,-2.3000000000000127,0,0001,1.0,LAND,6.221344,4.479889,1014.3119,1.634126482278645e-08,5,2025-04-27,15,20.794066093785606
2025-04-11 01:00:00,51.699999999999896,-2.400000000000013,0,0001,1.0,LAND,8.287506,5.7340393,1017.22186,2.3466785255740626e-08,5,2025-04-27,15,28.245552985028663
2025-04-11 01:00:00,51.699999999999896,-2.3000000000000127,0,0001,1.0,LAND,8.305084,5.3961487,1015.09186,2.2804393429165958e-08,5,2025-04-27,15,31.857910682512117
2025-04-11 01:00:00,51.599999999999895,-2.500000000000013,0,0001,1.0,LAND,8.547272,6.0934143,1019.96185,2.4137738696693285e-08,5,2025-04-27,15,15.295554239866972
2025-04-11 04:00:00,51.39999999999989,-2.3000000000000127,0,0001,1.0,LAND,6.570709,4.608307,1014.39874,1.7609042964512595e-08,5,2025-04-27,15,20.794066093785606
2025-04-24 21:00:00,51.25,-2.25,0,0001,1.0,MARINE,9.81192,7.8544006,1009.35876,1.680215181570963e-08,5,2025-04-27,2,33.488870221870215
2025-04-10 19:00:00,51.5,-2.75,0,0001,1.0,MARINE,14.009186,4.771881,1018.7406,1.7757411523849697e-08,5,2025-04-27,16,12.372979663557224
2025-04-10 19:00:00,51.5,-3.0,0,0001,1.0,MARINE,13.757233,5.2445374,1020.65063,1.8151702058099916e-08,5,2025-04-27,16,29.43574171506563
2025-04-10 18:00:00,51.5,-3.0,0,0001,1.0,MARINE,14.647614,4.2169495,1020.78687,1.668067745042004e-08,5,2025-04-27,16,29.43574171506563
2025-04-21 09:00:00,51.599999999999895,0.5999999999999883,0,0001,1.0,LAND,11.630768,9.270172,1006.41125,2.153112177438808e-08,6,2025-06-26,65,40.93453315614604
2025-04-21 10:00:00,51.599999999999895,0.5999999999999883,0,0001,1.0,LAND,12.297516,9.301422,1006.5481,2.2809253448960212e-08,6,2025-06-26,65,40.93453315614604
2025-04-21 15:00:00,51.7999999999999,0.49999999999998834,0,0001,1.0,LAND,13.900787,9.532257,1002.54376,1.7615651548565657e-08,6,2025-06-26,65,48.5839150396404
2025-04-28 06:00:00,51.39999999999989,0.09999999999998832,0,0001,1.0,LAND,8.920074,7.9620667,1016.76373,1.9530322026284286e-08,6,2025-06-26,58,7.9083467995822785
2025-04-28 07:00:00,51.7999999999999,0.39999999999998836,0,0001,1.0,LAND,11.672272,8.799225,1019.0925,1.6923578168479235e-08,6,2025-06-26,58,44.49054916270045
2025-04-28 06:00:00,51.39999999999989,-1.1685097334179773e-14,0,0001,1.0,LAND,8.812653,7.8800354,1016.2537,1.9453198607521642e-08,6,2025-06-26,58,7.914907066762735
2025-04-27 10:00:00,51.599999999999895,0.49999999999998834,0,0001,1.0,LAND,14.217926,9.175201,1022.9456,1.2523448500444778e-08,6,2025-06-26,59,34.60158095713348
2025-04-27 11:00:00,51.39999999999989,0.09999999999998832,0,0001,1.0,LAND,16.661041,8.6719055,1016.3725,1.191317697268677e-08,6,2025-06-26,59,7.9083467995822785
2025-04-27 12:00:00,51.29999999999989,-1.1685097334179773e-14,0,0001,1.0,LAND,17.760895,8.174591,1010.3206,9.046049909142326e-09,6,2025-06-26,59,18.560092951038826
2025-04-27 14:00:00,51.39999999999989,0.29999999999998833,0,0001,1.0,LAND,18.045319,7.9743958,1017.83624,1.1961873547238825e-08,6,2025-06-26,59,18.726469589164527
2025-04-27 15:00:00,51.39999999999989,0.29999999999998833,0,0001,1.0,LAND,18.065582,8.046051,1017.7325,1.355276449399559e-08,6,2025-06-26,59,18.726469589164527
2025-04-11 14:00:00,51.699999999999896,0.5999999999999883,0,0001,1.0,LAND,17.684235,7.5968323,1015.77686,1.9233519499284776e-08,6,2025-06-26,75,46.17904664949059
2025-04-11 15:00:00,51.29999999999989,-0.10000000000001169,0,0001,1.0,LAND,18.603424,7.0143127,1005.52686,1.5995789651168836e-08,6,2025-06-26,75,20.997778179930542
2025-04-15 12:00:00,51.699999999999896,0.39999999999998836,0,0001,1.0,LAND,13.488922,8.511627,986.53876,1.8185629002687585e-08,6,2025-06-26,71,35.68416768476911
2025-04-15 12:00:00,51.699999999999896,0.29999999999998833,0,0001,1.0,LAND,13.498688,8.398346,985.8187,1.785599068604466e-08,6,2025-06-26,71,31.41674104754513
2025-04-15 10:00:00,51.699999999999896,0.49999999999998834,0,0001,1.0,LAND,10.532379,8.420074,988.3106,1.8627948591051395e-08,6,2025-06-26,71,40.68403829303609
2025-04-15 11:00:00,51.599999999999895,0.29999999999998833,0,0001,1.0,LAND,12.799469,8.559723,990.695,1.8103396670632043e-08,6,2025-06-26,71,22.96988624586488
2025-04-10 17:00:00,51.699999999999896,0.5999999999999883,0,0001,1.0,LAND,12.200348,6.394684,1023.15625,9.477336508172401e-09,6,2025-06-26,76,46.17904664949059
2025-04-10 18:00:00,51.599999999999895,0.29999999999998833,0,0001,1.0,LAND,12.125153,6.257721,1023.3819,1.5254992657975667e-08,6,2025-06-26,76,22.96988624586488
2025-04-21 06:00:00,51.25,0.5,0,0001,1.0,MARINE,8.789215,8.113434,998.3044,1.9217875263377765e-08,6,2025-06-26,65,39.267129771645266
2025-04-21 10:00:00,51.75,0.25,0,0001,1.0,MARINE,11.467438,9.125397,1002.02563,2.0285755279274176e-08,6,2025-06-26,65,34.67264647599278
2025-04-21 09:00:00,51.5,0.75,0,0001,1.0,MARINE,10.450348,8.755524,1006.1775,2.2929424872697532e-08,6,2025-06-26,65,48.6312256995552
2025-04-21 09:00:00,51.75,0.5,0,0001,1.0,MARINE,10.12027,8.63443,1003.5375,1.8460949893773134e-08,6,2025-06-26,65,44.46215641980191
2025-04-21 08:00:00,51.75,0.5,0,0001,1.0,MARINE,9.39798,8.230621,1002.8894,1.7335769764148963e-08,6,2025-06-26,65,44.46215641980191
2025-04-21 11:00:00,51.5,0.75,0,0001,1.0,MARINE,12.627106,9.17569,1006.9313,2.5634808336246483e-08,6,2025-06-26,65,48.6312256995552
2025-04-21 11:00:00,51.75,0.5,0,0001,1.0,MARINE,12.287262,9.41983,1004.1912,2.071131015302147e-08,6,2025-06-26,65,44.46215641980191
2025-04-17 05:00:00,51.5,-0.25,0,0001,1.0,MARINE,4.268463,3.3102112,1003.5825,9.025905106652149e-09,6,2025-06-26,69,21.164697502335002
2025-04-28 07:00:00,51.75,0.25,0,0001,1.0,MARINE,12.172882,9.228546,1020.0206,1.7026278646230055e-08,6,2025-06-26,58,34.67264647599278
2025-04-28 07:00:00,51.75,-0.5,0,0001,1.0,MARINE,12.045929,8.826202,1015.7406,1.1178108670166284e-08,6,2025-06-26,58,49.54596696031938
2025-04-28 06:00:00,51.5,0.0,0,0001,1.0,MARINE,8.814362,7.671417,1020.34375,1.9520812077899926e-08,6,2025-06-26,58,5.301006240298709
2025-04-27 11:00:00,51.5,0.25,0,0001,1.0,MARINE,16.964508,8.589752,1020.8013,1.1626963880110474e-08,6,2025-06-26,59,14.410549066546379
2025-04-27 11:00:00,51.5,0.0,0,0001,1.0,MARINE,17.564117,8.529205,1019.4412,1.4702935776285325e-08,6,2025-06-26,59,5.301006240298709
2025-04-27 07:00:00,51.25,-0.25,0,0001,1.0,MARINE,8.125763,7.709259,1016.4994,1.953899758308487e-08,6,2025-06-26,59,31.62702583890262
2025-04-10 16:00:00,51.75,-0.5,0,0001,1.0,MARINE,14.940094,4.644928,1017.0544,1.5376130405957222e-08,6,2025-06-26,76,49.54596696031938
2025-04-10 16:00:00,51.75,-0.25,0,0001,1.0,MARINE,14.709625,4.8597717,1018.21436,1.5565866891739252e-08,6,2025-06-26,76,37.96252830478944
2025-04-10 16:00:00,51.75,0.0,0,0001,1.0,MARINE,14.4635315,5.0609436,1020.0044,1.5102114706937094e-08,6,2025-06-26,76,31.993985654645908
2025-04-10 16:00:00,51.75,0.25,0,0001,1.0,MARINE,14.10025,5.392975,1021.3844,1.1980922212662463e-08,6,2025-06-26,76,34.67264647599278
2025-04-10 19:00:00,51.75,-0.5,0,0001,1.0,MARINE,13.784576,4.1566467,1016.0106,2.1403868200968816e-08,6,2025-06-26,76,49.54596696031938
2025-04-10 18:00:00,51.75,0.0,0,0001,1.0,MARINE,13.688629,5.066559,1019.02686,1.8513123173358668e-08,6,2025-06-26,76,31.993985654645908
2025-04-10 18:00:00,51.75,-0.25,0,0001,1.0,MARINE,13.991364,4.8087463,1017.2569,1.9475046353357303e-08,6,2025-06-26,76,37.96252830478944
2025-04-10 17:00:00,51.75,0.25,0,0001,1.0,MARINE,13.9711,5.304352,1020.9294,1.3269784484779384e-08,6,2025-06-26,76,34.67264647599278
2025-04-10 17:00:00,51.75,0.0,0,0001,1.0,MARINE,14.3246155,4.935211,1019.5594,1.6807618940147883e-08,6,2025-06-26,76,31.993985654645908
2025-05-21 06:00:00,51.09999999999989,-0.2000000000000117,0,0001,1.0,LAND,11.994537,8.502594,1008.595,9.730151906419284e-09,6,2025-06-26,35,44.050457009324546
2025-05-22 23:00:00,51.29999999999989,0.29999999999998833,0,0001,1.0,LAND,8.389313,6.2669983,1010.2356,1.2765488925185525e-08,6,2025-06-26,34,25.162305067330987
2025-05-23 00:00:00,51.29999999999989,0.09999999999998832,0,0001,1.0,LAND,7.5172424,6.0050354,1006.6406,1.3409989341184387e-08,6,2025-06-26,34,18.557290175666033
2025-05-23 06:00:00,51.39999999999989,-1.1685097334179773e-14,0,0001,1.0,LAND,7.474762,5.287506,1010.22815,1.403743365990768e-08,6,2025-06-26,33,7.914907066762735
2025-05-23 06:00:00,51.599999999999895,-0.3000000000000117,0,0001,1.0,LAND,7.71109,5.769928,1013.60815,1.3124224818028606e-08,6,2025-06-26,33,28.553794362580945
2025-05-02 16:00:00,51.09999999999989,-0.2000000000000117,0,0001,1.0,LAND,21.385162,14.4791565,1006.02686,1.112557320345155e-08,6,2025-06-26,54,44.050457009324546
2025-05-02 16:00:00,51.09999999999989,-0.10000000000001169,0,0001,1.0,LAND,21.41446,14.426422,1006.14685,1.080032352440967e-08,6,2025-06-26,54,41.79531063161156
2025-05-02 16:00:00,51.09999999999989,-1.1685097334179773e-14,0,0001,1.0,LAND,21.422272,14.397125,1005.8869,1.047507384536779e-08,6,2025-06-26,54,40.620170760125305
2025-05-11 23:00:00,51.29999999999989,-0.5000000000000117,0,0001,1.0,LAND,15.4791565,11.4339905,1000.34,1.3053091885151353e-08,6,2025-06-26,45,42.30691471025333
2025-05-11 23:00:00,51.29999999999989,-0.6000000000000116,0,0001,1.0,LAND,15.3697815,11.453522,1000.0,1.3037789773721382e-08,6,2025-06-26,45,48.66134431316304
2025-05-11 23:00:00,51.39999999999989,-0.4000000000000117,0,0001,1.0,LAND,15.817047,11.144928,1004.9,1.2884829943734422e-08,6,2025-06-26,45,32.003332524761824
2025-05-11 23:00:00,51.39999999999989,-0.5000000000000117,0,0001,1.0,LAND,15.7760315,11.25235,1005.38,1.297508467335019e-08,6,2025-06-26,45,38.79292485805724
2025-05-11 23:00:00,51.39999999999989,-0.6000000000000116,0,0001,1.0,LAND,15.60611,11.213287,1004.05,1.3065339402965961e-08,6,2025-06-26,45,45.625448603700214
2025-05-11 22:00:00,51.39999999999989,-0.4000000000000117,0,0001,1.0,LAND,16.409576,11.132477,1004.90686,1.2546811293627335e-08,6,2025-06-26,45,32.003332524761824
2025-05-13 00:00:00,51.39999999999989,0.09999999999998832,0,0001,1.0,LAND,13.131622,10.71817,1005.34064,1.8730927475728978e-08,6,2025-06-26,44,7.9083467995822785
2025-05-12 23:00:00,51.39999999999989,0.49999999999998834,0,0001,1.0,LAND,14.13443,11.285675,1009.28876,1.969111684818557e-08,6,2025-06-26,44,31.98873325926406
2025-05-12 23:00:00,51.39999999999989,0.39999999999998836,0,0001,1.0,LAND,13.987946,11.109894,1008.14874,1.880145787206749e-08,6,2025-06-26,44,25.27691922782951
2025-05-12 23:00:00,51.5,0.75,0,0001,1.0,MARINE,13.917145,12.057037,1012.1025,2.245127345146236e-08,6,2025-06-26,44,48.6312256995552
2025-06-19 14:00:00,51.699999999999896,-0.10000000000001169,0,0001,1.0,LAND,27.94107,13.575836,1016.64374,1.1115583194629038e-08,6,2025-06-26,6,28.221556645263778
2025-06-19 14:00:00,51.699999999999896,-0.2000000000000117,0,0001,1.0,LAND,27.76529,13.476227,1015.41376,1.0344620641571334e-08,6,2025-06-26,6,31.42494599708363
2025-06-19 13:00:00,51.699999999999896,-0.2000000000000117,0,0001,1.0,LAND,27.288727,13.575592,1015.54065,1.0185678263793505e-08,6,2025-06-26,6,31.42494599708363
2025-06-19 12:00:00,51.699999999999896,-0.2000000000000117,0,0001,1.0,LAND,26.58902,13.665192,1015.84875,1.0026735886015678e-08,6,2025-06-26,6,31.42494599708363
2025-06-19 11:00:00,51.699999999999896,-0.10000000000001169,0,0001,1.0,LAND,25.83194,14.092194,1017.1194,1.1347803215619354e-08,6,2025-06-26,6,28.221556645263778
2025-06-19 08:00:00,51.599999999999895,-1.1685097334179773e-14,0,0001,1.0,LAND,21.6232,14.695465,1022.20685,1.47423856825887e-08,6,2025-06-26,6,15.519078265268428
2025-06-19 08:00:00,51.699999999999896,0.29999999999998833,0,0001,1.0,LAND,21.056793,14.345856,1016.1769,1.2260230238445051e-08,6,2025-06-26,6,31.41674104754513
2025-06-19 08:00:00,51.699999999999896,0.19999999999998833,0,0001,1.0,LAND,21.107574,14.478668,1016.84686,1.274987478557551e-08,6,2025-06-26,6,28.216075052591762
2025-06-19 07:00:00,51.49999999999989,-0.10000000000001169,0,0001,1.0,LAND,19.750397,14.320709,1021.8744,1.299626318599563e-08,6,2025-06-26,6,11.14044185489501
2025-06-19 07:00:00,51.49999999999989,-0.2000000000000117,0,0001,1.0,LAND,19.703522,14.389069,1021.5444,1.198127077180506e-08,6,2025-06-26,6,17.77704258769372
2025-06-19 07:00:00,51.7999999999999,0.39999999999998836,0,0001,1.0,LAND,19.310944,13.916412,1017.3544,1.1088272078297585e-08,6,2025-06-26,6,44.49054916270045
2025-06-14 03:00:00,51.49999999999989,-0.6000000000000116,0,0001,1.0,LAND,16.981598,15.658112,1007.6887,1.0781339820909132e-08,6,2025-06-26,11,45.19644682440891
2025-06-18 16:00:00,51.5,0.5,0,0001,1.0,MARINE,26.45987,11.557037,1019.66187,8.996528374124202e-09,6,2025-06-26,7,31.410700394921903
2025-06-19 07:00:00,51.5,0.0,0,0001,1.0,MARINE,20.130524,15.053619,1018.89374,1.4011255600187673e-08,6,2025-06-26,6,5.301006240298709
2025-06-19 07:00:00,51.75,0.5,0,0001,1.0,MARINE,19.902008,15.121979,1020.0037,1.1257432555589323e-08,6,2025-06-26,6,44.46215641980191
2025-06-19 07:00:00,51.75,0.25,0,0001,1.0,MARINE,19.72232,14.284088,1018.28375,1.2235462689321625e-08,6,2025-06-26,6,34.67264647599278
2025-06-19 06:00:00,51.5,0.0,0,0001,1.0,MARINE,17.830719,14.451813,1018.53436,1.4458930275295735e-08,6,2025-06-26,6,5.301006240298709
2025-06-19 06:00:00,51.5,-0.25,0,0001,1.0,MARINE,17.71939,14.254547,1016.8144,1.1879172340245234e-08,6,2025-06-26,6,21.164697502335002
2025-06-19 06:00:00,51.75,0.25,0,0001,1.0,MARINE,17.623688,13.770172,1017.8844,1.2320490072603991e-08,6,2025-06-26,6,34.67264647599278
2025-06-19 08:00:00,51.75,0.25,0,0001,1.0,MARINE,21.73941,14.398102,1018.29565,1.2150435306039257e-08,6,2025-06-26,6,34.67264647599278
2025-06-19 08:00:00,51.5,-0.25,0,0001,1.0,MARINE,21.903473,14.935211,1017.1756,1.1068376789176573e-08,6,2025-06-26,6,21.164697502335002
2025-06-19 08:00:00,51.75,0.5,0,0001,1.0,MARINE,21.661285,15.132477,1020.03564,1.1486911699609811e-08,6,2025-06-26,6,44.46215641980191
2025-06-19 10:00:00,51.75,0.0,0,0001,1.0,MARINE,25.35196,14.104645,1016.755,1.2290817770951153e-08,6,2025-06-26,6,31.993985654645908
2025-01-22 11:00:00,51.7999999999999,-4.300000000000013,0,0001,1.0,LAND,4.8314514,3.6246643,994.995,1.6225918035110766e-08,8,2025-03-02,38,27.827470490198664
2025-01-22 11:00:00,51.8999999999999,-4.2000000000000135,0,0001,1.0,LAND,4.3490295,3.2242737,989.245,1.5753671385917708e-08,8,2025-03-02,38,31.30798304281506
2025-01-04 02:00:00,51.49999999999989,-3.3000000000000136,0,0001,1.0,LAND,1.5296936,-0.3843689,1010.4387,1.851364561192981e-08,8,2025-03-02,56,49.34182243370908
2025-01-04 02:00:00,51.599999999999895,-3.3000000000000136,0,0001,1.0,LAND,0.24258423,-1.5542908,1000.47876,1.9670085948939508e-08,8,2025-03-02,56,46.50519405798847
2025-01-22 10:00:00,52.0,-4.25,0,0001,1.0,MARINE,2.6158752,2.306549,988.51624,1.4716923013580314e-08,8,2025-03-02,38,42.699862285939155
2025-01-15 20:00:00,51.5,-3.75,0,0001,1.0,MARINE,5.162262,4.5309143,1022.28314,2.337614509369709e-08,8,2025-03-02,45,23.11295469073027
2025-10-17 03:00:00,52.79999999999991,-0.8000000000000116,0,0001,1.0,LAND,10.112213,8.718658,1012.65814,1.2891211653708527e-08,9,2025-12-20,63,40.85321790365136
2025-10-17 03:00:00,52.69999999999991,-0.7000000000000116,0,0001,1.0,LAND,10.286041,9.07608,1012.84814,1.1498277385778802e-08,9,2025-12-20,63,45.70521383301437
2025-10-17 03:00:00,52.79999999999991,-0.9000000000000116,0,0001,1.0,LAND,10.178619,8.730377,1014.0681,1.3908672213956978e-08,9,2025-12-20,63,34.504700089529116
2025-10-17 11:00:00,52.59999999999991,-1.500000000000012,0,0001,1.0,LAND,12.9548645,7.427887,1014.2325,1.2434929456498324e-08,9,2025-12-20,63,12.773315870236301
2025-10-17 11:00:00,52.49999999999991,-1.400000000000012,0,0001,1.0,LAND,13.052521,7.4376526,1014.7825,1.2331667390933021e-08,9,2025-12-20,63,20.934585421855665
2025-10-17 12:00:00,53.099999999999916,-1.3000000000000118,0,0001,1.0,LAND,12.275299,6.9271545,1008.96686,1.4790531466246704e-08,9,2025-12-20,63,46.132589106384415
2025-10-17 12:00:00,52.299999999999905,-1.2000000000000117,0,0001,1.0,LAND,13.070221,7.0834045,1012.1169,1.1723569670607465e-08,9,2025-12-20,63,44.77065429699514
2025-10-16 16:00:00,52.69999999999991,-1.400000000000012,0,0001,1.0,LAND,13.083649,6.8974915,1012.89624,1.0193174748706496e-08,9,2025-12-20,64,2.0153267930301326
2025-10-16 16:00:00,52.69999999999991,-1.3000000000000118,0,0001,1.0,LAND,13.16568,6.842804,1013.4462,1.0229895079186367e-08,9,2025-12-20,64,5.422574866048256
2025-10-16 15:00:00,52.79999999999991,-1.0000000000000115,0,0001,1.0,LAND,13.397858,6.9720764,1017.3762,9.27551546681067e-09,9,2025-12-20,64,28.33350269921713
2025-10-16 14:00:00,52.89999999999991,-1.0000000000000115,0,0001,1.0,LAND,13.344025,7.2132874,1021.73,8.981712484867667e-09,9,2025-12-20,64,34.6759643360449
2025-10-16 15:00:00,52.79999999999991,-1.1000000000000116,0,0001,1.0,LAND,13.362701,7.0365295,1018.4363,9.804838385640243e-09,9,2025-12-20,64,22.486113542768734
2025-10-17 11:00:00,53.0,-1.25,0,0001,1.0,MARINE,11.543121,8.741364,1016.47565,1.578225946226769e-08,9,2025-12-20,63,35.763057310230955
2025-10-17 11:00:00,52.75,-1.25,0,0001,1.0,MARINE,12.107574,8.454254,1016.0556,1.5536599988023057e-08,9,2025-12-20,63,11.048124145541719
2025-10-16 16:00:00,52.5,-2.0,0,0001,1.0,MARINE,12.690094,8.116119,1014.53687,1.066699114223482e-08,9,2025-12-20,64,46.92277116969979
2025-10-16 16:00:00,52.75,-1.5,0,0001,1.0,MARINE,12.735016,7.7235413,1013.6169,1.0392727160339032e-08,9,2025-12-20,64,10.746306645287776
2025-10-16 15:00:00,53.0,-1.0,0,0001,1.0,MARINE,13.0104065,7.7931213,1019.865,1.0022001672993429e-08,9,2025-12-20,64,43.00398291753701
2025-10-11 20:00:00,52.75,-0.75,0,0001,1.0,MARINE,10.4947815,8.210114,1024.0044,2.1078278326462338e-08,9,2025-12-20,69,42.853214775731146
2025-03-20 02:00:00,51.699999999999896,0.5999999999999883,0,0001,1.0,LAND,7.4378967,4.767975,1015.7425,1.8399117562851553e-08,10,2025-05-03,43,47.333278841714105
2025-03-20 01:00:00,51.599999999999895,0.39999999999998836,0,0001,1.0,LAND,7.6896057,4.9200745,1016.85376,2.4744888878675158e-08,10,2025-05-03,43,33.67791810684823
2025-03-20 00:00:00,51.599999999999895,0.29999999999998833,0,0001,1.0,LAND,8.091705,4.8717346,1016.58374,3.07313925418354e-08,10,2025-05-03,44,26.88840135191211
2025-03-19 23:00:00,51.49999999999989,-1.1685097334179773e-14,0,0001,1.0,LAND,8.658356,4.8231506,1017.97687,3.570576854553209e-08,10,2025-05-03,44,17.48590540783974
2025-03-19 23:00:00,51.599999999999895,0.09999999999998832,0,0001,1.0,LAND,8.761871,4.9012756,1017.78687,3.68900635409384e-08,10,2025-05-03,44,13.655396530036379
2025-03-19 23:00:00,51.599999999999895,-1.1685097334179773e-14,0,0001,1.0,LAND,8.797028,4.8485413,1017.8769,4.071277344881496e-08,10,2025-05-03,44,7.821165304370904
2025-03-19 23:00:00,51.599999999999895,-0.2000000000000117,0,0001,1.0,LAND,8.707184,4.612213,1015.0069,3.965250305881145e-08,10,2025-05-03,44,9.8229914887161
2025-03-26 09:00:00,51.599999999999895,-0.8000000000000116,0,0001,1.0,LAND,9.396149,6.7778625,1012.1694,1.5835928568465004e-08,10,2025-05-03,37,49.8977579782244
2025-03-26 08:00:00,51.7999999999999,-0.7000000000000116,0,0001,1.0,LAND,8.022858,6.1769104,1009.37,1.5062645353225795e-08,10,2025-05-03,37,45.7977124583658
2025-03-26 07:00:00,51.9999999999999,-0.5000000000000117,0,0001,1.0,LAND,7.8138733,7.335846,1015.53687,1.4899040223781629e-08,10,2025-05-03,37,48.494285839448196
2025-03-26 06:00:00,51.9999999999999,-0.3000000000000117,0,0001,1.0,LAND,7.7845764,7.561676,1015.11127,1.3685750366311049e-08,10,2025-05-03,37,41.831782866901094
2025-03-03 15:00:00,51.9999999999999,-1.1685097334179773e-14,0,0001,1.0,LAND,10.205841,3.3316956,1017.1069,9.803980682846365e-09,10,2025-05-03,60,39.442201796213354
2025-03-03 15:00:00,51.9999999999999,-0.10000000000001169,0,0001,1.0,LAND,10.250763,3.4664612,1017.1669,9.712514292828302e-09,10,2025-05-03,60,39.063526429331134
2025-03-03 14:00:00,51.7999999999999,0.29999999999998833,0,0001,1.0,LAND,9.334991,2.6105042,1019.09125,1.269995177078083e-08,10,2025-05-03,60,31.189005388151998
2025-03-03 13:00:00,51.599999999999895,0.49999999999998834,0,0001,1.0,LAND,7.3139954,3.405182,1026.1819,1.5999292538964788e-08,10,2025-05-03,60,40.50583305269409
2025-03-03 15:00:00,51.8999999999999,-0.2000000000000117,0,0001,1.0,LAND,10.03006,3.2945862,1015.1269,1.134897370525183e-08,10,2025-05-03,60,29.089786694555485
2025-03-03 15:00:00,51.8999999999999,-0.10000000000001169,0,0001,1.0,LAND,10.026154,3.150055,1016.15686,1.1835365389126107e-08,10,2025-05-03,60,27.952359543910337
2025-03-03 16:00:00,51.9999999999999,-0.10000000000001169,0,0001,1.0,LAND,10.070831,3.3349915,1016.9275,1.1937936417186408e-08,10,2025-05-03,60,39.063526429331134
2025-03-04 03:00:00,51.29999999999989,-0.3000000000000117,0,0001,1.0,LAND,-0.45663452,-0.9793396,1015.97687,3.2757297541152964e-08,10,2025-05-03,59,41.6415786319979
2025-03-04 03:00:00,51.29999999999989,-0.4000000000000117,0,0001,1.0,LAND,-0.46835327,-0.9402771,1017.3769,2.9763248310388774e-08,10,2025-05-03,59,44.62774303467308
2025-03-03 15:00:00,51.8999999999999,-1.1685097334179773e-14,0,0001,1.0,LAND,10.008575,2.9820862,1016.78687,1.2321757073000388e-08,10,2025-05-03,60,28.480324146318797
2025-03-03 16:00:00,51.8999999999999,-0.10000000000001169,0,0001,1.0,LAND,9.809113,3.030304,1015.9475,1.4269015728247652e-08,10,2025-05-03,60,27.952359543910337
2025-03-03 16:00:00,51.8999999999999,-0.2000000000000117,0,0001,1.0,LAND,9.824738,3.1670227,1014.9175,1.3752186204624636e-08,10,2025-05-03,60,29.089786694555485
2025-03-03 16:00:00,51.8999999999999,-0.3000000000000117,0,0001,1.0,LAND,9.850128,3.2588196,1013.8575,1.3235356681001619e-08,10,2025-05-03,60,31.71391806598429
2025-03-02 17:00:00,51.599999999999895,0.09999999999998832,0,0001,1.0,LAND,6.7862854,1.5676575,1028.9806,2.786483740043291e-08,10,2025-05-03,61,13.655396530036379
2025-03-02 17:00:00,51.599999999999895,-1.1685097334179773e-14,0,0001,1.0,LAND,6.8937073,1.2453918,1029.0707,2.9328722931745015e-08,10,2025-05-03,61,7.821165304370904
2025-03-02 15:00:00,51.599999999999895,0.19999999999998833,0,0001,1.0,LAND,7.3420715,2.0786438,1029.2294,2.1159890506439084e-08,10,2025-05-03,61,20.176103660259248
2025-03-02 02:00:00,51.39999999999989,0.19999999999998833,0,0001,1.0,LAND,0.34683228,0.250885,1026.4507,2.2799856706312134e-08,10,2025-05-03,61,33.8386789926938
2025-03-23 18:00:00,51.25,0.25,0,0001,1.0,MARINE,10.927887,9.569244,995.5044,1.725815051978313e-08,10,2025-05-03,40,49.948299829328555
2025-03-23 17:00:00,51.25,0.0,0,0001,1.0,MARINE,11.69986,10.280182,994.4938,1.7708143507099952e-08,10,2025-05-03,40,44.71129091187953
2025-03-26 15:00:00,51.5,0.25,0,0001,1.0,MARINE,14.778229,7.120758,1018.79376,9.389217833777307e-09,10,2025-05-03,37,28.262816044135096
2025-03-26 04:00:00,52.0,-0.25,0,0001,1.0,MARINE,6.322174,5.973297,1014.81,1.3857989478172377e-08,10,2025-05-03,37,40.72454967488282
2025-03-26 03:00:00,52.0,-0.25,0,0001,1.0,MARINE,7.4530334,6.81485,1014.7356,1.4415438218118615e-08,10,2025-05-03,37,40.72454967488282
2025-03-26 08:00:00,51.75,-0.5,0,0001,1.0,MARINE,8.561432,7.879547,1014.11,1.4964142591722473e-08,10,2025-05-03,37,30.95794969579293
2025-03-26 08:00:00,52.0,-0.5,0,0001,1.0,MARINE,8.332916,7.8580627,1015.26,1.4451194019216078e-08,10,2025-05-03,37,48.49428583945661
2025-03-03 13:00:00,51.75,0.5,0,0001,1.0,MARINE,9.320953,2.1915588,1023.79565,1.2902831434079324e-08,10,2025-05-03,60,41.620697903454584
2025-03-03 14:00:00,51.75,0.5,0,0001,1.0,MARINE,10.045563,2.118805,1023.1362,1.5252545557583808e-08,10,2025-05-03,60,41.620697903454584
2025-03-03 14:00:00,51.75,0.25,0,0001,1.0,MARINE,10.594391,1.7086487,1021.2463,1.3629975520342139e-08,10,2025-05-03,60,25.461209934155036
2025-03-03 14:00:00,51.75,0.0,0,0001,1.0,MARINE,11.069,1.2555237,1019.85626,1.3225528815627115e-08,10,2025-05-03,60,12.567927584681449
2025-03-03 15:00:00,51.75,-0.25,0,0001,1.0,MARINE,11.488434,1.3829651,1017.47186,1.3401472596583468e-08,10,2025-05-03,60,16.16561228310573
2025-03-03 15:00:00,51.75,0.0,0,0001,1.0,MARINE,11.373199,1.224762,1019.2619,1.609842165822895e-08,10,2025-05-03,60,12.567927584681449
2025-03-03 16:00:00,51.75,-0.25,0,0001,1.0,MARINE,11.3385315,1.0860901,1017.1844,1.5957114985846952e-08,10,2025-05-03,60,16.16561228310573
2025-03-03 16:00:00,51.75,-0.5,0,0001,1.0,MARINE,11.424469,1.3517151,1015.9944,1.3392482659894717e-08,10,2025-05-03,60,30.95794969579293
2025-03-03 16:00:00,52.0,0.0,0,0001,1.0,MARINE,11.7135315,1.834137,1019.1744,1.1995532419225994e-08,10,2025-05-03,60,39.44220179622441
2025-03-02 02:00:00,51.5,-0.25,0,0001,1.0,MARINE,0.084625244,-0.44979858,1027.4337,2.72360877554918e-08,10,2025-05-03,61,20.24110527291308
2025-03-02 07:00:00,51.75,0.25,0,0001,1.0,MARINE,-1.5528259,-2.2278748,1028.4775,1.8507087166305704e-08,10,2025-05-03,61,25.461209934155036
2025-03-02 22:00:00,51.5,-0.75,0,0001,1.0,MARINE,3.7303772,-0.4666443,1021.6231,3.9913302829485745e-08,10,2025-05-03,61,49.07654664805417
2025-03-02 20:00:00,51.5,-0.75,0,0001,1.0,MARINE,5.058502,0.01675415,1021.45685,3.3212701922024826e-08,10,2025-05-03,61,49.07654664805417
2025-03-02 02:00:00,51.5,-0.75,0,0001,1.0,MARINE,0.31704712,-0.89901733,1025.7137,2.8410927851070226e-08,10,2025-05-03,61,49.07654664805417
2025-03-02 02:00:00,51.5,0.0,0,0001,1.0,MARINE,0.23501587,-0.32089233,1029.2438,2.5254291546871578e-08,10,2025-05-03,61,17.485905407828774
2025-03-04 04:00:00,51.5,0.0,0,0001,1.0,MARINE,-0.75912476,-1.7779236,1020.4625,3.830098282975311e-08,10,2025-05-03,59,17.485905407828774
2025-03-04 04:00:00,51.5,-0.25,0,0001,1.0,MARINE,-0.059906006,-1.6548767,1018.6025,3.089731441067539e-08,10,2025-05-03,59,20.24110527291308
2025-04-21 09:00:00,51.599999999999895,0.5999999999999883,0,0001,1.0,LAND,11.630768,9.270172,1006.41125,2.153112177438808e-08,10,2025-05-03,11,47.35552986512325
2025-04-21 10:00:00,51.599999999999895,0.5999999999999883,0,0001,1.0,LAND,12.297516,9.301422,1006.5481,2.2809253448960212e-08,10,2025-05-03,11,47.35552986512325
2025-04-21 15:00:00,51.7999999999999,0.49999999999998834,0,0001,1.0,LAND,13.900787,9.532257,1002.54376,1.7615651548565657e-08,10,2025-05-03,11,43.43321276527609
2025-04-28 06:00:00,51.39999999999989,0.09999999999998832,0,0001,1.0,LAND,8.920074,7.9620667,1016.76373,1.9530322026284286e-08,10,2025-05-03,4,30.38881365433753
2025-04-28 07:00:00,51.7999999999999,0.39999999999998836,0,0001,1.0,LAND,11.672272,8.799225,1019.0925,1.6923578168479235e-08,10,2025-05-03,4,37.17737177231718
2025-04-28 06:00:00,51.39999999999989,-1.1685097334179773e-14,0,0001,1.0,LAND,8.812653,7.8800354,1016.2537,1.9453198607521642e-08,10,2025-05-03,4,28.242332042740554
2025-04-27 10:00:00,51.599999999999895,0.49999999999998834,0,0001,1.0,LAND,14.217926,9.175201,1022.9456,1.2523448500444778e-08,10,2025-05-03,5,40.50583305269409
2025-04-27 11:00:00,51.39999999999989,0.09999999999998832,0,0001,1.0,LAND,16.661041,8.6719055,1016.3725,1.191317697268677e-08,10,2025-05-03,5,30.38881365433753
2025-04-27 12:00:00,51.29999999999989,-1.1685097334179773e-14,0,0001,1.0,LAND,17.760895,8.174591,1010.3206,9.046049909142326e-09,10,2025-05-03,5,39.20188669642644
2025-04-27 14:00:00,51.39999999999989,0.29999999999998833,0,0001,1.0,LAND,18.045319,7.9743958,1017.83624,1.1961873547238825e-08,10,2025-05-03,5,38.240783301205056
2025-04-27 15:00:00,51.39999999999989,0.29999999999998833,0,0001,1.0,LAND,18.065582,8.046051,1017.7325,1.355276449399559e-08,10,2025-05-03,5,38.240783301205056
2025-04-28 08:00:00,51.8999999999999,-0.5000000000000117,0,0001,1.0,LAND,14.057037,8.439972,1012.08875,9.163077704008066e-09,10,2025-05-03,4,40.11124417807354
2025-04-28 08:00:00,51.9999999999999,0.29999999999998833,0,0001,1.0,LAND,14.2621155,9.404816,1018.34875,1.4277417174451074e-08,10,2025-05-03,4,47.028303148187995
2025-04-11 14:00:00,51.699999999999896,0.5999999999999883,0,0001,1.0,LAND,17.684235,7.5968323,1015.77686,1.9233519499284776e-08,10,2025-05-03,21,47.333278841714105
2025-04-11 15:00:00,51.29999999999989,-0.10000000000001169,0,0001,1.0,LAND,18.603424,7.0143127,1005.52686,1.5995789651168836e-08,10,2025-05-03,21,38.81490815466551
2025-04-15 12:00:00,51.699999999999896,0.39999999999998836,0,0001,1.0,LAND,13.488922,8.511627,986.53876,1.8185629002687585e-08,10,2025-05-03,17,33.68289734100921
2025-04-15 12:00:00,51.699999999999896,0.29999999999998833,0,0001,1.0,LAND,13.498688,8.398346,985.8187,1.785599068604466e-08,10,2025-05-03,17,26.91147856255416
2025-04-15 10:00:00,51.699999999999896,0.49999999999998834,0,0001,1.0,LAND,10.532379,8.420074,988.3106,1.8627948591051395e-08,10,2025-05-03,17,40.496194367931054
2025-04-15 11:00:00,51.599999999999895,0.29999999999998833,0,0001,1.0,LAND,12.799469,8.559723,990.695,1.8103396670632043e-08,10,2025-05-03,17,26.88840135191211
2025-04-10 17:00:00,51.699999999999896,0.5999999999999883,0,0001,1.0,LAND,12.200348,6.394684,1023.15625,9.477336508172401e-09,10,2025-05-03,22,47.333278841714105
2025-04-10 18:00:00,51.599999999999895,0.29999999999998833,0,0001,1.0,LAND,12.125153,6.257721,1023.3819,1.5254992657975667e-08,10,2025-05-03,22,26.88840135191211
2025-04-10 19:00:00,51.699999999999896,-0.6000000000000116,0,0001,1.0,LAND,13.022369,4.751129,1012.6406,2.210267423715665e-08,10,2025-05-03,22,36.204278353671256
2025-04-10 20:00:00,51.599999999999895,-0.8000000000000116,0,0001,1.0,LAND,12.092194,4.9950256,1013.725,2.5525073906369715e-08,10,2025-05-03,22,49.8977579782244
2025-04-21 10:00:00,51.75,0.25,0,0001,1.0,MARINE,11.467438,9.125397,1002.02563,2.0285755279274176e-08,10,2025-05-03,11,25.461209934155036
2025-04-21 10:00:00,52.0,0.0,0,0001,1.0,MARINE,10.57486,8.611725,1001.02563,1.9820501240275466e-08,10,2025-05-03,11,39.44220179622441
2025-04-21 09:00:00,51.75,0.5,0,0001,1.0,MARINE,10.12027,8.63443,1003.5375,1.8460949893773134e-08,10,2025-05-03,11,41.620697903454584
2025-04-21 08:00:00,51.75,0.5,0,0001,1.0,MARINE,9.39798,8.230621,1002.8894,1.7335769764148963e-08,10,2025-05-03,11,41.620697903454584
2025-04-21 11:00:00,51.75,0.5,0,0001,1.0,MARINE,12.287262,9.41983,1004.1912,2.071131015302147e-08,10,2025-05-03,11,41.620697903454584
2025-04-17 05:00:00,51.5,-0.25,0,0001,1.0,MARINE,4.268463,3.3102112,1003.5825,9.025905106652149e-09,10,2025-05-03,15,20.24110527291308
2025-04-28 08:00:00,52.0,0.0,0,0001,1.0,MARINE,15.377838,9.152252,1019.1394,1.279460507911781e-08,10,2025-05-03,4,39.44220179622441
2025-04-28 08:00:00,52.0,-0.25,0,0001,1.0,MARINE,15.223541,8.95108,1017.6194,1.0392134264236765e-08,10,2025-05-03,4,40.72454967488282
2025-04-28 07:00:00,51.75,0.25,0,0001,1.0,MARINE,12.172882,9.228546,1020.0206,1.7026278646230055e-08,10,2025-05-03,4,25.461209934155036
2025-04-28 07:00:00,51.75,-0.5,0,0001,1.0,MARINE,12.045929,8.826202,1015.7406,1.1178108670166284e-08,10,2025-05-03,4,30.95794969579293
2025-04-28 07:00:00,51.75,-0.75,0,0001,1.0,MARINE,11.72757,8.695343,1015.3906,9.452000825545962e-09,10,2025-05-03,4,47.425178092442394
2025-04-28 06:00:00,51.5,0.0,0,0001,1.0,MARINE,8.814362,7.671417,1020.34375,1.9520812077899926e-08,10,2025-05-03,4,17.485905407828774
2025-04-27 11:00:00,51.5,0.25,0,0001,1.0,MARINE,16.964508,8.589752,1020.8013,1.1626963880110474e-08,10,2025-05-03,5,28.262816044135096
2025-04-27 11:00:00,51.5,0.0,0,0001,1.0,MARINE,17.564117,8.529205,1019.4412,1.4702935776285325e-08,10,2025-05-03,5,17.485905407828774
2025-04-27 07:00:00,51.25,-0.25,0,0001,1.0,MARINE,8.125763,7.709259,1016.4994,1.953899758308487e-08,10,2025-05-03,5,45.86518192228003
2025-04-10 14:00:00,52.0,0.0,0,0001,1.0,MARINE,13.537018,4.92984,1021.6262,9.326739158766172e-09,10,2025-05-03,22,39.44220179622441
2025-04-10 16:00:00,51.75,-0.5,0,0001,1.0,MARINE,14.940094,4.644928,1017.0544,1.5376130405957222e-08,10,2025-05-03,22,30.95794969579293
2025-04-10 16:00:00,52.0,0.0,0,0001,1.0,MARINE,14.715485,4.8597717,1020.27435,1.1939525812465834e-08,10,2025-05-03,22,39.44220179622441
2025-04-10 16:00:00,52.0,-0.25,0,0001,1.0,MARINE,14.908844,4.7191467,1018.7444,1.1293072551174055e-08,10,2025-05-03,22,40.72454967488282
2025-04-10 16:00:00,52.0,-0.5,0,0001,1.0,MARINE,15.049469,4.7777405,1018.2444,1.0519294176466623e-08,10,2025-05-03,22,48.49428583945661
2025-04-10 16:00:00,51.75,-0.25,0,0001,1.0,MARINE,14.709625,4.8597717,1018.21436,1.5565866891739252e-08,10,2025-05-03,22,16.16561228310573
2025-04-10 15:00:00,52.0,-0.25,0,0001,1.0,MARINE,14.37442,4.669098,1019.2944,1.0030523411864006e-08,10,2025-05-03,22,40.72454967488282
2025-04-10 15:00:00,52.0,-0.5,0,0001,1.0,MARINE,14.528717,4.766754,1018.78436,9.357470909244096e-09,10,2025-05-03,22,48.49428583945661
2025-04-10 15:00:00,52.0,0.0,0,0001,1.0,MARINE,14.196686,4.796051,1020.8244,1.0633132485616003e-08,10,2025-05-03,22,39.44220179622441
2025-04-10 16:00:00,51.75,0.0,0,0001,1.0,MARINE,14.4635315,5.0609436,1020.0044,1.5102114706937094e-08,10,2025-05-03,22,12.567927584681449
2025-04-10 16:00:00,51.75,0.25,0,0001,1.0,MARINE,14.10025,5.392975,1021.3844,1.1980922212662463e-08,10,2025-05-03,22,25.461209934155036
2025-04-10 19:00:00,51.5,-0.75,0,0001,1.0,MARINE,13.403717,4.7132874,1017.42065,2.3580500626193092e-08,10,2025-05-03,22,49.07654664805417
2025-04-10 19:00:00,51.75,-0.5,0,0001,1.0,MARINE,13.784576,4.1566467,1016.0106,2.1403868200968816e-08,10,2025-05-03,22,30.95794969579293
2025-04-10 18:00:00,51.75,0.0,0,0001,1.0,MARINE,13.688629,5.066559,1019.02686,1.8513123173358668e-08,10,2025-05-03,22,12.567927584681449
2025-04-10 18:00:00,51.75,-0.25,0,0001,1.0,MARINE,13.991364,4.8087463,1017.2569,1.9475046353357303e-08,10,2025-05-03,22,16.16561228310573
2025-04-10 17:00:00,51.75,0.25,0,0001,1.0,MARINE,13.9711,5.304352,1020.9294,1.3269784484779384e-08,10,2025-05-03,22,25.461209934155036
2025-04-10 17:00:00,51.75,0.0,0,0001,1.0,MARINE,14.3246155,4.935211,1019.5594,1.6807618940147883e-08,10,2025-05-03,22,12.567927584681449
2025-05-11 17:00:00,57.75,-4.25,0,0001,1.0,MARINE,16.228912,5.7572327,991.745,1.7069239165631012e-08,11,2025-07-15,64,30.44501079812446
2025-05-11 18:00:00,57.5,-4.25,0,0001,1.0,MARINE,15.385895,8.076813,986.405,1.8727174699861835e-08,11,2025-07-15,64,26.347244625877988
2025-05-11 18:00:00,57.25,-4.25,0,0001,1.0,MARINE,14.192535,6.9361877,967.915,1.7849049349649734e-08,11,2025-07-15,64,44.79941145759703
2025-06-20 16:00:00,57.299999999999976,-4.100000000000014,0,0001,1.0,LAND,21.03775,12.289703,957.5,9.06965495299073e-09,11,2025-07-15,24,46.28948665016039
2025-06-09 21:00:00,57.39999999999998,-5.30000000000001,0,0001,1.0,LAND,8.575592,7.360504,966.19,1.0160561170202797e-08,11,2025-07-15,35,43.46652078180748
2025-06-09 21:00:00,57.39999999999998,-5.400000000000009,0,0001,1.0,LAND,9.015045,7.840973,974.1,1.0767637448339051e-08,11,2025-07-15,35,48.80002125304095
2025-06-20 18:00:00,57.25,-4.5,0,0001,1.0,MARINE,22.005768,13.884918,976.1125,8.968139064702414e-09,11,2025-07-15,24,38.65804107606913
2025-06-20 18:00:00,57.25,-4.75,0,0001,1.0,MARINE,22.341705,13.646637,971.1125,9.098254497019873e-09,11,2025-07-15,24,37.816254005444584
2025-06-20 17:00:00,57.25,-4.25,0,0001,1.0,MARINE,22.30606,13.665192,975.42126,9.199881671288409e-09,11,2025-07-15,24,44.79941145759703
2025-06-09 21:00:00,57.25,-5.0,0,0001,1.0,MARINE,8.417877,7.4632874,958.0131,9.45069358188058e-09,11,2025-07-15,35,42.589469574711906
2025-07-01 16:00:00,57.5,-4.25,0,0001,1.0,MARINE,17.410797,6.891754,991.22064,2.0361177225739584e-08,11,2025-07-15,13,26.347244625877988
2025-03-01 19:00:00,54.75,-6.25,0,0001,1.0,MARINE,7.429352,5.056549,1022.03564,1.3976475867853273e-08,12,2025-05-27,86,46.58838327607357
2025-05-20 20:00:00,54.499999999999936,-6.200000000000006,0,0001,1.0,LAND,13.793854,9.358795,1009.24,1.8828514673312558e-08,12,2025-05-27,6,44.83924390618182
2025-05-23 04:00:00,54.99999999999994,-6.900000000000004,0,0001,1.0,LAND,8.525299,7.0384827,1001.41815,1.2303791837216795e-08,12,2025-05-27,3,49.739138112279896
2025-05-23 06:00:00,54.69999999999994,-6.600000000000005,0,0001,1.0,LAND,8.550934,7.5433655,1013.85815,1.3422077366209119e-08,12,2025-05-27,3,24.779065071291296
2025-05-05 10:00:00,54.79999999999994,-6.900000000000004,0,0001,1.0,LAND,9.398712,2.8995667,997.7775,1.0304520866218718e-08,12,2025-05-27,21,27.50431810236724
2025-05-05 19:00:00,54.29999999999993,-7.500000000000002,0,0001,1.0,LAND,12.600739,5.511383,1015.09875,1.0857167091297032e-08,12,2025-05-27,21,48.501353884508774
2025-05-05 10:00:00,54.69999999999994,-7.0000000000000036,0,0001,1.0,LAND,9.621368,3.0089417,1001.6575,1.0490705785552437e-08,12,2025-05-27,21,17.869114149452948
2025-05-05 10:00:00,54.69999999999994,-7.100000000000003,0,0001,1.0,LAND,9.660431,3.0538635,1001.6075,1.0450787013560786e-08,12,2025-05-27,21,21.279425021893665
2025-05-20 20:00:00,54.25,-7.25,0,0001,1.0,MARINE,13.421783,9.12735,1008.54376,1.7171376593775535e-08,12,2025-05-27,6,40.980767824173604
2025-05-05 10:00:00,54.5,-6.75,0,0001,1.0,MARINE,11.352814,3.8888245,1016.8725,1.0700107161421078e-08,12,2025-05-27,21,10.710638922781724
2025-05-05 10:00:00,54.25,-7.25,0,0001,1.0,MARINE,11.178986,3.851715,1015.0425,1.1213498652777166e-08,12,2025-05-27,21,40.980767824173604
2025-01-22 18:00:00,56.25,-4.5,0,0001,1.0,MARINE,2.5255432,1.3314514,965.4725,9.072087601980298e-09,13,2025-02-12,20,44.74174741547975
2025-05-23 04:00:00,51.7999999999999,-3.3000000000000136,0,0001,1.0,LAND,8.652252,4.8470764,977.6781,1.7142364379848778e-08,14,2025-08-19,87,35.27583250575511
2025-05-23 03:00:00,51.699999999999896,-3.1000000000000134,0,0001,1.0,LAND,10.611969,5.37442,993.8094,1.7856289044605414e-08,14,2025-08-19,87,44.998441648286175
2025-05-23 03:00:00,51.699999999999896,-3.2000000000000135,0,0001,1.0,LAND,10.309235,5.274811,989.83936,1.8641451715596287e-08,14,2025-08-19,87,38.179517580576565
2025-05-23 03:00:00,51.699999999999896,-3.3000000000000136,0,0001,1.0,LAND,10.090485,5.245514,987.2294,1.8046873481725804e-08,14,2025-08-19,87,31.3941755415865
2025-05-23 04:00:00,51.699999999999896,-3.3000000000000136,0,0001,1.0,LAND,9.538971,5.2552795,986.78815,1.7669680774102288e-08,14,2025-08-19,87,31.3941755415865
2025-05-23 05:00:00,51.699999999999896,-3.3000000000000136,0,0001,1.0,LAND,9.265778,5.497467,986.7594,1.7292488066478772e-08,14,2025-08-19,87,31.3941755415865
2025-05-23 05:00:00,51.699999999999896,-3.4000000000000137,0,0001,1.0,LAND,9.302887,5.4896545,986.7394,1.683968889332227e-08,14,2025-08-19,87,24.670158522263012
2025-05-23 03:00:00,51.7999999999999,-3.4000000000000137,0,0001,1.0,LAND,9.328766,4.858795,978.6994,1.7177182176642293e-08,14,2025-08-19,87,29.465914291825328
2025-05-23 03:00:00,51.7999999999999,-3.5000000000000138,0,0001,1.0,LAND,9.1822815,5.059967,979.4294,1.6867384683427668e-08,14,2025-08-19,87,24.227878642600086
2025-05-23 02:00:00,51.9999999999999,-4.000000000000014,0,0001,1.0,LAND,9.471832,6.6979065,1001.7925,1.0570774329938887e-08,14,2025-08-19,87,43.202311842937476
2025-05-23 02:00:00,51.9999999999999,-4.100000000000014,0,0001,1.0,LAND,9.255035,6.643219,999.9625,9.633447391650477e-09,14,2025-08-19,87,46.40346746178439
2025-05-23 01:00:00,51.9999999999999,-4.100000000000014,0,0001,1.0,LAND,9.77359,6.6263733,999.99,9.32315697791694e-09,14,2025-08-19,87,46.40346746178439
2025-05-23 02:00:00,51.25,-3.5,0,0001,1.0,MARINE,12.607819,8.190582,1012.4875,1.2196026304607471e-08,14,2025-08-19,87,47.07222695184651
2025-05-23 01:00:00,51.75,-3.75,0,0001,1.0,MARINE,7.7743225,5.1419983,994.22125,1.399786333950782e-08,14,2025-08-19,87,11.733606341552948
2025-05-23 00:00:00,51.75,-4.0,0,0001,1.0,MARINE,9.245758,5.5035706,1004.8069,8.959291086796175e-09,14,2025-08-19,88,21.051157395685948
2025-05-23 00:00:00,52.0,-4.0,0,0001,1.0,MARINE,8.112946,5.1715393,995.1069,1.0136966821505458e-08,14,2025-08-19,88,43.20231184294719
2025-06-11 00:00:00,51.8999999999999,-4.100000000000014,0,0001,1.0,LAND,10.80777,8.748932,1003.34436,1.8339131435673244e-08,14,2025-08-19,69,37.40510164599991
2025-06-11 00:00:00,51.8999999999999,-4.2000000000000135,0,0001,1.0,LAND,10.903473,8.801666,1004.3244,1.8234984411335394e-08,14,2025-08-19,69,42.2055318480655
2025-06-11 00:00:00,51.8999999999999,-4.300000000000013,0,0001,1.0,LAND,10.987457,8.918854,1004.8044,1.8130837386997544e-08,14,2025-08-19,69,47.52005135609295
2025-06-11 00:00:00,51.7999999999999,-4.2000000000000135,0,0001,1.0,LAND,11.540192,9.059479,1007.83435,1.7718406741806114e-08,14,2025-08-19,69,35.71135762631428
2025-06-21 12:00:00,51.5,-4.0,0,0001,1.0,MARINE,19.097809,17.050201,1010.08813,2.08526982348189e-08,14,2025-08-19,58,23.778094619314214
2025-06-11 00:00:00,51.75,-3.75,0,0001,1.0,MARINE,9.38858,8.520172,993.73627,1.7697039084163346e-08,14,2025-08-19,69,11.733606341552948
2025-06-11 00:00:00,52.0,-4.0,0,0001,1.0,MARINE,8.699127,7.3873596,994.4462,1.906756708081029e-08,14,2025-08-19,69,43.20231184294719
2025-06-11 04:00:00,51.5,-3.5,0,0001,1.0,MARINE,10.006744,9.053619,1007.355,1.349727862809373e-08,14,2025-08-19,68,23.411700391647805
2025-06-11 03:00:00,51.5,-3.5,0,0001,1.0,MARINE,10.3541565,9.3246155,1007.3025,1.4132487763384956e-08,14,2025-08-19,68,23.411700391647805
2025-06-11 03:00:00,51.5,-3.75,0,0001,1.0,MARINE,9.985016,8.826569,1007.6025,1.3904451354185018e-08,14,2025-08-19,68,16.069725669161638
2025-07-21 00:00:00,51.599999999999895,-3.3000000000000136,0,0001,1.0,LAND,14.751129,12.098785,979.4963,1.1752281370290657e-08,14,2025-08-19,29,31.210390330700626
2025-07-21 01:00:00,51.599999999999895,-3.3000000000000136,0,0001,1.0,LAND,14.204254,12.099518,979.45935,1.1323789905758253e-08,14,2025-08-19,28,31.210390330700626
2025-07-25 07:00:00,51.8999999999999,-4.300000000000013,0,0001,1.0,LAND,14.09964,12.833893,1005.03436,1.5668913037429206e-08,14,2025-08-19,24,47.52005135609295
2025-07-01 12:00:00,51.7999999999999,-3.1000000000000134,0,0001,1.0,LAND,22.613678,15.424469,982.59875,1.3330507253605442e-08,14,2025-08-19,48,47.763507214187314
2025-07-21 01:00:00,51.75,-3.25,0,0001,1.0,MARINE,11.807526,10.900299,970.91125,1.1452120323810886e-08,14,2025-08-19,28,36.16605898005945
2025-07-20 23:00:00,51.75,-3.5,0,0001,1.0,MARINE,13.3055725,11.123199,970.53815,9.43138000105321e-09,14,2025-08-19,29,20.638705771088052
2025-07-11 22:00:00,51.25,-4.0,0,0001,1.0,MARINE,19.673737,15.916412,1011.7575,9.041542070598319e-09,14,2025-08-19,38,47.25652776762086
2025-07-11 10:00:00,51.25,-4.0,0,0001,1.0,MARINE,19.710846,16.028107,1014.5531,1.3323127601161731e-08,14,2025-08-19,38,47.25652776762086
2025-08-06 03:00:00,51.9999999999999,-4.100000000000014,0,0001,1.0,LAND,11.888947,9.679108,1005.2006,1.3606428317381173e-08,14,2025-08-19,12,46.40346746178439
2025-08-06 04:00:00,51.8999999999999,-4.2000000000000135,0,0001,1.0,LAND,12.066559,9.845978,1010.02875,1.3369588991452403e-08,14,2025-08-19,12,42.2055318480655
2025-08-06 04:00:00,51.8999999999999,-4.100000000000014,0,0001,1.0,LAND,11.732574,9.691681,1009.0588,1.338486610436043e-08,14,2025-08-19,12,37.40510164599991
2025-08-06 05:00:00,51.8999999999999,-4.300000000000013,0,0001,1.0,LAND,12.156647,9.976471,1010.1869,1.2909432023367381e-08,14,2025-08-19,12,47.52005135609295
2025-08-06 06:00:00,51.8999999999999,-4.300000000000013,0,0001,1.0,LAND,12.10965,10.155182,1010.1806,1.246455216819039e-08,14,2025-08-19,12,47.52005135609295
2025-08-06 05:00:00,51.8999999999999,-4.2000000000000135,0,0001,1.0,LAND,11.850006,9.79483,1009.72687,1.2928310422211548e-08,14,2025-08-19,12,42.2055318480655
2025-08-10 05:00:00,51.7999999999999,-4.2000000000000135,0,0001,1.0,LAND,13.596832,13.189606,1014.6806,1.0860009077203887e-08,14,2025-08-19,8,35.71135762631428
2025-08-10 05:00:00,51.699999999999896,-4.2000000000000135,0,0001,1.0,LAND,15.08902,14.129059,1019.48065,1.1259426187700973e-08,14,2025-08-19,8,31.883843136334644
2025-08-10 06:00:00,51.7999999999999,-4.2000000000000135,0,0001,1.0,LAND,13.92984,13.239899,1014.8812,1.0869896316379383e-08,14,2025-08-19,8,35.71135762631428
2025-08-10 06:00:00,51.699999999999896,-4.2000000000000135,0,0001,1.0,LAND,15.250153,14.079742,1019.6912,1.124001236529941e-08,14,2025-08-19,8,31.883843136334644
2025-08-23 14:00:00,52.25,-0.75,0,0001,1.0,MARINE,21.032135,9.578033,1009.555,1.5194286645999483e-08,16,2025-11-06,74,36.72698807091373
2025-09-29 21:00:00,51.9999999999999,-0.5000000000000117,0,0001,1.0,LAND,13.464508,7.4546204,1015.5,1.966472867876214e-08,16,2025-11-06,37,42.87270330994724
2025-09-29 22:00:00,52.25,-0.5,0,0001,1.0,MARINE,11.674713,7.2220764,1017.5719,2.0401548145310217e-08,16,2025-11-06,37,21.150980081196913
2025-09-29 23:00:00,52.0,-0.25,0,0001,1.0,MARINE,10.427887,7.7501526,1015.6181,2.114548951678027e-08,16,2025-11-06,37,38.893651586562704
2025-09-30 00:00:00,52.0,-0.25,0,0001,1.0,MARINE,9.60611,7.3511047,1015.325,2.2339462280031138e-08,16,2025-11-06,37,38.893651586562704
2025-09-30 01:00:00,52.0,-0.25,0,0001,1.0,MARINE,9.0104065,6.9879456,1015.3069,2.1154187660837154e-08,16,2025-11-06,36,38.893651586562704
2025-09-29 21:00:00,52.25,-0.5,0,0001,1.0,MARINE,12.902008,7.4289856,1017.33124,1.9224265387918282e-08,16,2025-11-06,37,21.150980081196913
2025-10-11 20:00:00,52.69999999999991,-0.5000000000000117,0,0001,1.0,LAND,11.432037,9.174713,1027.255,2.0364788448172854e-08,16,2025-11-06,25,42.88173590823047
2025-10-11 21:00:00,52.59999999999991,-0.4000000000000117,0,0001,1.0,LAND,10.901764,8.889191,1029.735,2.192663184352832e-08,16,2025-11-06,25,29.994622602651607
2025-10-11 22:00:00,52.49999999999991,-0.2000000000000117,0,0001,1.0,LAND,10.563141,8.611359,1032.2269,2.307058732942233e-08,16,2025-11-06,25,16.885345619306747
2025-10-11 23:00:00,52.299999999999905,-0.10000000000001169,0,0001,1.0,LAND,9.960602,8.395294,1029.0713,2.4326131738601342e-08,16,2025-11-06,25,10.711679447714504
2025-10-12 00:00:00,52.299999999999905,-0.10000000000001169,0,0001,1.0,LAND,9.513092,8.333771,1028.84,2.5740553466490523e-08,16,2025-11-06,25,10.711679447714504
2025-10-12 01:00:00,52.299999999999905,-0.10000000000001169,0,0001,1.0,LAND,9.134674,8.311432,1028.7756,2.5991892009061556e-08,16,2025-11-06,24,10.711679447714504
2025-10-12 02:00:00,52.1999999999999,-0.10000000000001169,0,0001,1.0,LAND,8.793854,8.006012,1028.3606,2.5695753524956287e-08,16,2025-11-06,24,19.009820444925992
2025-10-12 05:00:00,52.299999999999905,0.39999999999998836,0,0001,1.0,LAND,6.3661194,6.269928,1028.4094,2.514482929279597e-08,16,2025-11-06,24,43.51069651847637
2025-10-12 03:00:00,52.1999999999999,-0.10000000000001169,0,0001,1.0,LAND,8.390045,7.7826233,1028.0413,2.5975960937784614e-08,16,2025-11-06,24,19.009820444925992
2025-10-12 03:00:00,52.1999999999999,-1.1685097334179773e-14,0,0001,1.0,LAND,8.483795,7.8314514,1028.9213,2.5672905357154063e-08,16,2025-11-06,24,23.080381802234783
2025-10-12 03:00:00,52.1999999999999,0.09999999999998832,0,0001,1.0,LAND,8.306061,7.823639,1029.3512,2.541851584769649e-08,16,2025-11-06,24,28.22437902174999
2025-10-12 04:00:00,52.299999999999905,0.29999999999998833,0,0001,1.0,LAND,7.217682,7.122223,1029.6019,2.5544262631052878e-08,16,2025-11-06,24,36.77975838072735
2025-10-12 04:00:00,52.1999999999999,0.19999999999998833,0,0001,1.0,LAND,7.5751038,7.387848,1028.5319,2.5330738987841838e-08,16,2025-11-06,24,33.95743529013997
2025-10-12 04:00:00,52.1999999999999,0.29999999999998833,0,0001,1.0,LAND,7.3680725,7.2550354,1026.6318,2.4978989395425633e-08,16,2025-11-06,24,40.02722655542956
2025-10-12 05:00:00,52.299999999999905,0.29999999999998833,0,0001,1.0,LAND,6.375885,6.2796936,1029.9094,2.5587960102620034e-08,16,2025-11-06,24,36.77975838072735
2025-10-17 05:00:00,52.75,0.0,0,0001,1.0,MARINE,11.55069,9.981842,1026.375,1.1343727808939637e-08,16,2025-11-06,19,47.267954453591635
2025-10-17 05:00:00,52.75,-0.25,0,0001,1.0,MARINE,11.538971,9.798248,1022.425,1.1550033036470643e-08,16,2025-11-06,19,44.52734769754762
2025-10-11 20:00:00,52.75,-0.5,0,0001,1.0,MARINE,9.6822815,7.9581604,1027.2644,2.0050775891474565e-08,16,2025-11-06,25,47.98498784146657
2025-10-12 01:00:00,52.25,-0.25,0,0001,1.0,MARINE,7.6075745,6.6859436,1028.9331,2.636665987395155e-08,16,2025-11-06,24,11.128044270424319
2025-10-12 00:00:00,52.25,-0.25,0,0001,1.0,MARINE,7.9569397,6.759186,1029.1743,2.6225241145372164e-08,16,2025-11-06,25,11.128044270424319
2025-10-12 00:00:00,52.25,-0.5,0,0001,1.0,MARINE,7.099518,5.997467,1025.6444,2.7287512582851887e-08,16,2025-11-06,25,21.150980081196913
2025-10-11 23:00:00,52.25,-0.25,0,0001,1.0,MARINE,8.255768,6.8805237,1029.2556,2.4828644038891444e-08,16,2025-11-06,25,11.128044270424319
2025-10-11 22:00:00,52.25,-0.25,0,0001,1.0,MARINE,8.660309,7.0223694,1029.4888,2.343204693241072e-08,16,2025-11-06,25,11.128044270424319
2025-10-12 02:00:00,52.0,-0.25,0,0001,1.0,MARINE,7.1280823,6.176422,1023.3244,2.5327810589578215e-08,16,2025-11-06,24,38.893651586562704
2025-10-12 03:00:00,52.0,-0.25,0,0001,1.0,MARINE,7.02652,6.190338,1022.9913,2.555473221921322e-08,16,2025-11-06,24,38.893651586562704
2025-07-30 00:00:00,55.25,-1.25,0,0001,1.0,MARINE,14.988922,12.419098,1017.2556,1.0544637857323815e-08,17,2025-10-26,88,29.589681651338
2025-07-29 23:00:00,55.25,-1.5,0,0001,1.0,MARINE,14.278717,12.390533,1013.6725,1.1032966203833439e-08,17,2025-10-26,88,24.585415079278228
2025-07-29 21:00:00,55.25,-1.5,0,0001,1.0,MARINE,14.68277,12.665192,1013.76874,1.006930138228174e-08,17,2025-10-26,88,24.585415079278228
2025-07-29 22:00:00,55.25,-1.5,0,0001,1.0,MARINE,14.546051,12.268951,1013.8975,1.055113379305759e-08,17,2025-10-26,88,24.585415079278228
2025-08-21 18:00:00,55.199999999999946,-2.1000000000000125,0,0001,1.0,LAND,14.3680725,7.6510315,997.8975,9.390298316702733e-09,17,2025-10-26,65,42.110261811324705
2025-08-21 19:00:00,54.89999999999994,-1.9000000000000123,0,0001,1.0,LAND,14.060944,7.5885315,997.88873,1.0312781628663156e-08,17,2025-10-26,65,28.7728100079464
2025-08-24 20:00:00,55.099999999999945,-1.9000000000000123,0,0001,1.0,LAND,18.818512,12.834381,1001.28,1.411403064792027e-08,17,2025-10-26,62,26.106451422865867
2025-08-24 20:00:00,54.99999999999994,-1.9000000000000123,0,0001,1.0,LAND,19.394684,12.709381,1003.21,1.4963872437453716e-08,17,2025-10-26,62,25.121071105768095
2025-08-24 20:00:00,54.79999999999994,-2.0000000000000124,0,0001,1.0,LAND,18.013824,12.305084,980.55,1.660476023346329e-08,17,2025-10-26,62,40.398969882321545
2025-08-24 21:00:00,54.89999999999994,-2.0000000000000124,0,0001,1.0,LAND,18.037506,12.652008,993.285,1.6664536112154873e-08,17,2025-10-26,62,34.45421940000942
2025-08-23 07:00:00,54.69999999999994,-2.0000000000000124,0,0001,1.0,LAND,10.922516,10.153961,983.21124,1.192487864010158e-08,17,2025-10-26,63,48.211456606607314
2025-08-23 07:00:00,54.69999999999994,-1.9000000000000123,0,0001,1.0,LAND,11.453766,10.466461,990.6912,1.2193564195387843e-08,17,2025-10-26,63,44.30961841612221
2025-08-23 13:00:00,54.99999999999994,-2.2000000000000126,0,0001,1.0,LAND,17.341461,10.694733,1004.8225,9.987410047133999e-09,17,2025-10-26,63,44.15796994448539
2025-08-23 13:00:00,54.89999999999994,-2.2000000000000126,0,0001,1.0,LAND,17.193024,9.872467,990.4225,1.0758258228716307e-08,17,2025-10-26,63,46.36829875406484
2025-08-17 00:00:00,54.99999999999994,-1.9000000000000123,0,0001,1.0,LAND,13.242584,10.752716,1013.65375,1.1812566036439932e-08,17,2025-10-26,70,25.121071105768095
2025-08-21 18:00:00,55.25,-2.0,0,0001,1.0,MARINE,14.6527405,7.917633,998.8656,9.0895047044626e-09,17,2025-10-26,65,39.71163957474083
2025-08-21 19:00:00,55.0,-2.0,0,0001,1.0,MARINE,13.7933655,7.349518,997.07623,9.941139319143637e-09,17,2025-10-26,65,31.454633186117217
2025-08-23 15:00:00,55.0,-2.25,0,0001,1.0,MARINE,17.058014,11.289703,990.37,1.108735209198754e-08,17,2025-10-26,63,47.33779903668746
2025-08-23 14:00:00,55.0,-2.25,0,0001,1.0,MARINE,17.180573,11.226471,990.525,1.0467305503840052e-08,17,2025-10-26,63,47.33779903668746
2025-08-14 01:00:00,55.0,-0.75,0,0001,1.0,MARINE,17.692291,16.14566,1012.0175,1.943073564084965e-08,17,2025-10-26,72,48.51205310069388
2025-08-14 00:00:00,55.0,-1.25,0,0001,1.0,MARINE,16.944244,15.095123,1011.07874,2.201744564445104e-08,17,2025-10-26,73,16.83820906691501
2025-08-14 00:00:00,55.25,-1.5,0,0001,1.0,MARINE,16.362213,14.827545,1007.39874,2.0578133030912858e-08,17,2025-10-26,73,24.585415079278228
2025-10-17 00:00:00,54.79999999999994,-2.1000000000000125,0,0001,1.0,LAND,7.825836,5.6809387,981.1781,1.241774683080744e-08,17,2025-10-26,9,45.53994400014389
2025-10-17 00:00:00,54.79999999999994,-2.0000000000000124,0,0001,1.0,LAND,8.00943,5.7219543,988.9281,1.269629734679378e-08,17,2025-10-26,9,40.398969882321545
2025-10-15 19:00:00,55.29999999999995,-2.0000000000000124,0,0001,1.0,LAND,9.750885,7.0135803,1006.95874,1.3386445581649861e-08,17,2025-10-26,10,43.35898496394767
2025-10-15 19:00:00,55.199999999999946,-2.0000000000000124,0,0001,1.0,LAND,9.801666,7.089752,1008.72876,1.3466949259448092e-08,17,2025-10-26,10,36.5492560826701
2025-10-22 22:00:00,54.59999999999994,-1.3000000000000118,0,0001,1.0,LAND,8.732086,7.159088,986.9956,1.0389370327009222e-08,17,2025-10-26,3,49.546375808754995
2025-10-16 23:00:00,55.0,-2.0,0,0001,1.0,MARINE,8.665924,6.431061,1003.71436,1.003215243863836e-08,17,2025-10-26,9,31.454633186117217
2025-10-20 22:00:00,55.25,-1.25,0,0001,1.0,MARINE,11.800446,11.298248,985.76685,9.127336687379316e-09,17,2025-10-26,5,29.589681651338
2025-10-20 22:00:00,55.25,-1.5,0,0001,1.0,MARINE,11.247711,10.934967,982.1069,9.594854864329177e-09,17,2025-10-26,5,24.585415079278228
2025-10-11 18:00:00,54.75,-1.25,0,0001,1.0,MARINE,12.95108,9.948029,1028.5757,1.2283728548223561e-08,17,2025-10-26,14,35.17153406366065
2025-10-11 17:00:00,54.75,-1.0,0,0001,1.0,MARINE,13.133331,10.428986,1028.7194,1.134613568839114e-08,17,2025-10-26,14,44.97558012864821
2025-10-11 17:00:00,54.75,-1.25,0,0001,1.0,MARINE,13.639191,9.956329,1028.3093,1.1451190475020288e-08,17,2025-10-26,14,35.17153406366065
2025-10-11 16:00:00,55.0,-1.25,0,0001,1.0,MARINE,15.033234,10.548004,1031.9825,9.591922219461513e-09,17,2025-10-26,14,16.83820906691501
2025-10-13 23:00:00,55.0,-0.75,0,0001,1.0,MARINE,12.259918,9.856842,1031.8912,2.117500950045908e-08,17,2025-10-26,12,48.51205310069388
2025-10-13 09:00:00,54.75,-1.0,0,0001,1.0,MARINE,10.905426,10.479401,1027.1594,1.8420656777706748e-08,17,2025-10-26,12,44.97558012864821
2025-03-20 00:00:00,51.599999999999895,0.29999999999998833,0,0001,1.0,LAND,8.091705,4.8717346,1016.58374,3.07313925418354e-08,18,2025-04-16,27,43.936065378587244
2025-03-19 23:00:00,51.49999999999989,-1.1685097334179773e-14,0,0001,1.0,LAND,8.658356,4.8231506,1017.97687,3.570576854553209e-08,18,2025-04-16,27,25.509236993929708
2025-03-19 23:00:00,51.599999999999895,0.09999999999998832,0,0001,1.0,LAND,8.761871,4.9012756,1017.78687,3.68900635409384e-08,18,2025-04-16,27,30.12348612714727
2025-03-19 23:00:00,51.599999999999895,-1.1685097334179773e-14,0,0001,1.0,LAND,8.797028,4.8485413,1017.8769,4.071277344881496e-08,18,2025-04-16,27,23.217992123859897
2025-03-19 23:00:00,51.599999999999895,-0.2000000000000117,0,0001,1.0,LAND,8.707184,4.612213,1015.0069,3.965250305881145e-08,18,2025-04-16,27,9.414616055995069
2025-03-26 09:00:00,51.599999999999895,-0.8000000000000116,0,0001,1.0,LAND,9.396149,6.7778625,1012.1694,1.5835928568465004e-08,18,2025-04-16,20,32.05301243387066
2025-03-26 08:00:00,51.7999999999999,-0.7000000000000116,0,0001,1.0,LAND,8.022858,6.1769104,1009.37,1.5062645353225795e-08,18,2025-04-16,20,33.91958705566486
2025-03-26 08:00:00,51.8999999999999,-0.7000000000000116,0,0001,1.0,LAND,8.102936,6.37027,1012.26,1.4803215098169523e-08,18,2025-04-16,20,42.196467230448924
2025-03-26 07:00:00,51.9999999999999,-0.5000000000000117,0,0001,1.0,LAND,7.8138733,7.335846,1015.53687,1.4899040223781629e-08,18,2025-04-16,20,46.45982007330898
2025-03-26 06:00:00,51.9999999999999,-0.3000000000000117,0,0001,1.0,LAND,7.7845764,7.561676,1015.11127,1.3685750366311049e-08,18,2025-04-16,20,45.138802271571286
2025-03-03 15:00:00,51.9999999999999,-0.10000000000001169,0,0001,1.0,LAND,10.250763,3.4664612,1017.1669,9.712514292828302e-09,18,2025-04-16,43,47.90428933059539
2025-03-03 14:00:00,51.7999999999999,0.29999999999998833,0,0001,1.0,LAND,9.334991,2.6105042,1019.09125,1.269995177078083e-08,18,2025-04-16,43,49.42477359447475
2025-03-03 15:00:00,51.8999999999999,-0.2000000000000117,0,0001,1.0,LAND,10.03006,3.2945862,1015.1269,1.134897370525183e-08,18,2025-04-16,43,35.21913581529491
2025-03-02 22:00:00,51.39999999999989,-0.8000000000000116,0,0001,1.0,LAND,3.151764,-0.686615,1025.1819,3.788851143937489e-08,18,2025-04-16,44,38.73140022693996
2025-03-02 21:00:00,51.49999999999989,-0.8000000000000116,0,0001,1.0,LAND,4.231842,-0.83969116,1023.6119,3.5479620796861626e-08,18,2025-04-16,44,33.76560988142609
2025-03-03 15:00:00,51.8999999999999,-0.10000000000001169,0,0001,1.0,LAND,10.026154,3.150055,1016.15686,1.1835365389126107e-08,18,2025-04-16,43,37.63938702849345
2025-03-03 16:00:00,51.9999999999999,-0.10000000000001169,0,0001,1.0,LAND,10.070831,3.3349915,1016.9275,1.1937936417186408e-08,18,2025-04-16,43,47.90428933059539
2025-03-04 04:00:00,51.29999999999989,-0.6000000000000116,0,0001,1.0,LAND,-0.5489197,-1.181488,1017.3631,2.464991823621593e-08,18,2025-04-16,42,37.526374670793224
2025-03-04 04:00:00,51.29999999999989,-0.7000000000000116,0,0001,1.0,LAND,-0.41220093,-1.243988,1016.8931,2.3034480813496266e-08,18,2025-04-16,42,41.34967159310902
2025-03-04 03:00:00,51.29999999999989,-0.3000000000000117,0,0001,1.0,LAND,-0.45663452,-0.9793396,1015.97687,3.2757297541152964e-08,18,2025-04-16,42,32.86069625194224
2025-03-04 03:00:00,51.29999999999989,-0.4000000000000117,0,0001,1.0,LAND,-0.46835327,-0.9402771,1017.3769,2.9763248310388774e-08,18,2025-04-16,42,33.06423311037002
2025-03-04 02:00:00,51.19999999999989,-0.3000000000000117,0,0001,1.0,LAND,-0.23617554,-0.9546814,1015.6844,3.518950419944787e-08,18,2025-04-16,42,43.956318578791155
2025-03-03 15:00:00,51.8999999999999,-1.1685097334179773e-14,0,0001,1.0,LAND,10.008575,2.9820862,1016.78687,1.2321757073000388e-08,18,2025-04-16,43,41.0834267979001
2025-03-03 16:00:00,51.8999999999999,-0.10000000000001169,0,0001,1.0,LAND,9.809113,3.030304,1015.9475,1.4269015728247652e-08,18,2025-04-16,43,37.63938702849345
2025-03-03 16:00:00,51.8999999999999,-0.2000000000000117,0,0001,1.0,LAND,9.824738,3.1670227,1014.9175,1.3752186204624636e-08,18,2025-04-16,43,35.21913581529491
2025-03-03 16:00:00,51.8999999999999,-0.3000000000000117,0,0001,1.0,LAND,9.850128,3.2588196,1013.8575,1.3235356681001619e-08,18,2025-04-16,43,34.04174648569449
2025-03-02 20:00:00,51.49999999999989,-0.9000000000000116,0,0001,1.0,LAND,5.0226135,-0.9751892,1022.5631,2.853559657548798e-08,18,2025-04-16,44,40.39335958914089
2025-03-02 17:00:00,51.599999999999895,0.09999999999998832,0,0001,1.0,LAND,6.7862854,1.5676575,1028.9806,2.786483740043291e-08,18,2025-04-16,44,30.12348612714727
2025-03-02 17:00:00,51.599999999999895,-1.1685097334179773e-14,0,0001,1.0,LAND,6.8937073,1.2453918,1029.0707,2.9328722931745015e-08,18,2025-04-16,44,23.217992123859897
2025-03-02 15:00:00,51.599999999999895,0.19999999999998833,0,0001,1.0,LAND,7.3420715,2.0786438,1029.2294,2.1159890506439084e-08,18,2025-04-16,44,37.02961337294773
2025-03-02 02:00:00,51.39999999999989,0.19999999999998833,0,0001,1.0,LAND,0.34683228,0.250885,1026.4507,2.2799856706312134e-08,18,2025-04-16,44,42.958476669485016
2025-03-23 17:00:00,51.25,0.0,0,0001,1.0,MARINE,11.69986,10.280182,994.4938,1.7708143507099952e-08,18,2025-04-16,23,44.85207569552679
2025-03-26 15:00:00,51.5,0.25,0,0001,1.0,MARINE,14.778229,7.120758,1018.79376,9.389217833777307e-09,18,2025-04-16,20,41.867941583544
2025-03-26 04:00:00,52.0,-0.25,0,0001,1.0,MARINE,6.322174,5.973297,1014.81,1.3857989478172377e-08,18,2025-04-16,20,45.457364989218696
2025-03-26 03:00:00,52.0,-0.25,0,0001,1.0,MARINE,7.4530334,6.81485,1014.7356,1.4415438218118615e-08,18,2025-04-16,20,45.457364989218696
2025-03-26 09:00:00,51.75,-1.0,0,0001,1.0,MARINE,9.018707,6.4220276,1012.86,1.4233965173193928e-08,18,2025-04-16,20,48.935544602071346
2025-03-26 08:00:00,51.75,-0.5,0,0001,1.0,MARINE,8.561432,7.879547,1014.11,1.4964142591722473e-08,18,2025-04-16,20,20.64395529125819
2025-03-26 08:00:00,52.0,-0.5,0,0001,1.0,MARINE,8.332916,7.8580627,1015.26,1.4451194019216078e-08,18,2025-04-16,20,46.45982007331952
2025-03-03 14:00:00,51.75,0.25,0,0001,1.0,MARINE,10.594391,1.7086487,1021.2463,1.3629975520342139e-08,18,2025-04-16,43,43.947848632472116
2025-03-03 14:00:00,51.75,0.0,0,0001,1.0,MARINE,11.069,1.2555237,1019.85626,1.3225528815627115e-08,18,2025-04-16,43,28.900964954149984
2025-03-03 15:00:00,51.75,-0.25,0,0001,1.0,MARINE,11.488434,1.3829651,1017.47186,1.3401472596583468e-08,18,2025-04-16,43,18.26244724151668
2025-03-03 15:00:00,51.75,0.0,0,0001,1.0,MARINE,11.373199,1.224762,1019.2619,1.609842165822895e-08,18,2025-04-16,43,28.900964954149984
2025-03-03 17:00:00,51.75,-1.0,0,0001,1.0,MARINE,11.288727,0.11050415,1014.3806,1.1151952938650248e-08,18,2025-04-16,43,48.935544602071346
2025-03-03 16:00:00,51.75,-0.25,0,0001,1.0,MARINE,11.3385315,1.0860901,1017.1844,1.5957114985846952e-08,18,2025-04-16,43,18.26244724151668
2025-03-03 16:00:00,51.75,-0.5,0,0001,1.0,MARINE,11.424469,1.3517151,1015.9944,1.3392482659894717e-08,18,2025-04-16,43,20.64395529125819
2025-03-02 02:00:00,51.5,-0.25,0,0001,1.0,MARINE,0.084625244,-0.44979858,1027.4337,2.72360877554918e-08,18,2025-04-16,44,12.091337495718992
2025-03-02 07:00:00,51.75,0.25,0,0001,1.0,MARINE,-1.5528259,-2.2278748,1028.4775,1.8507087166305704e-08,18,2025-04-16,44,43.947848632472116
2025-03-02 22:00:00,51.5,-0.75,0,0001,1.0,MARINE,3.7303772,-0.4666443,1021.6231,3.9913302829485745e-08,18,2025-04-16,44,30.499564922224586
2025-03-02 21:00:00,51.5,-1.0,0,0001,1.0,MARINE,3.387848,-0.42684937,1020.15063,2.7351157151633606e-08,18,2025-04-16,44,47.103694692902586
2025-03-02 20:00:00,51.5,-0.75,0,0001,1.0,MARINE,5.058502,0.01675415,1021.45685,3.3212701922024826e-08,18,2025-04-16,44,30.499564922224586
2025-03-02 20:00:00,51.5,-1.0,0,0001,1.0,MARINE,4.353424,-0.45394897,1020.0469,2.484688844487733e-08,18,2025-04-16,44,47.103694692902586
2025-03-02 02:00:00,51.5,-0.75,0,0001,1.0,MARINE,0.31704712,-0.89901733,1025.7137,2.8410927851070226e-08,18,2025-04-16,44,30.499564922224586
2025-03-02 02:00:00,51.5,0.0,0,0001,1.0,MARINE,0.23501587,-0.32089233,1029.2438,2.5254291546871578e-08,18,2025-04-16,44,25.509236993925533
2025-03-04 04:00:00,51.5,0.0,0,0001,1.0,MARINE,-0.75912476,-1.7779236,1020.4625,3.830098282975311e-08,18,2025-04-16,42,25.509236993925533
2025-03-04 04:00:00,51.5,-0.25,0,0001,1.0,MARINE,-0.059906006,-1.6548767,1018.6025,3.089731441067539e-08,18,2025-04-16,42,12.091337495718992
2025-04-11 15:00:00,51.29999999999989,-0.10000000000001169,0,0001,1.0,LAND,18.603424,7.0143127,1005.52686,1.5995789651168836e-08,18,2025-04-16,4,36.62155315998958
2025-04-10 18:00:00,51.599999999999895,0.29999999999998833,0,0001,1.0,LAND,12.125153,6.257721,1023.3819,1.5254992657975667e-08,18,2025-04-16,5,43.936065378587244
2025-04-10 19:00:00,51.699999999999896,-0.6000000000000116,0,0001,1.0,LAND,13.022369,4.751129,1012.6406,2.210267423715665e-08,18,2025-04-16,5,21.653861010077485
2025-04-10 20:00:00,51.599999999999895,-0.9000000000000116,0,0001,1.0,LAND,12.06485,5.0594788,1013.005,2.344524955658971e-08,18,2025-04-16,5,38.959251319264155
2025-04-10 20:00:00,51.599999999999895,-0.8000000000000116,0,0001,1.0,LAND,12.092194,4.9950256,1013.725,2.5525073906369715e-08,18,2025-04-16,5,32.05301243387066
2025-04-11 13:00:00,51.25,-0.75,0,0001,1.0,MARINE,19.218414,5.0609436,1010.795,1.2892528818836539e-08,18,2025-04-16,4,47.88259688093009
2025-04-10 16:00:00,51.75,-0.5,0,0001,1.0,MARINE,14.940094,4.644928,1017.0544,1.5376130405957222e-08,18,2025-04-16,5,20.64395529125819
2025-04-10 16:00:00,52.0,-0.25,0,0001,1.0,MARINE,14.908844,4.7191467,1018.7444,1.1293072551174055e-08,18,2025-04-16,5,45.457364989218696
2025-04-10 16:00:00,52.0,-0.5,0,0001,1.0,MARINE,15.049469,4.7777405,1018.2444,1.0519294176466623e-08,18,2025-04-16,5,46.45982007331952
2025-04-10 16:00:00,51.75,-0.25,0,0001,1.0,MARINE,14.709625,4.8597717,1018.21436,1.5565866891739252e-08,18,2025-04-16,5,18.26244724151668
2025-04-10 15:00:00,52.0,-0.25,0,0001,1.0,MARINE,14.37442,4.669098,1019.2944,1.0030523411864006e-08,18,2025-04-16,5,45.457364989218696
2025-04-10 15:00:00,52.0,-0.5,0,0001,1.0,MARINE,14.528717,4.766754,1018.78436,9.357470909244096e-09,18,2025-04-16,5,46.45982007331952
2025-04-10 16:00:00,51.75,0.0,0,0001,1.0,MARINE,14.4635315,5.0609436,1020.0044,1.5102114706937094e-08,18,2025-04-16,5,28.900964954149984
2025-04-10 16:00:00,51.75,0.25,0,0001,1.0,MARINE,14.10025,5.392975,1021.3844,1.1980922212662463e-08,18,2025-04-16,5,43.947848632472116
2025-04-10 19:00:00,51.5,-0.75,0,0001,1.0,MARINE,13.403717,4.7132874,1017.42065,2.3580500626193092e-08,18,2025-04-16,5,30.499564922224586
2025-04-10 19:00:00,51.75,-0.5,0,0001,1.0,MARINE,13.784576,4.1566467,1016.0106,2.1403868200968816e-08,18,2025-04-16,5,20.64395529125819
2025-04-10 18:00:00,51.75,0.0,0,0001,1.0,MARINE,13.688629,5.066559,1019.02686,1.8513123173358668e-08,18,2025-04-16,5,28.900964954149984
2025-04-10 18:00:00,51.75,-0.25,0,0001,1.0,MARINE,13.991364,4.8087463,1017.2569,1.9475046353357303e-08,18,2025-04-16,5,18.26244724151668
2025-04-10 17:00:00,51.75,0.25,0,0001,1.0,MARINE,13.9711,5.304352,1020.9294,1.3269784484779384e-08,18,2025-04-16,5,43.947848632472116
2025-04-10 17:00:00,51.75,0.0,0,0001,1.0,MARINE,14.3246155,4.935211,1019.5594,1.6807618940147883e-08,18,2025-04-16,5,28.900964954149984
2025-08-23 12:00:00,51.29999999999989,-2.2000000000000126,0,0001,1.0,LAND,20.78946,11.132721,1010.9456,1.1593537907472132e-08,19,2025-11-21,89,32.37476000831326
2025-08-23 13:00:00,51.599999999999895,-2.600000000000013,0,0001,1.0,LAND,20.482086,11.364655,1015.6525,1.2469277832493506e-08,19,2025-11-21,89,14.412446738864674
2025-08-23 11:00:00,51.25,-2.0,0,0001,1.0,MARINE,21.036041,10.699127,1006.60065,1.1569918930328181e-08,19,2025-11-21,89,47.031945270305975
2025-08-23 11:00:00,51.25,-2.25,0,0001,1.0,MARINE,20.846588,10.984283,1008.1306,1.120295733033245e-08,19,2025-11-21,89,33.488870221870215
2025-08-23 11:00:00,51.5,-2.5,0,0001,1.0,MARINE,20.412994,11.443268,1012.0106,1.1775818616517934e-08,19,2025-11-21,89,6.247350409966496
2025-09-29 11:00:00,51.19999999999989,-2.400000000000013,0,0001,1.0,LAND,14.582428,9.501129,1011.1119,9.18925498657003e-09,19,2025-11-21,52,32.57236313500226
2025-09-29 10:00:00,51.699999999999896,-2.9000000000000132,0,0001,1.0,LAND,12.309479,10.038483,1013.1669,9.847925512100848e-09,19,2025-11-21,52,33.827023154806916
2025-09-29 10:00:00,51.699999999999896,-3.0000000000000133,0,0001,1.0,LAND,12.157135,9.796295,1007.7569,9.484756202660872e-09,19,2025-11-21,52,38.72937245654961
2025-09-29 11:00:00,51.19999999999989,-2.500000000000013,0,0001,1.0,LAND,14.391022,9.667145,1010.71185,9.226912437801385e-09,19,2025-11-21,52,30.62633940031477
2025-10-10 18:00:00,51.7999999999999,-2.400000000000013,0,0001,1.0,LAND,14.858551,9.044464,1025.7524,1.3097789297591187e-08,19,2025-11-21,41,38.56215153126827
2025-11-17 22:00:00,51.09999999999989,-2.800000000000013,0,0005,1.0,LAND,2.863922,0.41445923,1024.6737,1.2959529893661641e-08,19,2025-11-21,3,44.07734806760012
2025-11-17 22:00:00,51.09999999999989,-2.9000000000000132,0,0005,1.0,LAND,3.2486877,0.2562561,1027.1138,1.2803625752213447e-08,19,2025-11-21,3,46.973170696017824
2025-08-23 20:00:00,52.69999999999991,-3.800000000000014,0,0001,1.0,LAND,17.304474,13.069977,989.31,1.4864634930351671e-08,20,2025-10-24,61,46.20797587273019
2025-08-23 18:00:00,52.69999999999991,-3.800000000000014,0,0001,1.0,LAND,18.290192,11.813873,988.89624,1.4448801821664164e-08,20,2025-10-24,61,46.20797587273019
2025-08-23 19:00:00,52.69999999999991,-3.800000000000014,0,0001,1.0,LAND,17.78482,12.60611,989.085,1.4656718376007916e-08,20,2025-10-24,61,46.20797587273019
2025-08-23 19:00:00,52.59999999999991,-3.800000000000014,0,0001,1.0,LAND,18.060211,12.6666565,991.375,1.4163302160714641e-08,20,2025-10-24,61,37.3003984893565
2025-08-24 20:00:00,52.399999999999906,-3.800000000000014,0,0001,1.0,LAND,17.52945,11.725006,977.02,1.3006505206191786e-08,20,2025-10-24,60,25.405906373252854
2025-08-24 21:00:00,52.69999999999991,-3.600000000000014,0,0001,1.0,LAND,16.91446,12.786774,984.035,1.3370872298246197e-08,20,2025-10-24,60,40.62790529392308
2025-08-23 16:00:00,52.69999999999991,-3.700000000000014,0,0001,1.0,LAND,18.680328,11.1024475,986.5044,1.44938869054786e-08,20,2025-10-24,61,42.978282500010636
2025-08-23 16:00:00,52.59999999999991,-3.800000000000014,0,0001,1.0,LAND,19.047516,11.51651,991.5744,1.3505762582373152e-08,20,2025-10-24,61,37.3003984893565
2025-08-23 16:00:00,52.59999999999991,-3.700000000000014,0,0001,1.0,LAND,18.959625,11.2274475,987.6244,1.3973290450644769e-08,20,2025-10-24,61,33.205674980653825
2025-08-23 16:00:00,52.49999999999991,-3.700000000000014,0,0001,1.0,LAND,18.629547,10.756744,979.27435,1.3452693995810936e-08,20,2025-10-24,61,24.604603493904122
2025-08-23 17:00:00,52.69999999999991,-3.800000000000014,0,0001,1.0,LAND,18.505768,11.493805,988.85565,1.4240885267320408e-08,20,2025-10-24,61,46.20797587273019
2025-08-15 03:00:00,52.69999999999991,-3.800000000000014,0,0001,1.0,LAND,14.136383,13.717438,993.7406,1.0107596690178856e-08,20,2025-10-24,69,46.20797587273019
2025-08-15 04:00:00,52.49999999999991,-3.700000000000014,0,0001,1.0,LAND,13.187653,13.013092,983.91376,9.100542477010508e-09,20,2025-10-24,69,24.604603493904122
2025-08-24 21:00:00,52.75,-3.75,0,0001,1.0,MARINE,16.226227,12.438629,986.3856,1.3476401529433086e-08,20,2025-10-24,60,49.44240117611244
2025-08-24 20:00:00,52.5,-3.75,0,0001,1.0,MARINE,16.521881,12.736237,987.1119,1.2982007302486666e-08,20,2025-10-24,60,27.17668883313094
2025-08-24 19:00:00,52.25,-4.0,0,0001,1.0,MARINE,19.026764,13.185699,993.24,1.2142101722215965e-08,20,2025-10-24,60,39.93279950237821
2025-08-23 17:00:00,52.5,-3.75,0,0001,1.0,MARINE,19.238434,11.891022,988.85126,1.346034697128704e-08,20,2025-10-24,61,27.17668883313094
2025-08-23 20:00:00,52.75,-3.75,0,0001,1.0,MARINE,16.58731,12.595612,988.6362,1.5428152394525272e-08,20,2025-10-24,61,49.44240117611244
2025-08-23 19:00:00,52.5,-3.75,0,0001,1.0,MARINE,17.910065,12.303619,988.84314,1.3949790466279437e-08,20,2025-10-24,61,27.17668883313094
2025-08-23 19:00:00,52.75,-3.75,0,0001,1.0,MARINE,17.74405,12.643463,988.4331,1.5202458909790826e-08,20,2025-10-24,61,49.44240117611244
2025-08-23 18:00:00,52.5,-3.75,0,0001,1.0,MARINE,18.84024,12.098053,988.8019,1.3705068718783237e-08,20,2025-10-24,61,27.17668883313094
2025-08-11 16:00:00,52.5,-4.0,0,0001,1.0,MARINE,22.887604,14.382233,999.8256,1.3973732689483802e-08,20,2025-10-24,73,41.825071707583206
2025-08-11 17:00:00,52.75,-3.75,0,0001,1.0,MARINE,21.530426,16.100983,988.41626,1.3332135076482744e-08,20,2025-10-24,73,49.44240117611244
2025-08-11 17:00:00,52.25,-4.0,0,0001,1.0,MARINE,21.098785,14.690826,995.01624,1.504509853737333e-08,20,2025-10-24,73,39.93279950237821
2025-08-11 17:00:00,52.5,-3.75,0,0001,1.0,MARINE,21.317535,14.882233,988.7463,1.5066646384213607e-08,20,2025-10-24,73,27.17668883313094
2025-01-15 18:00:00,50.999999999999886,-2.9000000000000132,0,0001,1.0,LAND,5.686676,4.7655334,1029.4181,2.8427372456006933e-08,21,2025-03-21,64,48.969723759229566
2025-01-20 10:00:00,51.699999999999896,-2.700000000000013,0,0001,1.0,LAND,0.88638306,0.60806274,1008.4363,1.8409943208788267e-08,21,2025-03-21,59,40.998126724511636
2025-01-20 09:00:00,51.699999999999896,-2.700000000000013,0,0001,1.0,LAND,-0.25057983,-0.67489624,1008.27563,1.839052583829891e-08,21,2025-03-21,59,40.998126724511636
2025-01-20 04:00:00,51.699999999999896,-2.9000000000000132,0,0001,1.0,LAND,0.17495728,-0.34506226,1004.7075,1.8930848222355847e-08,21,2025-03-21,59,47.75844904879025
2025-01-20 03:00:00,51.699999999999896,-2.9000000000000132,0,0001,1.0,LAND,0.17959595,-0.3453064,1004.83813,1.9072698809188016e-08,21,2025-03-21,59,47.75844904879025
2025-01-20 02:00:00,51.699999999999896,-2.9000000000000132,0,0001,1.0,LAND,0.38027954,-0.22567749,1004.58875,1.9214549396020188e-08,21,2025-03-21,59,47.75844904879025
2025-01-20 00:00:00,51.699999999999896,-2.800000000000013,0,0001,1.0,LAND,1.3314514,0.32925415,1008.7394,1.8856765926502127e-08,21,2025-03-21,60,43.96593426329024
2025-01-10 02:00:00,51.699999999999896,-2.700000000000013,0,0001,1.0,LAND,-1.6268005,-2.665863,1007.4263,1.0870942463347217e-08,21,2025-03-21,69,40.998126724511636
2025-01-10 03:00:00,51.7999999999999,-2.600000000000013,0,0001,1.0,LAND,-2.205902,-2.8206482,1003.35376,9.144519683148883e-09,21,2025-03-21,69,49.98469133254303
2025-01-15 18:00:00,51.0,-2.75,0,0001,1.0,MARINE,5.781891,4.5450745,1024.3506,2.885290650844727e-08,21,2025-03-21,64,43.64223786131186
2025-01-20 10:00:00,51.75,-2.75,0,0001,1.0,MARINE,1.8397522,1.5414124,1007.16187,1.7455203067673878e-08,21,2025-03-21,59,47.44246071043552
2025-01-20 09:00:00,51.75,-2.75,0,0001,1.0,MARINE,1.3839417,0.92837524,1007.1106,1.7506795343264456e-08,21,2025-03-21,59,47.44246071043552
2025-01-20 08:00:00,51.75,-2.75,0,0001,1.0,MARINE,1.5543518,1.0550842,1006.96625,1.7558387618855035e-08,21,2025-03-21,59,47.44246071043552
2025-01-20 07:00:00,51.75,-2.75,0,0001,1.0,MARINE,1.4374084,0.84536743,1006.84686,1.760997989444561e-08,21,2025-03-21,59,47.44246071043552
2025-01-10 03:00:00,51.75,-2.5,0,0001,1.0,MARINE,-2.2842712,-2.283783,1009.14935,1.1260037484015464e-08,21,2025-03-21,69,43.816125882344586
2025-01-10 02:00:00,51.75,-2.75,0,0001,1.0,MARINE,-2.2754822,-3.212738,1006.5206,9.095994200325185e-09,21,2025-03-21,69,47.44246071043552
2025-01-10 00:00:00,51.5,-3.0,0,0001,1.0,MARINE,0.36026,-1.6055603,1010.415,1.2566154339310712e-08,21,2025-03-21,70,39.03142824720269
2025-02-01 06:00:00,51.699999999999896,-2.400000000000013,0,0001,1.0,LAND,4.1786194,3.764801,1018.8125,1.8976696436466798e-08,21,2025-03-21,47,38.712192685281366
2025-02-01 06:00:00,51.699999999999896,-2.500000000000013,0,0001,1.0,LAND,4.1161194,3.5831604,1019.7225,2.0539833001097484e-08,21,2025-03-21,47,38.25782842225538
2025-03-02 22:00:00,51.29999999999989,-2.700000000000013,0,0001,1.0,LAND,4.4544983,-0.85653687,1017.0619,2.4130486072265854e-08,21,2025-03-21,18,16.08739176134259
2025-03-03 06:00:00,51.49999999999989,-2.700000000000013,0,0001,1.0,LAND,0.39053345,-1.3977966,1024.1837,1.6531867319534735e-08,21,2025-03-21,17,21.80031440566531
2025-03-02 20:00:00,51.39999999999989,-1.8000000000000123,0,0001,1.0,LAND,4.1319885,-1.4165955,1010.73315,1.3947635565022802e-08,21,2025-03-21,18,47.899581410584226
2025-03-04 04:00:00,51.699999999999896,-2.500000000000013,0,0001,1.0,LAND,1.1756897,1.0294495,1018.1831,1.8540021790953264e-08,21,2025-03-21,16,38.25782842225538
2025-03-04 04:00:00,51.699999999999896,-2.600000000000013,0,0001,1.0,LAND,0.7831116,0.50405884,1016.7631,1.8798897003886292e-08,21,2025-03-21,16,39.04355240234814
2025-03-04 03:00:00,51.699999999999896,-2.400000000000013,0,0001,1.0,LAND,1.9828186,1.4464417,1017.6969,2.0163856959134944e-08,21,2025-03-21,16,38.712192685281366
2025-03-04 03:00:00,51.7999999999999,-2.400000000000013,0,0001,1.0,LAND,1.6781311,1.2472229,1019.03687,1.8170995291780082e-08,21,2025-03-21,16,49.72686519832888
2025-03-03 17:00:00,51.699999999999896,-2.400000000000013,0,0001,1.0,LAND,9.27713,3.6211243,1018.3869,1.1988726363508118e-08,21,2025-03-21,17,38.712192685281366
2025-03-03 17:00:00,51.699999999999896,-2.500000000000013,0,0001,1.0,LAND,9.353302,3.6269836,1019.28687,1.1909467450273565e-08,21,2025-03-21,17,38.25782842225538
2025-03-02 19:00:00,51.19999999999989,-2.700000000000013,0,0001,1.0,LAND,6.241974,-0.73861694,1019.8425,1.755587168232e-08,21,2025-03-21,18,22.836551589933123
2025-03-02 19:00:00,51.29999999999989,-2.600000000000013,0,0001,1.0,LAND,6.0290833,-1.004242,1012.6825,1.84776304442307e-08,21,2025-03-21,18,10.048807505846252
2025-03-01 08:00:00,51.7999999999999,-2.400000000000013,0,0001,1.0,LAND,1.2235413,0.8548889,1026.1425,1.4180123741881382e-08,21,2025-03-21,19,49.72686519832888
2025-03-01 08:00:00,51.7999999999999,-2.500000000000013,0,0001,1.0,LAND,1.1356506,0.9408264,1023.4225,1.3892016093032224e-08,21,2025-03-21,19,49.37474959126507
2025-03-01 07:00:00,51.7999999999999,-2.500000000000013,0,0001,1.0,LAND,1.007721,0.8085022,1022.675,1.4752348981296256e-08,21,2025-03-21,19,49.37474959126507
2025-03-01 06:00:00,51.7999999999999,-2.500000000000013,0,0001,1.0,LAND,3.2030334,1.6075745,1021.8475,1.5612681869560288e-08,21,2025-03-21,19,49.37474959126507
2025-03-02 09:00:00,51.699999999999896,-2.9000000000000132,0,0001,1.0,LAND,2.316803,0.8458557,1022.14435,9.971212647232682e-09,21,2025-03-21,18,47.75844904879025
2025-03-02 08:00:00,51.699999999999896,-2.700000000000013,0,0001,1.0,LAND,0.95669556,-0.92245483,1025.4606,1.1322835965131016e-08,21,2025-03-21,18,40.998126724511636
2025-03-02 08:00:00,51.7999999999999,-2.600000000000013,0,0001,1.0,LAND,0.94888306,-1.0220642,1021.23065,1.0260737962991312e-08,21,2025-03-21,18,49.98469133254303
2025-03-03 06:00:00,51.0,-2.75,0,0001,1.0,MARINE,-1.6031189,-3.02182,1020.0037,1.2258231318895387e-08,21,2025-03-21,17,43.64223786131186
2025-03-03 02:00:00,51.0,-2.75,0,0001,1.0,MARINE,-0.34848022,-2.2049255,1020.3681,1.9568817529365412e-08,21,2025-03-21,17,43.64223786131186
2025-03-01 03:00:00,51.75,-2.5,0,0001,1.0,MARINE,0.85440063,-0.42196655,1022.9775,1.8852553525239638e-08,21,2025-03-21,19,43.816125882344586
2025-03-02 08:00:00,51.75,-2.75,0,0001,1.0,MARINE,-0.027679443,-1.5843201,1024.2394,1.051819936703819e-08,21,2025-03-21,18,47.44246071043552
2025-03-02 08:00:00,51.75,-2.5,0,0001,1.0,MARINE,0.1402893,-0.7210388,1026.7594,1.1151863969309378e-08,21,2025-03-21,18,43.816125882344586
2025-03-02 07:00:00,51.75,-2.5,0,0001,1.0,MARINE,-0.12313843,-1.1517029,1026.8275,1.2563612189949702e-08,21,2025-03-21,18,43.816125882344586
2025-03-02 19:00:00,51.25,-2.75,0,0001,1.0,MARINE,6.5829163,-0.6636658,1025.4663,1.8107322227271018e-08,21,2025-03-21,18,21.782812653975007
2025-03-02 18:00:00,51.25,-3.0,0,0001,1.0,MARINE,8.617462,0.190094,1028.6825,1.5313474932554196e-08,21,2025-03-21,18,37.59233226134402
2025-03-02 07:00:00,51.75,-2.75,0,0001,1.0,MARINE,-0.5352478,-2.6653748,1024.2975,1.1790435794356982e-08,21,2025-03-21,18,47.44246071043552
2025-03-02 04:00:00,51.75,-2.25,0,0001,1.0,MARINE,0.27871704,-1.823822,1023.1225,1.694384199844409e-08,21,2025-03-21,18,46.75944245195573
2025-03-04 04:00:00,51.75,-2.5,0,0001,1.0,MARINE,0.32876587,0.12832642,1018.1225,1.761634091610879e-08,21,2025-03-21,16,43.816125882344586
2025-09-29 10:00:00,51.699999999999896,-2.9000000000000132,0,0001,1.0,LAND,12.309479,10.038483,1013.1669,9.847925512100848e-09,22,2025-12-12,73,31.25767893824559
2025-09-29 10:00:00,51.699999999999896,-3.0000000000000133,0,0001,1.0,LAND,12.157135,9.796295,1007.7569,9.484756202660872e-09,22,2025-12-12,73,26.78491871456902
2025-05-21 01:00:00,51.49999999999989,-0.9000000000000116,0,0001,1.0,LAND,13.503571,7.46463,1009.09564,9.974803538702484e-09,23,2025-08-14,84,31.963196771225928
2025-05-21 01:00:00,51.599999999999895,-0.9000000000000116,0,0001,1.0,LAND,13.460602,6.822052,1003.66565,1.0923581520807794e-08,23,2025-08-14,84,32.44231675922374
2025-05-21 00:00:00,51.699999999999896,-0.9000000000000116,0,0001,1.0,LAND,13.760162,6.6059875,1002.5506,1.0811143758005317e-08,23,2025-08-14,85,36.47802188180069
2025-05-21 00:00:00,51.7999999999999,-0.9000000000000116,0,0001,1.0,LAND,13.9183655,6.658722,1005.7506,1.0636390879171073e-08,23,2025-08-14,85,43.08215917221975
2025-05-21 05:00:00,51.09999999999989,-0.4000000000000117,0,0001,1.0,LAND,11.898346,8.459625,1009.2631,9.481351648245836e-09,23,2025-08-14,84,48.63783777647593
2025-05-23 00:00:00,51.29999999999989,0.09999999999998832,0,0001,1.0,LAND,7.5172424,6.0050354,1006.6406,1.3409989341184387e-08,23,2025-08-14,83,45.86907533950609
2025-05-23 06:00:00,51.39999999999989,-1.1685097334179773e-14,0,0001,1.0,LAND,7.474762,5.287506,1010.22815,1.403743365990768e-08,23,2025-08-14,82,34.167602290940195
2025-05-23 06:00:00,51.599999999999895,-0.3000000000000117,0,0001,1.0,LAND,7.71109,5.769928,1013.60815,1.3124224818028606e-08,23,2025-08-14,82,12.072083788408772
2025-05-21 01:00:00,51.5,-0.75,0,0001,1.0,MARINE,13.070709,7.1698303,1008.2019,9.36079897391915e-09,23,2025-08-14,84,21.709267214746873
2025-05-21 00:00:00,51.75,-0.75,0,0001,1.0,MARINE,13.454498,6.747223,1006.66876,9.482156282381207e-09,23,2025-08-14,85,31.86091677928349
2025-06-19 14:00:00,51.699999999999896,-0.10000000000001169,0,0001,1.0,LAND,27.94107,13.575836,1016.64374,1.1115583194629038e-08,23,2025-08-14,55,29.781472525797255
2025-06-19 14:00:00,51.699999999999896,-0.2000000000000117,0,0001,1.0,LAND,27.76529,13.476227,1015.41376,1.0344620641571334e-08,23,2025-08-14,55,24.672650172723003
2025-06-19 13:00:00,51.699999999999896,-0.2000000000000117,0,0001,1.0,LAND,27.288727,13.575592,1015.54065,1.0185678263793505e-08,23,2025-08-14,55,24.672650172723003
2025-06-19 12:00:00,51.699999999999896,-0.2000000000000117,0,0001,1.0,LAND,26.58902,13.665192,1015.84875,1.0026735886015678e-08,23,2025-08-14,55,24.672650172723003
2025-06-19 11:00:00,51.699999999999896,-0.10000000000001169,0,0001,1.0,LAND,25.83194,14.092194,1017.1194,1.1347803215619354e-08,23,2025-08-14,55,29.781472525797255
2025-06-19 08:00:00,51.599999999999895,-1.1685097334179773e-14,0,0001,1.0,LAND,21.6232,14.695465,1022.20685,1.47423856825887e-08,23,2025-08-14,55,31.33953077648251
2025-06-19 08:00:00,51.699999999999896,0.19999999999998833,0,0001,1.0,LAND,21.107574,14.478668,1016.84686,1.274987478557551e-08,23,2025-08-14,55,47.890570924915735
2025-06-19 07:00:00,51.49999999999989,-0.10000000000001169,0,0001,1.0,LAND,19.750397,14.320709,1021.8744,1.299626318599563e-08,23,2025-08-14,55,23.999543247944406
2025-06-19 07:00:00,51.49999999999989,-0.2000000000000117,0,0001,1.0,LAND,19.703522,14.389069,1021.5444,1.198127077180506e-08,23,2025-08-14,55,17.22074562990071
2025-06-14 02:00:00,51.49999999999989,-0.8000000000000116,0,0001,1.0,LAND,16.68692,14.834869,1004.655,1.031495703666472e-08,23,2025-08-14,60,25.115845830266007
2025-06-14 02:00:00,51.49999999999989,-0.9000000000000116,0,0001,1.0,LAND,16.847076,14.6649475,1003.815,9.924273032997872e-09,23,2025-08-14,60,31.963196771225928
2025-06-14 03:00:00,51.49999999999989,-0.6000000000000116,0,0001,1.0,LAND,16.981598,15.658112,1007.6887,1.0781339820909132e-08,23,2025-08-14,60,11.678168243307882
2025-06-19 07:00:00,51.5,0.0,0,0001,1.0,MARINE,20.130524,15.053619,1018.89374,1.4011255600187673e-08,23,2025-08-14,55,30.8407757500517
2025-06-19 06:00:00,51.5,0.0,0,0001,1.0,MARINE,17.830719,14.451813,1018.53436,1.4458930275295735e-08,23,2025-08-14,55,30.8407757500517
2025-06-19 06:00:00,51.5,-0.25,0,0001,1.0,MARINE,17.71939,14.254547,1016.8144,1.1879172340245234e-08,23,2025-08-14,55,13.883408020344202
2025-06-19 08:00:00,51.5,-0.25,0,0001,1.0,MARINE,21.903473,14.935211,1017.1756,1.1068376789176573e-08,23,2025-08-14,55,13.883408020344202
2025-06-19 10:00:00,51.75,0.0,0,0001,1.0,MARINE,25.35196,14.104645,1016.755,1.2290817770951153e-08,23,2025-08-14,55,38.63086115317096
2025-07-19 09:00:00,51.699999999999896,-0.3000000000000117,0,0001,1.0,LAND,17.619781,17.04837,994.9575,1.3189126457646444e-08,23,2025-08-14,25,20.636726255633363
2025-07-19 10:00:00,51.699999999999896,-0.10000000000001169,0,0001,1.0,LAND,18.689362,17.586578,997.65314,1.4081267559380887e-08,23,2025-08-14,25,29.781472525797255
2025-07-19 08:00:00,51.599999999999895,-1.1685097334179773e-14,0,0001,1.0,LAND,17.874176,16.552765,1003.03564,1.3969580751430023e-08,23,2025-08-14,25,31.33953077648251
2025-07-19 07:00:00,51.49999999999989,0.19999999999998833,0,0001,1.0,LAND,17.835602,16.510529,1003.635,1.3176175243470951e-08,23,2025-08-14,25,44.59546327150652
2025-07-19 07:00:00,51.39999999999989,0.19999999999998833,0,0001,1.0,LAND,17.50943,16.25467,997.675,1.2765364284146466e-08,23,2025-08-14,25,46.98194305846447
2025-07-16 22:00:00,51.19999999999989,-0.5000000000000117,0,0001,1.0,LAND,19.23526,11.631744,1007.78564,1.6601217067699632e-08,23,2025-08-14,28,37.648701134663185
2025-07-16 22:00:00,51.09999999999989,-0.4000000000000117,0,0001,1.0,LAND,19.200104,11.979401,1009.97565,1.4892964084187413e-08,23,2025-08-14,28,48.63783777647593
2025-07-16 22:00:00,51.09999999999989,-0.3000000000000117,0,0001,1.0,LAND,19.358307,11.739166,1009.58563,1.4698228301133185e-08,23,2025-08-14,28,49.541189648248235
2025-07-16 23:00:00,51.19999999999989,-0.4000000000000117,0,0001,1.0,LAND,18.410797,11.560944,1007.40063,1.7482453040781823e-08,23,2025-08-14,28,37.543849739064605
2025-07-16 23:00:00,51.09999999999989,-0.4000000000000117,0,0001,1.0,LAND,18.621735,11.850006,1010.3706,1.5488453686260295e-08,23,2025-08-14,28,48.63783777647593
2025-07-16 23:00:00,51.09999999999989,-0.3000000000000117,0,0001,1.0,LAND,18.8815,11.521881,1009.98065,1.5261013952547412e-08,23,2025-08-14,28,49.541189648248235
2025-07-17 00:00:00,51.09999999999989,-0.3000000000000117,0,0001,1.0,LAND,18.505768,11.673492,1009.8619,1.5823799603961638e-08,23,2025-08-14,28,49.541189648248235
2025-07-16 22:00:00,51.699999999999896,-1.1000000000000116,0,0001,1.0,LAND,20.055573,10.655182,1006.29565,2.0773370320211544e-08,23,2025-08-14,28,48.937524066965786
2025-07-29 19:00:00,51.39999999999989,-0.5000000000000117,0,0001,1.0,LAND,18.550934,14.789825,1013.6931,1.5238383036889036e-08,23,2025-08-14,15,15.71788197790948
2025-07-29 21:00:00,51.699999999999896,-0.8000000000000116,0,0001,1.0,LAND,17.255768,13.983429,1001.4944,1.437945129634298e-08,23,2025-08-14,15,30.684244723274855
2025-07-29 21:00:00,51.599999999999895,-0.3000000000000117,0,0001,1.0,LAND,17.531158,14.045929,1011.2644,1.891717149593465e-08,23,2025-08-14,15,12.072083788408772
2025-07-29 21:00:00,51.599999999999895,-0.2000000000000117,0,0001,1.0,LAND,17.595612,13.819366,1012.1744,1.8909488419537335e-08,23,2025-08-14,15,18.13846851936251
2025-07-29 21:00:00,51.49999999999989,-1.1685097334179773e-14,0,0001,1.0,LAND,17.814362,13.792023,1015.0144,1.808388294666119e-08,23,2025-08-14,15,30.840775750052504
2025-07-09 20:00:00,51.599999999999895,-0.10000000000001169,0,0001,1.0,LAND,23.44693,13.442291,1016.51,1.087212831799712e-08,23,2025-08-14,35,24.653895054991004
2025-07-01 02:00:00,51.09999999999989,-0.6000000000000116,0,0001,1.0,LAND,20.481354,16.706696,1006.16376,1.4011118968745515e-08,23,2025-08-14,43,49.77984520571315
2025-07-01 03:00:00,51.29999999999989,-0.10000000000001169,0,0001,1.0,LAND,20.494537,16.775543,999.5156,1.1377200362371527e-08,23,2025-08-14,43,35.4141277319201
2025-07-01 03:00:00,51.19999999999989,-0.2000000000000117,0,0001,1.0,LAND,20.676178,16.882965,1001.8756,1.0409499262569868e-08,23,2025-08-14,43,41.023385968824876
2025-07-01 10:00:00,51.39999999999989,-1.1685097334179773e-14,0,0001,1.0,LAND,28.475739,18.644928,1003.2481,1.1848585298084947e-08,23,2025-08-14,43,34.167602290940195
2025-07-01 10:00:00,51.39999999999989,0.09999999999998832,0,0001,1.0,LAND,28.247223,18.906647,1003.71814,1.196890779079513e-08,23,2025-08-14,43,40.489308392354666
2025-07-01 11:00:00,51.599999999999895,-0.2000000000000117,0,0001,1.0,LAND,29.305573,17.929596,1007.3237,1.4303411307220125e-08,23,2025-08-14,43,18.13846851936251
2025-07-01 11:00:00,51.599999999999895,-0.10000000000001169,0,0001,1.0,LAND,29.534088,18.18155,1008.4437,1.4808285912305797e-08,23,2025-08-14,43,24.653895054991004
2025-07-19 10:00:00,51.75,-0.5,0,0001,1.0,MARINE,17.764069,17.649078,994.53687,1.2781931022868559e-08,23,2025-08-14,25,24.06302051134315
2025-07-19 09:00:00,51.75,-0.5,0,0001,1.0,MARINE,17.47232,17.059723,994.6731,1.2501887011739859e-08,23,2025-08-14,25,24.06302051134315
2025-07-19 08:00:00,51.5,-0.25,0,0001,1.0,MARINE,17.354645,17.178741,997.975,1.24953628925319e-08,23,2025-08-14,25,13.883408020344202
2025-07-19 08:00:00,51.75,0.0,0,0001,1.0,MARINE,17.628082,17.286163,998.005,1.4029374476957406e-08,23,2025-08-14,25,38.63086115317096
2025-07-19 14:00:00,51.75,-0.75,0,0001,1.0,MARINE,20.477448,16.57022,993.3206,1.1592550342119068e-08,23,2025-08-14,25,31.86091677928349
2025-07-29 19:00:00,51.75,-0.75,0,0001,1.0,MARINE,18.337555,14.861237,1006.21436,1.3781714184220875e-08,23,2025-08-14,15,31.86091677928349
2025-07-29 18:00:00,51.5,-0.75,0,0001,1.0,MARINE,19.19986,14.764313,1007.65063,1.3643110752248166e-08,23,2025-08-14,15,21.709267214746873
2025-07-29 18:00:00,51.75,-1.0,0,0001,1.0,MARINE,18.90689,14.803375,1004.8806,1.1180265921395523e-08,23,2025-08-14,15,45.23678586819534
2025-07-29 17:00:00,51.5,-1.0,0,0001,1.0,MARINE,19.386627,14.775543,1006.1937,1.108144896215048e-08,23,2025-08-14,15,38.83602359511689
2025-07-29 17:00:00,51.75,-1.0,0,0001,1.0,MARINE,19.052643,14.744293,1004.78375,1.1138673712551827e-08,23,2025-08-14,15,45.23678586819534
2025-07-25 10:00:00,51.5,0.0,0,0001,1.0,MARINE,22.564606,13.880768,1012.9288,1.251060773495752e-08,23,2025-08-14,19,30.8407757500517
2025-07-25 10:00:00,51.5,0.25,0,0001,1.0,MARINE,22.162262,14.01944,1014.22876,1.1240757815296968e-08,23,2025-08-14,19,48.041639418422896
2025-07-25 10:00:00,51.25,-0.25,0,0001,1.0,MARINE,22.384918,14.132721,1010.5087,1.2365911743657696e-08,23,2025-08-14,19,34.53881947874639
2025-07-01 04:00:00,51.25,0.0,0,0001,1.0,MARINE,21.05655,17.195465,1003.4225,1.1170885512908269e-08,23,2025-08-14,43,44.220929162344554
2025-07-01 09:00:00,51.25,0.0,0,0001,1.0,MARINE,27.9628,18.9628,1003.03625,9.695006047971215e-09,23,2025-08-14,43,44.220929162344554
2025-01-08 09:00:00,51.599999999999895,-0.2000000000000117,0,0001,1.0,LAND,-0.31600952,-1.8226013,997.70123,1.497203161448916e-08,24,2025-02-16,38,35.46928342688808
2025-01-08 09:00:00,51.599999999999895,-0.3000000000000117,0,0001,1.0,LAND,-0.35702515,-1.879242,996.71124,1.4211517962435428e-08,24,2025-02-16,38,29.174022998793646
2025-01-08 08:00:00,51.29999999999989,-0.10000000000001169,0,0001,1.0,LAND,-1.0364685,-2.3753357,989.0069,1.1474555842529854e-08,24,2025-02-16,38,44.67872948125826
2025-01-08 08:00:00,51.29999999999989,-0.2000000000000117,0,0001,1.0,LAND,-0.99935913,-2.3304138,990.5469,1.1044979856635873e-08,24,2025-02-16,38,38.60401805381264
2025-01-08 08:00:00,51.29999999999989,-0.3000000000000117,0,0001,1.0,LAND,-0.94467163,-2.2679138,992.6169,1.0615403870741896e-08,24,2025-02-16,38,32.87309849866092
2025-01-08 08:00:00,51.39999999999989,-0.3000000000000117,0,0001,1.0,LAND,-0.47592163,-1.9456482,998.34686,1.1531381664355972e-08,24,2025-02-16,38,27.51090839759674
2025-01-08 08:00:00,51.39999999999989,-0.4000000000000117,0,0001,1.0,LAND,-0.4427185,-1.9026794,999.4269,1.1012701269425664e-08,24,2025-02-16,38,21.075905729019624
2025-01-08 09:00:00,51.75,-0.75,0,0001,1.0,MARINE,-1.2559509,-2.0852966,991.6163,1.0577550502155879e-08,24,2025-02-16,38,30.423996239514874
2025-01-08 09:00:00,51.75,-0.5,0,0001,1.0,MARINE,-0.8340759,-1.903656,992.02625,1.0955685525449334e-08,24,2025-02-16,38,32.338478553089374
2025-01-08 09:00:00,51.5,-0.25,0,0001,1.0,MARINE,-0.4727478,-1.6497498,995.3862,1.3538304054205506e-08,24,2025-02-16,38,29.534413861307257
2025-01-08 09:00:00,51.5,0.0,0,0001,1.0,MARINE,-0.46298218,-1.372406,997.27625,1.5184364043907113e-08,24,2025-02-16,38,46.81319016768922
2025-01-22 06:00:00,52.59999999999991,-0.6000000000000116,0,0001,1.0,LAND,1.9364319,1.761383,996.83374,1.2872320209744557e-08,25,2025-02-13,21,45.96220697760141
2025-01-08 09:00:00,51.75,-0.5,0,0001,1.0,MARINE,-0.8340759,-1.903656,992.02625,1.0955685525449334e-08,25,2025-02-13,35,49.72140198582553
2025-02-01 02:00:00,52.5,-0.5,0,0001,1.0,MARINE,5.184723,4.106598,1022.1987,1.115836132751609e-08,25,2025-02-13,11,33.91232541617064
2025-05-20 12:00:00,52.399999999999906,-3.600000000000014,0,0001,1.0,LAND,15.9635315,5.5958557,978.16565,1.1479969863614257e-08,26,2025-08-08,79,12.553444090739948
2025-05-17 21:00:00,52.299999999999905,-3.3000000000000136,0,0001,1.0,LAND,12.69278,6.2052307,987.85126,1.0879088935267402e-08,26,2025-08-08,82,10.668997635717197
2025-05-17 21:00:00,52.399999999999906,-3.3000000000000136,0,0001,1.0,LAND,12.950592,6.490387,985.17126,1.0694744645434346e-08,26,2025-08-08,82,10.81788610702776
2025-05-20 10:00:00,52.69999999999991,-3.800000000000014,0,0001,1.0,LAND,15.412994,6.2533264,991.3231,1.4355586016219629e-08,26,2025-08-08,79,46.20797587273019
2025-05-20 09:00:00,52.69999999999991,-3.800000000000014,0,0001,1.0,LAND,14.498688,7.413971,991.395,1.4900615241674938e-08,26,2025-08-08,79,46.20797587273019
2025-05-23 04:00:00,52.299999999999905,-3.0000000000000133,0,0001,1.0,LAND,7.773346,4.43692,992.8881,1.2734698332888353e-08,26,2025-08-08,76,30.075651622956162
2025-05-23 04:00:00,52.299999999999905,-3.1000000000000134,0,0001,1.0,LAND,7.5174866,4.31192,985.8281,1.3006088724529425e-08,26,2025-08-08,76,23.42217581772921
2025-05-23 03:00:00,52.299999999999905,-3.3000000000000136,0,0001,1.0,LAND,8.152985,4.9877014,985.6394,1.3494179385010843e-08,26,2025-08-08,76,10.668997635717197
2025-05-23 00:00:00,52.1999999999999,-3.0000000000000133,0,0001,1.0,LAND,10.849274,5.063629,998.16064,1.3553693722913568e-08,26,2025-08-08,77,33.9177964718804
2025-05-23 01:00:00,52.299999999999905,-3.3000000000000136,0,0001,1.0,LAND,9.541168,4.997467,985.98,1.3553215161278592e-08,26,2025-08-08,76,10.668997635717197
2025-05-23 02:00:00,52.1999999999999,-3.3000000000000136,0,0001,1.0,LAND,9.67691,5.5299377,991.4025,1.4564682349062176e-08,26,2025-08-08,76,18.918626374941955
2025-05-23 01:00:00,52.1999999999999,-3.2000000000000135,0,0001,1.0,LAND,10.138824,5.056061,989.44,1.4409096434539963e-08,26,2025-08-08,76,23.010848282679884
2025-05-11 19:00:00,52.299999999999905,-3.700000000000014,0,0001,1.0,LAND,15.731354,9.079254,962.8656,1.3516597581939445e-08,26,2025-08-08,88,18.78250705178366
2025-05-13 20:00:00,51.9999999999999,-3.700000000000014,0,0001,1.0,LAND,16.33609,10.1510315,988.095,9.12266551189896e-09,26,2025-08-08,86,42.76117973730052
2025-05-13 20:00:00,51.9999999999999,-3.800000000000014,0,0001,1.0,LAND,16.8732,10.3385315,992.985,1.0024342097147308e-08,26,2025-08-08,86,46.056059754622574
2025-05-13 20:00:00,52.0999999999999,-4.000000000000014,0,0001,1.0,LAND,16.939606,9.414703,990.225,1.078389496219414e-08,26,2025-08-08,86,47.36721786489061
2025-05-22 22:00:00,52.5,-3.0,0,0001,1.0,MARINE,8.006256,4.837799,994.21625,1.1165787035712617e-08,26,2025-08-08,77,33.98020015447007
2025-05-23 02:00:00,52.25,-3.25,0,0001,1.0,MARINE,6.50235,3.671051,986.0875,1.3926748513674704e-08,26,2025-08-08,76,16.706169495897964
2025-05-12 19:00:00,52.25,-2.75,0,0001,1.0,MARINE,16.52774,12.634918,993.4256,1.2493385902201365e-08,26,2025-08-08,87,47.875134621845156
2025-06-10 22:00:00,52.299999999999905,-3.900000000000014,0,0001,1.0,LAND,11.415924,8.571686,984.47375,1.766991453155966e-08,26,2025-08-08,58,32.03914195596584
2025-06-13 18:00:00,52.5,-3.25,0,0001,1.0,MARINE,17.600983,12.098297,985.2537,1.5045378998212905e-08,26,2025-08-08,55,21.005459471043782
2025-06-13 17:00:00,52.0,-3.0,0,0001,1.0,MARINE,19.279938,13.123199,992.7575,1.2928656663765204e-08,26,2025-08-08,55,48.826370818723746
2025-07-21 00:00:00,52.0,-3.0,0,0001,1.0,MARINE,12.877106,11.318146,975.0662,1.1472711669569071e-08,26,2025-08-08,18,48.826370818723746
2025-07-20 23:00:00,52.0,-3.25,0,0001,1.0,MARINE,12.647369,10.947418,964.3681,1.0757126874446317e-08,26,2025-08-08,18,40.77376391106098
2025-07-01 12:00:00,52.5,-3.25,0,0001,1.0,MARINE,19.207916,14.701813,984.3175,9.004291312564585e-09,26,2025-08-08,37,21.005459471043782
2025-07-16 21:00:00,52.5,-3.5,0,0001,1.0,MARINE,16.19693,12.804108,980.58685,1.1098867880310322e-08,26,2025-08-08,22,17.393530766192992
2025-07-20 22:00:00,54.0,-5.75,0,0001,1.0,MARINE,15.516266,14.824493,995.3775,1.1661845674323049e-08,27,2025-09-23,64,27.664833478205313
2025-07-20 22:00:00,54.0,-6.0,0,0001,1.0,MARINE,15.820953,15.043243,991.6775,1.1261127882041424e-08,27,2025-09-23,64,17.609643653962006
2025-07-20 22:00:00,54.25,-5.5,0,0001,1.0,MARINE,16.217438,15.664337,996.5275,1.1422855744624989e-08,27,2025-09-23,64,39.90123726611008
2025-07-25 20:00:00,54.5,-5.75,0,0001,1.0,MARINE,15.842682,13.707428,1011.14374,9.09900903928165e-09,27,2025-09-23,59,44.740468612536006
2025-08-21 12:00:00,54.29999999999993,-6.000000000000007,0,0001,1.0,LAND,16.176178,7.8746643,1005.64685,1.3751133121075878e-08,27,2025-09-23,32,17.701716326953516
2025-08-21 13:00:00,54.19999999999993,-6.200000000000006,0,0001,1.0,LAND,16.616608,8.002838,1002.9975,1.4597543026202988e-08,27,2025-09-23,32,9.152673892021893
2025-08-21 15:00:00,53.99999999999993,-6.400000000000006,0,0001,1.0,LAND,18.396393,8.938629,1017.255,1.518195258398613e-08,27,2025-09-23,32,26.236894066736767
2025-08-13 03:00:00,53.89999999999993,-6.600000000000005,0,0001,1.0,LAND,16.856598,14.400055,1004.78687,1.8962810099940962e-08,27,2025-09-23,40,43.40917825373991
2025-08-13 04:00:00,54.09999999999993,-6.600000000000005,0,0001,1.0,LAND,16.29898,13.538483,995.42126,2.1774988997098123e-08,27,2025-09-23,40,33.75621960929112
2025-08-13 04:00:00,54.09999999999993,-6.500000000000005,0,0001,1.0,LAND,16.414215,13.81192,997.6813,2.2302653464773387e-08,27,2025-09-23,40,27.347969121038357
2025-08-13 05:00:00,54.09999999999993,-6.600000000000005,0,0001,1.0,LAND,16.011383,13.554596,995.3237,2.1221596905687567e-08,27,2025-09-23,40,33.75621960929112
2025-08-13 06:00:00,54.09999999999993,-6.500000000000005,0,0001,1.0,LAND,15.911774,13.925201,997.455,2.142847793651247e-08,27,2025-09-23,40,27.347969121038357
2025-08-13 06:00:00,53.99999999999993,-6.600000000000005,0,0001,1.0,LAND,16.056305,14.181061,1004.055,1.954411299464987e-08,27,2025-09-23,40,37.25959698172712
2025-08-15 06:00:00,54.19999999999993,-6.500000000000005,0,0001,1.0,LAND,14.576324,13.669586,1009.3375,1.0869199623675612e-08,27,2025-09-23,38,27.337609628779674
2025-08-15 06:00:00,54.09999999999993,-6.400000000000006,0,0001,1.0,LAND,15.031403,14.319977,1013.4275,1.1692203150115765e-08,27,2025-09-23,38,21.006249451021358
2025-08-21 12:00:00,54.0,-6.5,0,0001,1.0,MARINE,17.362701,8.659332,1009.1944,1.467271149024878e-08,27,2025-09-23,32,31.555708019400505
2025-08-21 16:00:00,53.75,-6.25,0,0001,1.0,MARINE,18.736237,9.426422,1017.3694,1.2798151223976676e-08,27,2025-09-23,32,45.659068779966006
2025-08-21 15:00:00,53.75,-6.25,0,0001,1.0,MARINE,18.795807,9.69278,1017.8031,1.2660154716237332e-08,27,2025-09-23,32,45.659068779966006
2025-08-21 14:00:00,53.75,-6.25,0,0001,1.0,MARINE,18.363922,9.356354,1017.85065,1.2522158208497989e-08,27,2025-09-23,32,45.659068779966006
2025-08-21 11:00:00,54.25,-6.25,0,0001,1.0,MARINE,16.769684,8.6839905,1010.03064,1.4272080131142779e-08,27,2025-09-23,32,15.316653524534676
2025-08-21 10:00:00,54.0,-6.25,0,0001,1.0,MARINE,16.166412,8.746979,1011.9306,1.2749288809861885e-08,27,2025-09-23,32,19.669937340933842
2025-08-21 10:00:00,54.0,-6.5,0,0001,1.0,MARINE,16.16446,8.334869,1009.09064,1.3489099818612344e-08,27,2025-09-23,32,31.555708019400505
2025-08-21 10:00:00,54.25,-5.75,0,0001,1.0,MARINE,15.744537,9.217682,1015.5206,1.1180730846947242e-08,27,2025-09-23,32,24.713556623494778
2025-08-21 10:00:00,54.25,-6.0,0,0001,1.0,MARINE,15.600006,9.067291,1012.1906,1.2407056965146842e-08,27,2025-09-23,32,12.579945887356326
2025-08-20 23:00:00,54.25,-6.5,0,0001,1.0,MARINE,11.729645,8.803375,1010.4263,9.450238729289667e-09,27,2025-09-23,33,28.97918968544639
2025-08-21 01:00:00,54.25,-6.75,0,0001,1.0,MARINE,11.707184,8.904694,1009.0669,1.096394266174299e-08,27,2025-09-23,32,44.42778565215047
2025-08-14 12:00:00,54.0,-5.5,0,0001,1.0,MARINE,16.244537,15.893707,1017.1337,1.6350205633841335e-08,27,2025-09-23,39,41.864437613962785
2025-08-12 04:00:00,54.25,-5.5,0,0001,1.0,MARINE,14.632965,14.568024,1014.5006,1.4387587269719056e-08,27,2025-09-23,41,39.90123726611008
2025-08-14 18:00:00,53.75,-6.25,0,0001,1.0,MARINE,20.741852,17.348541,1015.4394,1.2579830094283311e-08,27,2025-09-23,39,45.659068779966006
2025-04-29 23:00:00,55.99999999999996,-4.900000000000011,0,0001,1.0,LAND,12.041901,8.140778,1004.035,1.1329478947589918e-08,29,2025-07-01,62,37.83504255140765
2025-04-09 21:00:00,55.99999999999996,-5.000000000000011,0,0001,1.0,LAND,9.669586,6.773468,1012.14185,1.5638711436949128e-08,29,2025-07-01,82,34.977169045935184
2025-04-09 21:00:00,55.99999999999996,-4.900000000000011,0,0001,1.0,LAND,9.677399,6.6211243,1012.39185,1.592271381412016e-08,29,2025-07-01,82,37.83504255140765
2025-04-07 22:00:00,56.39999999999996,-5.20000000000001,0,0001,1.0,LAND,8.123444,5.4737854,999.35,9.992917678522251e-09,29,2025-07-01,84,12.363757300944528
2025-04-07 23:00:00,56.499999999999964,-4.700000000000012,0,0001,1.0,LAND,7.257477,4.833893,975.16376,9.577781956427321e-09,29,2025-07-01,84,39.70974420956357
2025-04-07 23:00:00,55.99999999999996,-5.10000000000001,0,0001,1.0,LAND,7.1129456,4.777252,1007.47375,1.9135510620494498e-08,29,2025-07-01,84,33.04632637222902
2025-04-29 23:00:00,56.0,-4.75,0,0001,1.0,MARINE,11.410065,6.914459,1002.8175,1.2689101445510309e-08,29,2025-07-01,62,43.445589506259736
2025-04-07 21:00:00,56.5,-5.5,0,0001,1.0,MARINE,7.804352,4.603668,1005.6394,9.435267622759389e-09,29,2025-07-01,84,29.0303526454287
2025-04-07 21:00:00,56.5,-5.75,0,0001,1.0,MARINE,7.991852,5.0782776,1012.64935,1.0050755061552511e-08,29,2025-07-01,84,40.09444974721465
2025-04-07 20:00:00,56.5,-5.75,0,0001,1.0,MARINE,8.80191,5.228424,1012.32935,9.322054461691213e-09,29,2025-07-01,84,40.09444974721465
2025-04-07 22:00:00,56.0,-5.0,0,0001,1.0,MARINE,5.5958557,2.9806213,1008.5425,1.94850335126047e-08,29,2025-07-01,84,34.97716904593108
2025-04-07 22:00:00,56.0,-5.25,0,0001,1.0,MARINE,6.6095276,3.4864807,1011.5625,1.5461740036452397e-08,29,2025-07-01,84,32.2326528845672
2025-04-10 05:00:00,56.0,-5.0,0,0001,1.0,MARINE,4.3385315,3.420807,1013.33,1.1995958633844345e-08,29,2025-07-01,81,34.97716904593108
2025-04-10 04:00:00,56.0,-5.0,0,0001,1.0,MARINE,4.514557,3.4898987,1013.84125,1.3557022319569464e-08,29,2025-07-01,81,34.97716904593108
2025-04-10 03:00:00,56.0,-4.75,0,0001,1.0,MARINE,4.3871155,3.414215,1010.91565,1.545657701829117e-08,29,2025-07-01,81,43.445589506259736
2025-04-10 03:00:00,56.0,-5.0,0,0001,1.0,MARINE,5.3421936,3.7970276,1013.97565,1.5118086005294576e-08,29,2025-07-01,81,34.97716904593108
2025-04-10 02:00:00,56.0,-4.75,0,0001,1.0,MARINE,4.5934143,3.337799,1011.15375,1.7125149372650462e-08,29,2025-07-01,81,43.445589506259736
2025-04-10 01:00:00,56.0,-4.75,0,0001,1.0,MARINE,5.225006,3.5880432,1011.46185,1.879372172700975e-08,29,2025-07-01,81,43.445589506259736
2025-04-09 21:00:00,56.0,-4.75,0,0001,1.0,MARINE,7.9029846,4.1581116,1011.2656,1.6489549170550662e-08,29,2025-07-01,82,43.445589506259736
2025-04-09 18:00:00,56.0,-4.75,0,0001,1.0,MARINE,13.861237,6.2047424,1010.2375,1.2516804259732278e-08,29,2025-07-01,82,43.445589506259736
2025-04-09 20:00:00,56.0,-4.75,0,0001,1.0,MARINE,10.408112,4.6871643,1010.90436,1.5165300866944538e-08,29,2025-07-01,82,43.445589506259736
2025-04-09 19:00:00,56.0,-4.75,0,0001,1.0,MARINE,12.694977,4.976227,1010.58685,1.3841052563338407e-08,29,2025-07-01,82,43.445589506259736
2025-05-11 18:00:00,56.19999999999996,-4.600000000000012,0,0001,1.0,LAND,16.737213,7.044342,981.7344,1.8635567866631867e-08,29,2025-07-01,50,39.64444572648916
2025-05-07 20:00:00,55.99999999999996,-5.000000000000011,0,0001,1.0,LAND,11.92569,6.5245667,1004.6219,9.04866448436773e-09,29,2025-07-01,54,34.977169045935184
2025-05-11 18:00:00,56.25,-4.75,0,0001,1.0,MARINE,15.844879,6.801422,974.145,1.8909176391357426e-08,29,2025-07-01,50,29.418903649856144
2025-05-11 18:00:00,56.25,-5.0,0,0001,1.0,MARINE,15.163239,7.4127502,977.895,2.014869339428414e-08,29,2025-07-01,50,14.34085671025976
2025-05-11 18:00:00,56.5,-5.0,0,0001,1.0,MARINE,14.917145,7.440094,972.235,1.971357807550866e-08,29,2025-07-01,50,27.082366734313347
2025-06-10 22:00:00,55.99999999999996,-5.10000000000001,0,0001,1.0,LAND,10.26358,5.558014,999.1337,9.163503067454986e-09,29,2025-07-01,20,33.04632637222902
2025-08-22 02:00:00,52.1999999999999,-2.0000000000000124,0,0001,1.0,LAND,13.848541,7.023834,1015.0975,9.513239085378281e-09,30,2025-11-15,84,32.59498721462126
2025-08-22 02:00:00,52.299999999999905,-2.0000000000000124,0,0001,1.0,LAND,13.543854,6.705475,1008.5375,1.0256023807996539e-08,30,2025-11-15,84,21.98955825718064
2025-08-22 02:00:00,52.399999999999906,-2.0000000000000124,0,0001,1.0,LAND,13.286041,6.767975,1002.9575,1.0998808530614798e-08,30,2025-11-15,84,12.326161464128218
2025-08-22 02:00:00,52.59999999999991,-1.9000000000000123,0,0001,1.0,LAND,13.772369,7.1566467,1007.9075,1.1873399633857971e-08,30,2025-11-15,84,12.955416364907292
2025-08-22 02:00:00,52.49999999999991,-1.9000000000000123,0,0001,1.0,LAND,13.565338,6.8246155,1004.8875,1.1253818081128062e-08,30,2025-11-15,84,2.1757630133364514
2025-08-23 20:00:00,52.49999999999991,-1.8000000000000123,0,0001,1.0,LAND,19.068146,11.175446,1004.81,2.0573217573981403e-08,30,2025-11-15,83,5.7904334045162935
2025-08-23 09:00:00,52.89999999999991,-1.600000000000012,0,0001,1.0,LAND,16.900543,11.388092,1010.40625,1.5101440764553245e-08,30,2025-11-15,83,49.99003513334264
2025-08-23 09:00:00,52.49999999999991,-2.400000000000013,0,0001,1.0,LAND,16.80484,11.860748,1005.5662,1.3589265934754265e-08,30,2025-11-15,83,35.15509391212705
2025-08-23 09:00:00,52.399999999999906,-2.500000000000013,0,0001,1.0,LAND,16.566559,11.544342,1001.46625,1.307209274159477e-08,30,2025-11-15,83,42.956866884568605
2025-08-23 10:00:00,52.299999999999905,-2.500000000000013,0,0001,1.0,LAND,17.795319,11.42569,1002.7388,1.3221412390832649e-08,30,2025-11-15,83,46.69835462279995
2025-08-23 12:00:00,52.299999999999905,-1.3000000000000118,0,0001,1.0,LAND,19.85196,9.663971,1007.8056,1.5622777405077637e-08,30,2025-11-15,83,44.44434979974433
2025-08-23 16:00:00,52.59999999999991,-2.3000000000000127,0,0001,1.0,LAND,19.871735,11.512604,1006.9944,1.7606977949686855e-08,30,2025-11-15,83,31.106074397035368
2025-08-23 16:00:00,52.59999999999991,-2.2000000000000126,0,0001,1.0,LAND,19.897125,11.455963,1006.58435,1.7871084464122835e-08,30,2025-11-15,83,25.108816057487072
2025-08-23 16:00:00,52.49999999999991,-2.3000000000000127,0,0001,1.0,LAND,19.867828,11.713776,1007.14435,1.7064989643599672e-08,30,2025-11-15,83,28.395473191381768
2025-08-23 16:00:00,52.49999999999991,-2.2000000000000126,0,0001,1.0,LAND,19.934235,11.682526,1007.2544,1.7331762839725938e-08,30,2025-11-15,83,21.642523061536433
2025-08-22 01:00:00,52.75,-1.75,0,0001,1.0,MARINE,11.525299,6.070221,1007.59875,1.2728058299456614e-08,30,2025-11-15,84,30.87551101158698
2025-08-22 00:00:00,52.75,-1.75,0,0001,1.0,MARINE,11.890778,6.0973206,1007.6937,1.3323299602463343e-08,30,2025-11-15,85,30.87551101158698
2025-08-22 01:00:00,52.5,-2.0,0,0001,1.0,MARINE,10.308502,6.3319397,1009.4387,1.2256415586146196e-08,30,2025-11-15,84,8.222769837665998
2025-08-23 08:00:00,52.25,-2.5,0,0001,1.0,MARINE,15.737457,12.003571,1007.34564,1.2394639055853363e-08,30,2025-11-15,83,49.408392830360846
2025-08-23 08:00:00,52.5,-2.25,0,0001,1.0,MARINE,15.616364,12.513336,1007.59564,1.3546172331994332e-08,30,2025-11-15,83,25.017825682896554
2025-08-23 08:00:00,52.5,-2.5,0,0001,1.0,MARINE,15.483551,12.157867,1003.9356,1.3237700269286145e-08,30,2025-11-15,83,41.91814847572771
2025-08-23 08:00:00,52.75,-2.0,0,0001,1.0,MARINE,15.409332,12.294586,1005.97565,1.4585019488440714e-08,30,2025-11-15,83,30.638046021522843
2025-08-23 08:00:00,52.75,-2.25,0,0001,1.0,MARINE,15.571442,12.771149,1006.84564,1.4454323108795961e-08,30,2025-11-15,83,38.649574554229986
2025-09-29 22:00:00,52.1999999999999,-1.400000000000012,0,0001,1.0,LAND,11.608673,7.4129944,1012.60565,2.191029343142139e-08,30,2025-11-15,46,45.46511218906726
2025-09-29 21:00:00,52.0999999999999,-1.600000000000012,0,0001,1.0,LAND,12.366852,7.4077454,1012.4,1.9275123996907385e-08,30,2025-11-15,46,46.795870747649815
2025-09-29 21:00:00,52.1999999999999,-1.500000000000012,0,0001,1.0,LAND,12.493805,7.6108704,1015.15,2.0719295334979627e-08,30,2025-11-15,46,40.85202500999794
2025-09-29 20:00:00,52.0999999999999,-1.7000000000000122,0,0001,1.0,LAND,13.357819,7.499176,1013.9988,1.838455258399651e-08,30,2025-11-15,46,44.449766894066016
2025-09-29 17:00:00,52.0999999999999,-2.1000000000000125,0,0001,1.0,LAND,15.469147,7.7711487,1020.72314,1.5133740885463644e-08,30,2025-11-15,46,45.216926389113254
2025-10-17 11:00:00,52.59999999999991,-1.500000000000012,0,0001,1.0,LAND,12.9548645,7.427887,1014.2325,1.2434929456498324e-08,30,2025-11-15,28,28.836772461436873
2025-10-17 11:00:00,52.49999999999991,-1.400000000000012,0,0001,1.0,LAND,13.052521,7.4376526,1014.7825,1.2331667390933021e-08,30,2025-11-15,28,32.64135123963611
2025-10-16 16:00:00,52.69999999999991,-1.400000000000012,0,0001,1.0,LAND,13.083649,6.8974915,1012.89624,1.0193174748706496e-08,30,2025-11-15,29,40.424404111159596
2025-10-16 16:00:00,52.69999999999991,-1.3000000000000118,0,0001,1.0,LAND,13.16568,6.842804,1013.4462,1.0229895079186367e-08,30,2025-11-15,29,46.03347842766728
2025-10-16 17:00:00,52.59999999999991,-2.500000000000013,0,0001,1.0,LAND,11.994415,7.2029114,1010.4856,1.2752204829139457e-08,30,2025-11-15,29,43.775022578678566
2025-10-16 16:00:00,52.5,-2.0,0,0001,1.0,MARINE,12.690094,8.116119,1014.53687,1.066699114223482e-08,30,2025-11-15,29,8.222769837665998
2025-10-16 16:00:00,52.75,-1.5,0,0001,1.0,MARINE,12.735016,7.7235413,1013.6169,1.0392727160339032e-08,30,2025-11-15,29,39.212388173406765
2025-06-30 04:00:00,51.699999999999896,-3.0000000000000133,0,0001,1.0,LAND,15.9027405,15.108551,1001.95874,9.534794287447398e-09,31,2025-08-23,53,14.711183109038434
2025-06-30 00:00:00,51.699999999999896,-2.600000000000013,0,0001,1.0,LAND,18.403229,15.819244,1012.0737,1.582636999231236e-08,31,2025-08-23,54,41.575453142538414
2025-06-10 22:00:00,51.699999999999896,-2.500000000000013,0,0001,1.0,LAND,15.665924,11.681061,1011.0538,2.0255019365459563e-08,31,2025-08-23,73,48.41768667260107
2025-06-11 00:00:00,51.75,-3.75,0,0001,1.0,MARINE,9.38858,8.520172,993.73627,1.7697039084163346e-08,31,2025-08-23,73,39.6642743110035
2025-06-11 04:00:00,51.5,-3.5,0,0001,1.0,MARINE,10.006744,9.053619,1007.355,1.349727862809373e-08,31,2025-08-23,72,26.742264619604985
2025-06-11 03:00:00,51.5,-3.5,0,0001,1.0,MARINE,10.3541565,9.3246155,1007.3025,1.4132487763384956e-08,31,2025-08-23,72,26.742264619604985
2025-06-11 03:00:00,51.5,-3.75,0,0001,1.0,MARINE,9.985016,8.826569,1007.6025,1.3904451354185018e-08,31,2025-08-23,72,41.663831088921086
2025-06-13 17:00:00,52.0,-3.0,0,0001,1.0,MARINE,19.279938,13.123199,992.7575,1.2928656663765204e-08,31,2025-08-23,70,41.21696441161194
2025-06-13 16:00:00,51.5,-3.0,0,0001,1.0,MARINE,19.973785,13.838043,1010.29,1.4831001167910628e-08,31,2025-08-23,70,21.553855708324647
2025-07-21 00:00:00,51.599999999999895,-3.3000000000000136,0,0001,1.0,LAND,14.751129,12.098785,979.4963,1.1752281370290657e-08,31,2025-08-23,33,8.997610088361208
2025-07-21 01:00:00,51.599999999999895,-3.3000000000000136,0,0001,1.0,LAND,14.204254,12.099518,979.45935,1.1323789905758253e-08,31,2025-08-23,32,8.997610088361208
2025-07-01 12:00:00,51.7999999999999,-3.1000000000000134,0,0001,1.0,LAND,22.613678,15.424469,982.59875,1.3330507253605442e-08,31,2025-08-23,52,17.980290256936673
2025-07-21 02:00:00,51.5,-2.75,0,0001,1.0,MARINE,11.912018,11.033356,990.1225,1.10473996432305e-08,31,2025-08-23,32,35.13855015307102
2025-07-21 01:00:00,51.75,-3.25,0,0001,1.0,MARINE,11.807526,10.900299,970.91125,1.1452120323810886e-08,31,2025-08-23,32,11.691730690330232
2025-07-21 00:00:00,52.0,-3.0,0,0001,1.0,MARINE,12.877106,11.318146,975.0662,1.1472711669569071e-08,31,2025-08-23,33,41.21696441161194
2025-07-20 23:00:00,52.0,-3.25,0,0001,1.0,MARINE,12.647369,10.947418,964.3681,1.0757126874446317e-08,31,2025-08-23,33,39.08392985165828
2025-07-20 23:00:00,51.75,-3.5,0,0001,1.0,MARINE,13.3055725,11.123199,970.53815,9.43138000105321e-09,31,2025-08-23,33,23.624945682673623
2025-08-11 18:00:00,51.8999999999999,-3.0000000000000133,0,0001,1.0,LAND,22.475739,13.113434,991.4487,1.5840884159955236e-08,31,2025-08-23,11,30.942083790494973
2025-08-11 18:00:00,51.7999999999999,-2.9000000000000132,0,0001,1.0,LAND,23.475739,12.824371,1001.8787,1.4494399902530146e-08,31,2025-08-23,11,26.42230496723858
2025-08-11 18:00:00,51.7999999999999,-2.800000000000013,0,0001,1.0,LAND,23.852692,12.632965,1005.1788,1.4283412674841223e-08,31,2025-08-23,11,32.060670533984585
2025-08-10 23:00:00,51.699999999999896,-2.500000000000013,0,0001,1.0,LAND,18.754059,12.536896,1017.21436,2.04205210472653e-08,31,2025-08-23,12,48.41768667260107
2025-08-10 22:00:00,51.599999999999895,-2.500000000000013,0,0001,1.0,LAND,19.853668,12.252228,1019.0875,2.1257312354804674e-08,31,2025-08-23,12,48.4706470105349
2025-08-11 04:00:00,52.0,-2.75,0,0001,1.0,MARINE,15.190094,12.635651,1009.1331,1.3963981008539613e-08,31,2025-08-23,11,49.60355399943706
2025-08-11 03:00:00,52.0,-2.75,0,0001,1.0,MARINE,15.141022,12.502106,1009.3775,1.3936894277533368e-08,31,2025-08-23,11,49.60355399943706
2025-05-28 03:00:00,53.799999999999926,-2.500000000000013,0,0001,1.0,LAND,8.759186,7.130768,992.365,9.602369621665032e-09,32,2025-08-21,84,7.372546065810503
2025-05-28 03:00:00,53.699999999999925,-2.400000000000013,0,0001,1.0,LAND,8.132233,7.134674,981.345,1.0380793780130294e-08,32,2025-08-21,84,18.47012377532878
2025-05-28 04:00:00,53.699999999999925,-2.3000000000000127,0,0001,1.0,LAND,7.7035217,6.8504944,977.4881,1.0245240951908885e-08,32,2025-08-21,84,20.902132860979552
2025-05-28 02:00:00,53.5,-2.75,0,0001,1.0,MARINE,10.560699,9.656891,1003.84937,1.1289799965267546e-08,32,2025-08-21,84,44.54410533889993
2025-06-30 04:00:00,53.89999999999993,-2.9000000000000132,0,0001,1.0,LAND,17.172272,15.946442,1013.54877,1.7429260590342058e-08,32,2025-08-21,51,29.086187371132297
2025-06-30 00:00:00,53.75,-2.75,0,0001,1.0,MARINE,17.707184,16.194244,1014.3306,2.5189193009201524e-08,32,2025-08-21,52,22.71286451111367
2025-06-30 01:00:00,53.75,-2.75,0,0001,1.0,MARINE,17.336823,15.917633,1013.90436,2.4426951390997802e-08,32,2025-08-21,51,22.71286451111367
2025-06-11 01:00:00,54.0,-2.25,0,0001,1.0,MARINE,7.535309,6.5865784,986.5669,1.495186498686424e-08,32,2025-08-21,70,20.629347695625967
2025-07-19 09:00:00,53.699999999999925,-2.9000000000000132,0,0001,1.0,LAND,18.694,15.589386,1006.1375,9.115125126912572e-09,32,2025-08-21,32,34.020486990310665
2025-07-19 09:00:00,53.59999999999992,-2.800000000000013,0,0001,1.0,LAND,18.549469,15.380402,1000.2175,9.163354741659178e-09,32,2025-08-21,32,36.705557447898094
2025-07-19 09:00:00,53.49999999999992,-2.9000000000000132,0,0001,1.0,LAND,18.422516,15.292511,1001.3875,9.004095635756255e-09,32,2025-08-21,32,49.57740389304976
2025-07-19 14:00:00,53.699999999999925,-2.800000000000013,0,0001,1.0,LAND,20.694489,15.4791565,1001.0637,1.0735388430068385e-08,32,2025-08-21,32,28.66140000950305
2025-07-19 14:00:00,53.59999999999992,-2.9000000000000132,0,0001,1.0,LAND,20.544098,15.440094,1001.40375,1.0587987079683795e-08,32,2025-08-21,32,41.03673940037355
2025-07-29 23:00:00,53.99999999999993,-1.9000000000000123,0,0001,1.0,LAND,14.64444,12.49942,993.45374,1.7282994257960123e-08,32,2025-08-21,22,39.791250291647344
2025-07-16 18:00:00,54.09999999999993,-2.1000000000000125,0,0001,1.0,LAND,18.412262,12.120758,982.0419,1.3727851883028106e-08,32,2025-08-21,35,35.44495903747173
2025-07-16 20:00:00,54.19999999999993,-2.0000000000000124,0,0001,1.0,LAND,16.482819,13.444977,975.8544,1.3905313345220111e-08,32,2025-08-21,35,48.138560918927354
2025-07-16 20:00:00,54.09999999999993,-2.1000000000000125,0,0001,1.0,LAND,16.521881,13.583649,982.5544,1.4900600642243267e-08,32,2025-08-21,35,35.44495903747173
2025-07-16 20:00:00,54.19999999999993,-2.1000000000000125,0,0001,1.0,LAND,16.166412,13.001617,972.8744,1.412523572182614e-08,32,2025-08-21,35,44.348526573645316
2025-07-16 17:00:00,54.09999999999993,-2.1000000000000125,0,0001,1.0,LAND,18.684967,11.502594,981.78375,1.3141477503420528e-08,32,2025-08-21,35,35.44495903747173
2025-07-16 15:00:00,54.29999999999993,-2.500000000000013,0,0001,1.0,LAND,18.819244,11.592682,982.8769,1.0543124373541305e-08,32,2025-08-21,35,48.75231377875848
2025-07-16 15:00:00,54.19999999999993,-2.3000000000000127,0,0001,1.0,LAND,18.39151,10.286041,970.8569,1.1277731054582334e-08,32,2025-08-21,35,39.00831642359203
2025-07-16 16:00:00,54.29999999999993,-2.400000000000013,0,0001,1.0,LAND,18.436188,10.916412,974.0975,1.1400166440486164e-08,32,2025-08-21,35,48.84744099735438
2025-07-16 17:00:00,54.19999999999993,-2.2000000000000126,0,0001,1.0,LAND,18.095123,11.096344,971.01373,1.25687220446189e-08,32,2025-08-21,35,41.25006101572617
2025-07-10 22:00:00,54.19999999999993,-2.500000000000013,0,0001,1.0,LAND,16.371002,14.777496,993.9231,1.4499639951668696e-08,32,2025-08-21,41,37.6527412594654
2025-07-21 03:00:00,54.0,-2.75,0,0001,1.0,MARINE,15.005524,14.295563,987.83,9.608627449253613e-09,32,2025-08-21,30,24.353757632714807
2025-07-19 15:00:00,53.75,-2.75,0,0001,1.0,MARINE,20.608795,16.229645,996.8831,1.1657590517910624e-08,32,2025-08-21,32,22.71286451111367
2025-07-21 04:00:00,54.0,-1.75,0,0001,1.0,MARINE,13.114655,13.034821,973.6312,1.0744055645162172e-08,32,2025-08-21,30,48.9996604171036
2025-07-21 05:00:00,54.0,-2.5,0,0001,1.0,MARINE,14.203033,13.799713,978.7631,9.852797614821557e-09,32,2025-08-21,30,15.539280490106385
2025-07-02 01:00:00,54.0,-2.75,0,0001,1.0,MARINE,14.709869,13.71109,1006.005,9.242237456833852e-09,32,2025-08-21,49,24.353757632714807
2025-07-02 00:00:00,54.0,-2.75,0,0001,1.0,MARINE,14.80777,13.793854,1006.16376,9.534002032296471e-09,32,2025-08-21,50,24.353757632714807
2025-07-01 23:00:00,54.0,-2.75,0,0001,1.0,MARINE,14.968658,13.913239,1006.27936,9.204489133847913e-09,32,2025-08-21,50,24.353757632714807
2025-07-16 17:00:00,54.0,-1.75,0,0001,1.0,MARINE,20.586823,11.441559,991.4425,1.2986846810910479e-08,32,2025-08-21,35,48.9996604171036
2025-07-16 16:00:00,54.0,-2.0,0,0001,1.0,MARINE,20.035065,11.866364,987.7612,1.3162624175796308e-08,32,2025-08-21,35,33.84383940044134
2025-07-16 15:00:00,54.25,-2.25,0,0001,1.0,MARINE,19.480133,11.709137,976.26685,1.1105796091787167e-08,32,2025-08-21,35,45.269662229708764
2025-08-11 17:00:00,53.59999999999992,-2.3000000000000127,0,0001,1.0,LAND,23.262115,14.904694,998.5037,1.154109600480036e-08,32,2025-08-21,9,31.013017655589103
2025-08-11 13:00:00,53.49999999999992,-2.9000000000000132,0,0001,1.0,LAND,22.366852,16.14566,1017.62,1.0103791969750634e-08,32,2025-08-21,9,49.57740389304976
2025-08-11 14:00:00,53.49999999999992,-2.800000000000013,0,0001,1.0,LAND,23.284576,15.912262,1015.14685,1.0541387170566734e-08,32,2025-08-21,9,46.04785852525753
2025-08-11 15:00:00,53.59999999999992,-2.700000000000013,0,0001,1.0,LAND,23.05655,15.837311,1010.32874,1.0979139153377487e-08,32,2025-08-21,9,33.12281274497991
2025-08-11 16:00:00,53.699999999999925,-2.600000000000013,0,0001,1.0,LAND,23.21109,15.695221,1005.755,1.101346451074913e-08,32,2025-08-21,9,20.21489194788044
2025-08-11 16:00:00,53.59999999999992,-2.500000000000013,0,0001,1.0,LAND,23.381012,15.060455,1000.345,1.1262274668410894e-08,32,2025-08-21,9,29.264048188518796
2025-08-11 16:00:00,53.75,-2.75,0,0001,1.0,MARINE,23.387604,16.608795,1013.0756,1.1009613406128512e-08,32,2025-08-21,9,22.71286451111367
2025-08-11 15:00:00,53.75,-2.75,0,0001,1.0,MARINE,23.367828,16.639801,1013.5131,1.0711827758136445e-08,32,2025-08-21,9,22.71286451111367
2025-08-11 14:00:00,53.75,-2.75,0,0001,1.0,MARINE,23.00113,16.85733,1014.10065,1.0414042110144384e-08,32,2025-08-21,9,22.71286451111367
2025-08-11 13:00:00,53.5,-2.75,0,0001,1.0,MARINE,23.708893,16.476227,1017.2344,9.979189687555176e-09,32,2025-08-21,9,44.54410533889993
2025-08-11 18:00:00,53.5,-2.5,0,0001,1.0,MARINE,23.194244,16.183258,1009.8869,1.2167485574643445e-08,32,2025-08-21,9,40.35255739296091
2025-08-11 17:00:00,53.75,-2.75,0,0001,1.0,MARINE,23.049957,16.673248,1012.6262,1.1307399054120574e-08,32,2025-08-21,9,22.71286451111367
2025-07-19 09:00:00,53.699999999999925,-2.9000000000000132,0,0001,1.0,LAND,18.694,15.589386,1006.1375,9.115125126912572e-09,33,2025-10-08,80,24.97913539633855
2025-07-19 09:00:00,53.59999999999992,-2.800000000000013,0,0001,1.0,LAND,18.549469,15.380402,1000.2175,9.163354741659178e-09,33,2025-10-08,80,18.245225183751835
2025-07-19 09:00:00,53.49999999999992,-2.9000000000000132,0,0001,1.0,LAND,18.422516,15.292511,1001.3875,9.004095635756255e-09,33,2025-10-08,80,6.4059537796656985
2025-07-19 14:00:00,53.699999999999925,-2.800000000000013,0,0001,1.0,LAND,20.694489,15.4791565,1001.0637,1.0735388430068385e-08,33,2025-10-08,80,27.344070586165564
2025-07-19 14:00:00,53.59999999999992,-2.9000000000000132,0,0001,1.0,LAND,20.544098,15.440094,1001.40375,1.0587987079683795e-08,33,2025-10-08,80,14.451769616024356
2025-07-19 08:00:00,53.29999999999992,-2.800000000000013,0,0001,1.0,LAND,17.743317,15.134796,1000.7056,9.116806716965174e-09,33,2025-10-08,80,23.920155042608034
2025-07-11 05:00:00,53.19999999999992,-2.700000000000013,0,0001,1.0,LAND,13.987701,13.824982,1015.3619,9.52860134314015e-09,33,2025-10-08,88,36.876313161872666
2025-07-11 06:00:00,53.29999999999992,-2.700000000000013,0,0001,1.0,LAND,15.100128,14.300446,1014.5687,1.0030634756823007e-08,33,2025-10-08,88,28.01839058421302
2025-07-11 06:00:00,53.29999999999992,-2.800000000000013,0,0001,1.0,LAND,15.137238,14.372711,1016.1788,1.0779944423220828e-08,33,2025-10-08,88,23.920155042608034
2025-07-19 08:00:00,53.25,-2.75,0,0001,1.0,MARINE,16.956207,15.206085,1000.215,9.326848793289555e-09,33,2025-10-08,80,30.396991934130135
2025-07-19 15:00:00,53.75,-2.75,0,0001,1.0,MARINE,20.608795,16.229645,996.8831,1.1657590517910624e-08,33,2025-10-08,80,33.79737342901371
2025-07-10 22:00:00,53.5,-3.25,0,0001,1.0,MARINE,17.045563,15.118439,1020.54,1.602360345335581e-08,33,2025-10-08,89,17.18106282232813
2025-07-11 06:00:00,53.25,-3.25,0,0001,1.0,MARINE,15.441071,14.483551,1008.1431,9.041875951469869e-09,33,2025-10-08,88,30.96803665239561
2025-07-11 06:00:00,53.5,-3.25,0,0001,1.0,MARINE,15.118805,14.874176,1019.8331,1.2280438121372978e-08,33,2025-10-08,88,17.18106282232813
2025-08-23 18:00:00,53.89999999999993,-2.800000000000013,0,0001,1.0,LAND,18.655426,13.464264,1009.4462,1.7473541280566698e-08,33,2025-10-08,45,48.157822039587
2025-08-23 18:00:00,53.799999999999926,-2.500000000000013,0,0001,1.0,LAND,18.653473,12.837311,1002.90625,2.1320607834776023e-08,33,2025-10-08,45,47.974917784887715
2025-08-24 22:00:00,53.19999999999992,-3.5000000000000138,0,0001,1.0,LAND,17.134674,13.503082,995.3681,1.4300766459917868e-08,33,2025-10-08,44,46.05629112864256
2025-08-23 17:00:00,53.59999999999992,-2.500000000000013,0,0001,1.0,LAND,19.17569,12.087555,999.4256,2.4513363265179747e-08,33,2025-10-08,45,35.05611005674322
2025-08-23 16:00:00,53.49999999999992,-2.500000000000013,0,0001,1.0,LAND,19.908844,12.467682,1009.65436,2.2080151447962743e-08,33,2025-10-08,45,32.61174685014597
2025-08-23 13:00:00,53.19999999999992,-2.800000000000013,0,0001,1.0,LAND,20.29654,12.140045,1016.7225,1.6598237303118632e-08,33,2025-10-08,45,33.86011648406824
2025-08-23 14:00:00,53.29999999999992,-2.800000000000013,0,0001,1.0,LAND,20.642487,11.982819,1015.02124,1.7247879272967482e-08,33,2025-10-08,45,23.920155042608034
2025-08-23 16:00:00,53.49999999999992,-2.600000000000013,0,0001,1.0,LAND,20.026031,12.317291,1009.2544,2.0858095769089744e-08,33,2025-10-08,45,26.011720272896344
2025-08-11 17:00:00,53.59999999999992,-2.3000000000000127,0,0001,1.0,LAND,23.262115,14.904694,998.5037,1.154109600480036e-08,33,2025-10-08,57,47.56996909456492
2025-08-11 13:00:00,53.49999999999992,-2.9000000000000132,0,0001,1.0,LAND,22.366852,16.14566,1017.62,1.0103791969750634e-08,33,2025-10-08,57,6.4059537796656985
2025-08-11 14:00:00,53.49999999999992,-2.800000000000013,0,0001,1.0,LAND,23.284576,15.912262,1015.14685,1.0541387170566734e-08,33,2025-10-08,57,12.859401001108896
2025-08-11 15:00:00,53.59999999999992,-2.700000000000013,0,0001,1.0,LAND,23.05655,15.837311,1010.32874,1.0979139153377487e-08,33,2025-10-08,57,23.32908660606551
2025-08-11 16:00:00,53.699999999999925,-2.600000000000013,0,0001,1.0,LAND,23.21109,15.695221,1005.755,1.101346451074913e-08,33,2025-10-08,57,35.44756652321309
2025-08-11 16:00:00,53.59999999999992,-2.500000000000013,0,0001,1.0,LAND,23.381012,15.060455,1000.345,1.1262274668410894e-08,33,2025-10-08,57,35.05611005674322
2025-08-24 14:00:00,53.75,-3.0,0,0001,1.0,MARINE,20.807037,14.857819,1015.85065,1.912372325311536e-08,33,2025-10-08,44,29.793636272082853
2025-08-24 23:00:00,53.5,-3.5,0,0001,1.0,MARINE,17.59317,15.851471,1017.0006,1.7728397402882677e-08,33,2025-10-08,44,33.66302990752365
2025-08-23 17:00:00,53.75,-2.5,0,0001,1.0,MARINE,19.177887,13.25235,1004.03125,2.128468797972094e-08,33,2025-10-08,45,44.053328305983364
2025-08-23 16:00:00,53.5,-2.75,0,0001,1.0,MARINE,20.621735,13.269684,1015.58374,1.9025012250780274e-08,33,2025-10-08,45,16.135424707600222
2025-08-23 15:00:00,53.5,-2.75,0,0001,1.0,MARINE,20.595123,13.38736,1015.84,1.803187962834405e-08,33,2025-10-08,45,16.135424707600222
2025-08-11 16:00:00,53.75,-2.75,0,0001,1.0,MARINE,23.387604,16.608795,1013.0756,1.1009613406128512e-08,33,2025-10-08,57,33.79737342901371
2025-08-11 15:00:00,53.75,-2.75,0,0001,1.0,MARINE,23.367828,16.639801,1013.5131,1.0711827758136445e-08,33,2025-10-08,57,33.79737342901371
2025-08-11 14:00:00,53.75,-2.75,0,0001,1.0,MARINE,23.00113,16.85733,1014.10065,1.0414042110144384e-08,33,2025-10-08,57,33.79737342901371
2025-08-11 13:00:00,53.5,-2.75,0,0001,1.0,MARINE,23.708893,16.476227,1017.2344,9.979189687555176e-09,33,2025-10-08,57,16.135424707600222
2025-08-11 18:00:00,53.5,-2.5,0,0001,1.0,MARINE,23.194244,16.183258,1009.8869,1.2167485574643445e-08,33,2025-10-08,57,32.61174685014733
2025-08-11 17:00:00,53.75,-2.75,0,0001,1.0,MARINE,23.049957,16.673248,1012.6262,1.1307399054120574e-08,33,2025-10-08,57,33.79737342901371
2025-09-29 02:00:00,53.099999999999916,-2.600000000000013,0,0001,1.0,LAND,9.367828,8.635651,1015.6456,1.8139248418127088e-08,33,2025-10-08,8,49.841621579817264
2025-09-29 01:00:00,53.19999999999992,-2.700000000000013,0,0001,1.0,LAND,10.1336975,9.370514,1018.9494,2.176593122404699e-08,33,2025-10-08,8,36.876313161872666
2025-09-29 01:00:00,53.29999999999992,-2.800000000000013,0,0001,1.0,LAND,10.325104,9.423248,1019.58936,2.304093231023921e-08,33,2025-10-08,8,23.920155042608034
2025-09-24 03:00:00,53.099999999999916,-2.9000000000000132,0,0001,1.0,LAND,9.367096,7.3421936,1025.9031,1.0751050272261217e-08,33,2025-10-08,13,42.925845688379844
2025-09-23 03:00:00,53.29999999999992,-2.800000000000013,0,0001,1.0,LAND,9.54776,6.3905334,1023.90625,9.089581476384182e-09,33,2025-10-08,14,23.920155042608034
2025-09-05 20:00:00,53.099999999999916,-2.600000000000013,0,0001,1.0,LAND,15.960114,10.668243,1010.96814,9.558137355665243e-09,33,2025-10-08,32,49.841621579817264
2025-09-05 20:00:00,53.099999999999916,-2.700000000000013,0,0001,1.0,LAND,16.141754,10.869415,1014.08813,9.041074685207617e-09,33,2025-10-08,32,46.71167102329632
2025-09-29 02:00:00,53.25,-2.75,0,0001,1.0,MARINE,8.666901,7.955719,1019.3069,2.1280627988950926e-08,33,2025-10-08,8,30.396991934130135
2025-09-29 00:00:00,53.25,-2.75,0,0001,1.0,MARINE,9.264069,8.17984,1019.0531,2.3572142016092726e-08,33,2025-10-08,9,30.396991934130135
2025-09-29 01:00:00,53.25,-2.75,0,0001,1.0,MARINE,8.830231,7.9086,1019.2388,2.242638500252182e-08,33,2025-10-08,8,30.396991934130135
2025-09-28 01:00:00,53.75,-3.0,0,0001,1.0,MARINE,13.263336,10.353668,1013.7919,9.420072472066226e-09,33,2025-10-08,9,29.793636272082853
2025-09-05 19:00:00,53.75,-3.0,0,0001,1.0,MARINE,15.785309,11.017242,1017.29877,9.233975392190358e-09,33,2025-10-08,32,29.793636272082853
2025-01-12 04:00:00,51.39999999999989,0.09999999999998832,0,0001,1.0,LAND,-3.000824,-3.4024353,1027.8444,1.801343548398616e-08,34,2025-02-07,25,37.143267293089494
2025-01-08 09:00:00,51.599999999999895,-0.2000000000000117,0,0001,1.0,LAND,-0.31600952,-1.8226013,997.70123,1.497203161448916e-08,34,2025-02-07,29,9.414616055995069
2025-01-08 09:00:00,51.599999999999895,-0.3000000000000117,0,0001,1.0,LAND,-0.35702515,-1.879242,996.71124,1.4211517962435428e-08,34,2025-02-07,29,2.55830677439713
2025-01-08 08:00:00,51.29999999999989,-0.10000000000001169,0,0001,1.0,LAND,-1.0364685,-2.3753357,989.0069,1.1474555842529854e-08,34,2025-02-07,29,36.62155315998958
2025-01-08 08:00:00,51.29999999999989,-0.2000000000000117,0,0001,1.0,LAND,-0.99935913,-2.3304138,990.5469,1.1044979856635873e-08,34,2025-02-07,29,34.0948230337214
2025-01-08 08:00:00,51.29999999999989,-0.3000000000000117,0,0001,1.0,LAND,-0.94467163,-2.2679138,992.6169,1.0615403870741896e-08,34,2025-02-07,29,32.86069625194224
2025-01-08 08:00:00,51.39999999999989,-0.3000000000000117,0,0001,1.0,LAND,-0.47592163,-1.9456482,998.34686,1.1531381664355972e-08,34,2025-02-07,29,21.789423924809626
2025-01-08 08:00:00,51.39999999999989,-0.4000000000000117,0,0001,1.0,LAND,-0.4427185,-1.9026794,999.4269,1.1012701269425664e-08,34,2025-02-07,29,22.09452109673957
2025-01-08 09:00:00,51.75,-0.75,0,0001,1.0,MARINE,-1.2559509,-2.0852966,991.6163,1.0577550502155879e-08,34,2025-02-07,29,33.36513782581351
2025-01-08 09:00:00,51.75,-0.5,0,0001,1.0,MARINE,-0.8340759,-1.903656,992.02625,1.0955685525449334e-08,34,2025-02-07,29,20.64395529125819
2025-01-08 09:00:00,51.5,-0.25,0,0001,1.0,MARINE,-0.4727478,-1.6497498,995.3862,1.3538304054205506e-08,34,2025-02-07,29,12.091337495718992
2025-01-08 09:00:00,51.5,0.0,0,0001,1.0,MARINE,-0.46298218,-1.372406,997.27625,1.5184364043907113e-08,34,2025-02-07,29,25.509236993925533
2025-09-29 03:00:00,53.099999999999916,-2.400000000000013,0,0001,1.0,LAND,8.423981,7.4752502,1013.96936,1.652802056328765e-08,36,2025-12-28,89,47.26357920128568
2025-09-29 03:00:00,53.799999999999926,-2.2000000000000126,0,0001,1.0,LAND,6.972809,6.735016,993.7494,1.5320378354834955e-08,36,2025-12-28,89,36.638999767100835
2025-09-29 02:00:00,53.89999999999993,-2.2000000000000126,0,0001,1.0,LAND,7.8404846,7.6376038,1005.1156,1.3454462562588455e-08,36,2025-12-28,89,47.544848097526945
2025-09-29 04:00:00,53.099999999999916,-2.3000000000000127,0,0001,1.0,LAND,7.5658264,6.9515686,1010.9938,1.5258154369608266e-08,36,2025-12-28,89,44.638759750702086
2025-09-29 04:00:00,53.799999999999926,-2.2000000000000126,0,0001,1.0,LAND,6.4076233,6.2464905,993.5737,1.482018855784594e-08,36,2025-12-28,89,36.638999767100835
2025-09-29 04:00:00,53.89999999999993,-2.3000000000000127,0,0001,1.0,LAND,7.18692,7.070709,1004.33374,1.316229849187388e-08,36,2025-12-28,89,49.09705673092123
2025-09-29 07:00:00,53.699999999999925,-2.1000000000000125,0,0001,1.0,LAND,4.535553,4.19693,988.1769,1.4191134771932367e-08,36,2025-12-28,89,24.657768203202313
2025-09-29 17:00:00,53.59999999999992,-1.500000000000012,0,0001,1.0,LAND,13.801178,8.021149,1015.09314,1.6560430212326618e-08,36,2025-12-28,89,40.44454517861072
2025-09-29 17:00:00,53.699999999999925,-1.500000000000012,0,0001,1.0,LAND,13.8714905,8.866852,1018.3831,1.6673299782499157e-08,36,2025-12-28,89,45.3431421017558
2025-09-29 08:00:00,53.699999999999925,-2.1000000000000125,0,0001,1.0,LAND,5.9684143,5.5204163,988.29,1.3520049117292994e-08,36,2025-12-28,89,24.657768203202313
2025-09-29 08:00:00,53.799999999999926,-2.1000000000000125,0,0001,1.0,LAND,5.9723206,5.498932,992.87,1.2493439690195019e-08,36,2025-12-28,89,35.76264455221137
2025-10-17 12:00:00,53.699999999999925,-1.600000000000012,0,0001,1.0,LAND,11.033112,6.4388733,1018.1669,1.2161438078806317e-08,36,2025-12-28,71,39.9607386420236
2025-10-17 13:00:00,53.59999999999992,-1.500000000000012,0,0001,1.0,LAND,11.527008,6.5538635,1017.13873,1.333873256292868e-08,36,2025-12-28,71,40.44454517861072
2025-10-17 13:00:00,53.49999999999992,-1.500000000000012,0,0001,1.0,LAND,11.542633,6.5851135,1009.8088,1.3423086642205862e-08,36,2025-12-28,71,38.24663654901528
2025-10-17 14:00:00,53.699999999999925,-1.600000000000012,0,0001,1.0,LAND,11.449005,6.422516,1017.52313,1.3614145366603242e-08,36,2025-12-28,71,39.9607386420236
2025-10-17 15:00:00,53.699999999999925,-1.7000000000000122,0,0001,1.0,LAND,11.287018,6.2018127,1011.4963,1.4649183727178382e-08,36,2025-12-28,71,34.997755416212
2025-10-17 16:00:00,53.699999999999925,-2.500000000000013,0,0001,1.0,LAND,11.846832,6.7774963,1003.4294,1.901452717501087e-08,36,2025-12-28,71,37.21760908765706
2025-10-16 17:00:00,53.49999999999992,-2.800000000000013,0,0001,1.0,LAND,11.588165,6.8025208,1021.27563,2.5112204464031243e-08,36,2025-12-28,72,47.89074389098062
2025-10-12 06:00:00,53.19999999999992,-2.600000000000013,0,0001,1.0,LAND,6.6336975,6.4134827,1023.4381,2.4169356294123447e-08,36,2025-12-28,76,46.538330422488826
2025-10-12 07:00:00,53.59999999999992,-1.9000000000000123,0,0001,1.0,LAND,6.7584534,6.653473,997.46,2.3432016327262197e-08,36,2025-12-28,76,17.855530783103767
2025-10-12 06:00:00,53.59999999999992,-1.9000000000000123,0,0001,1.0,LAND,6.7001038,6.5794983,997.0181,2.4548260757483568e-08,36,2025-12-28,76,17.855530783103767
2025-10-12 08:00:00,53.59999999999992,-1.9000000000000123,0,0001,1.0,LAND,7.424469,7.295807,997.66,2.231577189704083e-08,36,2025-12-28,76,17.855530783103767
2025-10-12 09:00:00,53.699999999999925,-1.9000000000000123,0,0001,1.0,LAND,8.333405,8.113556,1003.3544,2.0034104708523022e-08,36,2025-12-28,76,27.242918593719498
2025-10-12 09:00:00,53.59999999999992,-1.8000000000000123,0,0001,1.0,LAND,8.38028,8.092072,1003.5144,2.016236999580178e-08,36,2025-12-28,76,22.738967530582883
2025-10-12 04:00:00,53.699999999999925,-2.0000000000000124,0,0001,1.0,LAND,6.2118225,6.0675354,998.59186,2.6294011634677718e-08,36,2025-12-28,76,25.130241617527652
2025-10-12 04:00:00,53.59999999999992,-1.9000000000000123,0,0001,1.0,LAND,6.5438538,6.4405823,997.02185,2.678074961792631e-08,36,2025-12-28,76,17.855530783103767
2025-10-12 05:00:00,53.699999999999925,-2.0000000000000124,0,0001,1.0,LAND,6.2450256,6.101959,998.84937,2.520037839515364e-08,36,2025-12-28,76,25.130241617527652
2025-10-12 05:00:00,53.19999999999992,-2.600000000000013,0,0001,1.0,LAND,6.5868225,6.517975,1023.76935,2.3852266828327968e-08,36,2025-12-28,76,46.538330422488826
2025-10-13 21:00:00,53.89999999999993,-2.0000000000000124,0,0001,1.0,LAND,11.423981,10.62735,1009.09875,3.649397184446494e-08,36,2025-12-28,75,47.12351775376801
2025-10-13 19:00:00,53.699999999999925,-2.700000000000013,0,0001,1.0,LAND,13.521515,11.167389,1022.85876,3.0597815077934004e-08,36,2025-12-28,75,47.921396758671555
2025-10-14 02:00:00,53.59999999999992,-1.9000000000000123,0,0001,1.0,LAND,10.339508,10.241119,995.41376,4.0972007120383654e-08,36,2025-12-28,74,17.855530783103767
2025-10-14 02:00:00,53.59999999999992,-1.8000000000000123,0,0001,1.0,LAND,10.632477,10.528229,1001.0037,3.9332201791823226e-08,36,2025-12-28,74,22.738967530582883
2025-10-14 01:00:00,53.699999999999925,-1.8000000000000123,0,0001,1.0,LAND,10.702789,10.522369,1009.1206,4.0572612861981614e-08,36,2025-12-28,74,30.658571781925712
2025-10-13 23:00:00,53.799999999999926,-1.8000000000000123,0,0001,1.0,LAND,11.207672,10.7916565,1010.1925,3.9989568619465784e-08,36,2025-12-28,75,40.126312501152455
2025-10-13 23:00:00,53.699999999999925,-1.8000000000000123,0,0001,1.0,LAND,11.1979065,10.828766,1009.3325,3.978757157074855e-08,36,2025-12-28,75,30.658571781925712
2025-10-14 00:00:00,53.699999999999925,-1.8000000000000123,0,0001,1.0,LAND,10.923492,10.668854,1009.22687,4.194782965427651e-08,36,2025-12-28,75,30.658571781925712
2025-10-16 09:00:00,53.5,-1.75,0,0001,1.0,MARINE,9.22818,7.5951233,998.7925,9.658803305778698e-09,36,2025-12-28,72,21.763268888217166
2025-10-12 06:00:00,53.75,-2.0,0,0001,1.0,MARINE,6.2879944,5.889557,1003.9444,2.3170916463311388e-08,36,2025-12-28,76,30.595276532919566
2025-10-12 05:00:00,53.75,-2.0,0,0001,1.0,MARINE,6.37027,5.959137,1004.1394,2.418774672219341e-08,36,2025-12-28,76,30.595276532919566
2025-10-12 09:00:00,53.75,-2.0,0,0001,1.0,MARINE,8.420074,8.041901,1004.6181,2.012042568666531e-08,36,2025-12-28,76,30.595276532919566
2025-10-12 08:00:00,53.75,-2.0,0,0001,1.0,MARINE,7.3714905,7.0465393,1004.3625,2.1137255945547337e-08,36,2025-12-28,76,30.595276532919566
2025-11-26 02:00:00,53.799999999999926,-2.1000000000000125,0,0005,1.0,LAND,-2.6956482,-2.8797302,988.1381,1.5760370231102427e-08,36,2025-12-28,31,35.76264455221137
2025-11-26 01:00:00,53.699999999999925,-2.1000000000000125,0,0005,1.0,LAND,-1.6285095,-1.7576599,983.395,1.998627521815688e-08,36,2025-12-28,31,24.657768203202313
2025-11-26 00:00:00,53.59999999999992,-2.1000000000000125,0,0005,1.0,LAND,-0.028656006,-0.68588257,994.9481,2.4700555378841062e-08,36,2025-12-28,32,13.576838722003185
2025-11-26 00:00:00,53.699999999999925,-2.1000000000000125,0,0005,1.0,LAND,-0.997406,-1.3538513,983.2681,2.1126314364576048e-08,36,2025-12-28,32,24.657768203202313
2025-11-25 23:00:00,53.49999999999992,-2.1000000000000125,0,0005,1.0,LAND,1.0853577,0.10562134,1005.1931,2.1156839979014452e-08,36,2025-12-28,32,2.8181192538858313
2025-11-25 22:00:00,53.29999999999992,-2.400000000000013,0,0005,1.0,LAND,1.5179749,0.7701721,1011.9675,1.9461247206344665e-08,36,2025-12-28,32,29.214420625897443
2025-11-29 11:00:00,53.5,-2.5,0,0005,1.0,MARINE,5.8006897,4.976715,989.6381,9.054511968901325e-09,36,2025-12-28,28,28.085102590848965
2025-11-26 00:00:00,53.75,-2.25,0,0005,1.0,MARINE,-1.2146912,-1.5298767,995.65186,2.079027236479107e-08,36,2025-12-28,32,32.25671590809875
2025-11-26 01:00:00,53.75,-2.25,0,0005,1.0,MARINE,-2.2442322,-2.429779,995.8875,1.9654297474248378e-08,36,2025-12-28,31,32.25671590809875
2025-01-09 00:00:00,53.29999999999992,-2.500000000000013,0,0001,1.0,LAND,-3.754486,-5.193695,991.9975,1.5995401378420324e-08,37,2025-01-12,3,26.890026997751253
2025-01-08 22:00:00,53.19999999999992,-2.500000000000013,0,0001,1.0,LAND,-2.8960876,-3.8301697,990.85,1.7309790499111683e-08,37,2025-01-12,3,34.479273407828714
2025-01-08 21:00:00,53.29999999999992,-2.800000000000013,0,0001,1.0,LAND,-2.379242,-2.8682556,995.98,1.2837956434025975e-08,37,2025-01-12,3,15.486923373537671
2025-01-08 21:00:00,53.39999999999992,-2.700000000000013,0,0001,1.0,LAND,-2.5296326,-3.9932556,994.8,1.7548030868671773e-08,37,2025-01-12,3,9.766620669176302
2025-01-08 20:00:00,53.19999999999992,-2.700000000000013,0,0001,1.0,LAND,-1.283783,-1.5157166,994.90186,1.3372959739574915e-08,37,2025-01-12,3,27.88678955794992
2025-01-08 20:00:00,53.29999999999992,-2.800000000000013,0,0001,1.0,LAND,-1.4497986,-1.898529,995.6319,1.4261931894720704e-08,37,2025-01-12,3,15.486923373537671
2025-01-09 01:00:00,53.699999999999925,-2.700000000000013,0,0001,1.0,LAND,-3.2850037,-7.3723145,994.7025,1.9261407871455204e-08,37,2025-01-12,2,30.440158108130245
2025-01-10 02:00:00,53.59999999999992,-2.2000000000000126,0,0001,1.0,LAND,-3.4685974,-4.69516,993.1763,1.347571143561729e-08,37,2025-01-12,1,45.56419960445806
2025-01-10 04:00:00,53.099999999999916,-2.500000000000013,0,0001,1.0,LAND,-1.8787537,-3.9102478,1005.7825,1.0842833894628994e-08,37,2025-01-12,1,43.61023141311175
2025-01-08 23:00:00,53.25,-2.5,0,0001,1.0,MARINE,-2.5137634,-3.3560486,991.39813,1.655196855791768e-08,37,2025-01-12,3,30.41440888028974
2025-01-08 22:00:00,53.5,-3.0,0,0001,1.0,MARINE,-0.83309937,-1.5987244,997.9394,1.701331976226284e-08,37,2025-01-12,3,13.036054743579507
2025-01-09 01:00:00,53.75,-2.75,0,0001,1.0,MARINE,-1.8912048,-6.3296814,995.20685,1.841786707058501e-08,37,2025-01-12,2,35.13532825826087
2025-01-09 01:00:00,53.5,-2.75,0,0001,1.0,MARINE,-2.0103455,-3.948822,998.0469,1.9219507136832344e-08,37,2025-01-12,2,8.824423788521703
2025-01-09 02:00:00,53.5,-2.5,0,0001,1.0,MARINE,-3.2964783,-5.2347107,993.0531,1.525973942808248e-08,37,2025-01-12,2,23.09622924885523
2025-01-10 03:00:00,53.25,-2.5,0,0001,1.0,MARINE,-1.3955994,-2.9986267,1006.64935,1.2159575492331954e-08,37,2025-01-12,1,30.41440888028974
2025-01-10 03:00:00,53.25,-2.75,0,0001,1.0,MARINE,-1.7061462,-3.3697205,1011.1994,1.0296630364309237e-08,37,2025-01-12,1,21.605281742271185
2025-01-10 04:00:00,53.25,-2.75,0,0001,1.0,MARINE,-0.620697,-2.7640076,1011.3594,1.0164942114883699e-08,37,2025-01-12,1,21.605281742271185
2025-04-28 06:00:00,51.699999999999896,-2.700000000000013,0,0001,1.0,LAND,7.802887,7.33902,1016.53375,9.068268025381554e-09,38,2025-07-01,63,42.51087996834525
2025-04-29 00:00:00,52.299999999999905,-2.9000000000000132,0,0001,1.0,LAND,13.398346,7.2149963,1006.1781,8.97454333070922e-09,38,2025-07-01,63,26.64715286549473
2025-04-10 18:00:00,52.1999999999999,-2.600000000000013,0,0001,1.0,LAND,14.457184,6.6581116,1013.2019,1.6167335914474034e-08,38,2025-07-01,81,16.24468812920513
2025-04-10 08:00:00,52.49999999999991,-2.500000000000013,0,0001,1.0,LAND,5.641266,3.209381,1012.1269,1.273087502084939e-08,38,2025-07-01,81,49.29519138274028
2025-04-11 00:00:00,51.699999999999896,-2.400000000000013,0,0001,1.0,LAND,8.8680725,5.7224426,1017.40436,2.493387896152026e-08,38,2025-07-01,81,48.39513091681264
2025-04-11 01:00:00,51.699999999999896,-2.400000000000013,0,0001,1.0,LAND,8.287506,5.7340393,1017.22186,2.3466785255740626e-08,38,2025-07-01,80,48.39513091681264
2025-04-30 05:00:00,52.25,-2.75,0,0001,1.0,MARINE,9.03653,5.6739807,1004.5037,1.1106409691814414e-08,38,2025-07-01,61,18.746192663083097
2025-04-10 19:00:00,52.25,-2.5,0,0001,1.0,MARINE,14.251373,5.443756,1013.67065,1.725585715983687e-08,38,2025-07-01,81,24.84544433013148
2025-05-01 01:00:00,52.299999999999905,-2.600000000000013,0,0001,1.0,LAND,13.361847,6.073761,1002.6431,1.5611575800619255e-08,38,2025-07-01,60,26.081936433129766
2025-05-17 21:00:00,52.299999999999905,-3.3000000000000136,0,0001,1.0,LAND,12.69278,6.2052307,987.85126,1.0879088935267402e-08,38,2025-07-01,44,45.28634122952012
2025-05-23 04:00:00,52.299999999999905,-3.0000000000000133,0,0001,1.0,LAND,7.773346,4.43692,992.8881,1.2734698332888353e-08,38,2025-07-01,38,30.09766435361805
2025-05-23 04:00:00,52.299999999999905,-3.1000000000000134,0,0001,1.0,LAND,7.5174866,4.31192,985.8281,1.3006088724529425e-08,38,2025-07-01,38,34.56298116836074
2025-05-23 04:00:00,51.7999999999999,-3.3000000000000136,0,0001,1.0,LAND,8.652252,4.8470764,977.6781,1.7142364379848778e-08,38,2025-07-01,38,49.57066405939236
2025-05-23 03:00:00,51.699999999999896,-3.1000000000000134,0,0001,1.0,LAND,10.611969,5.37442,993.8094,1.7856289044605414e-08,38,2025-07-01,38,49.117902678880036
2025-05-23 05:00:00,51.9999999999999,-2.800000000000013,0,0001,1.0,LAND,8.681793,5.1888733,1006.01935,1.4654505979076663e-08,38,2025-07-01,38,9.971754916572474
2025-05-23 03:00:00,52.299999999999905,-3.3000000000000136,0,0001,1.0,LAND,8.152985,4.9877014,985.6394,1.3494179385010843e-08,38,2025-07-01,38,45.28634122952012
2025-05-23 00:00:00,51.9999999999999,-2.800000000000013,0,0001,1.0,LAND,11.794586,5.3312073,1006.97064,1.521888748357039e-08,38,2025-07-01,39,9.971754916572474
2025-05-23 00:00:00,51.9999999999999,-2.9000000000000132,0,0001,1.0,LAND,11.439117,5.217926,999.5806,1.5627607208302233e-08,38,2025-07-01,39,14.247729379784
2025-05-23 00:00:00,52.1999999999999,-3.0000000000000133,0,0001,1.0,LAND,10.849274,5.063629,998.16064,1.3553693722913568e-08,38,2025-07-01,39,22.135957315897492
2025-05-23 01:00:00,52.299999999999905,-3.3000000000000136,0,0001,1.0,LAND,9.541168,4.997467,985.98,1.3553215161278592e-08,38,2025-07-01,38,45.28634122952012
2025-05-23 02:00:00,52.1999999999999,-3.3000000000000136,0,0001,1.0,LAND,9.67691,5.5299377,991.4025,1.4564682349062176e-08,38,2025-07-01,38,40.46684818830516
2025-05-23 01:00:00,52.1999999999999,-3.2000000000000135,0,0001,1.0,LAND,10.138824,5.056061,989.44,1.4409096434539963e-08,38,2025-07-01,38,34.086711819740636
2025-05-01 21:00:00,52.1999999999999,-2.1000000000000125,0,0001,1.0,LAND,19.714752,11.353912,1008.41125,1.2237098001576279e-08,38,2025-07-01,60,45.57333935593835
2025-05-01 18:00:00,52.1999999999999,-3.4000000000000137,0,0001,1.0,LAND,20.25772,13.395905,984.1337,1.790431947146267e-08,38,2025-07-01,60,46.97197764835812
2025-05-01 07:00:00,52.0999999999999,-2.500000000000013,0,0001,1.0,LAND,12.465973,10.514313,1002.6369,1.4212986690354138e-08,38,2025-07-01,60,16.477903499566942
2025-05-01 07:00:00,52.1999999999999,-2.500000000000013,0,0001,1.0,LAND,12.428864,10.373688,1000.8069,1.4072948760028279e-08,38,2025-07-01,60,20.981334905830003
2025-05-01 06:00:00,51.9999999999999,-2.500000000000013,0,0001,1.0,LAND,10.418732,7.1354065,1005.5687,1.4897783895406773e-08,38,2025-07-01,60,18.711276926345064
2025-05-01 06:00:00,52.0999999999999,-2.500000000000013,0,0001,1.0,LAND,10.473419,6.2565002,1002.5087,1.4709885504116316e-08,38,2025-07-01,60,16.477903499566942
2025-05-01 05:00:00,51.9999999999999,-2.500000000000013,0,0001,1.0,LAND,10.340973,6.827667,1005.72314,1.5442543170133907e-08,38,2025-07-01,60,18.711276926345064
2025-05-01 04:00:00,51.9999999999999,-2.500000000000013,0,0001,1.0,LAND,10.868805,6.8766174,1006.07,1.5987302444861052e-08,38,2025-07-01,60,18.711276926345064
2025-05-01 03:00:00,51.9999999999999,-2.600000000000013,0,0001,1.0,LAND,11.728424,6.2619934,1004.8013,1.6022722926224104e-08,38,2025-07-01,60,13.152680777305285
2025-05-01 03:00:00,52.0999999999999,-2.600000000000013,0,0001,1.0,LAND,11.851471,5.767853,1005.2612,1.570452670685038e-08,38,2025-07-01,60,9.736448373217375
2025-05-01 02:00:00,52.0999999999999,-2.600000000000013,0,0001,1.0,LAND,12.444,5.8663635,1005.4437,1.6099159246459875e-08,38,2025-07-01,60,9.736448373217375
2025-05-01 02:00:00,52.1999999999999,-2.600000000000013,0,0001,1.0,LAND,12.553375,5.827301,1004.4338,1.571950714041073e-08,38,2025-07-01,60,16.24468812920513
2025-05-12 19:00:00,52.1999999999999,-2.700000000000013,0,0001,1.0,LAND,16.903473,13.362946,999.795,1.2268570659390499e-08,38,2025-07-01,49,13.442655283468639
2025-05-11 22:00:00,51.7999999999999,-3.0000000000000133,0,0001,1.0,LAND,14.544342,11.556305,985.1169,1.930886058450794e-08,38,2025-07-01,50,36.046932341173395
2025-05-11 21:00:00,51.7999999999999,-3.1000000000000134,0,0001,1.0,LAND,14.492096,11.185211,975.9256,1.9503502368679786e-08,38,2025-07-01,50,39.89186733481775
2025-05-11 19:00:00,51.8999999999999,-2.500000000000013,0,0001,1.0,LAND,18.903229,12.143707,996.7656,1.2402425975111774e-08,38,2025-07-01,50,25.99977222689034
2025-05-11 19:00:00,51.9999999999999,-2.500000000000013,0,0001,1.0,LAND,18.912994,11.854645,995.6256,1.1900938604962922e-08,38,2025-07-01,50,18.711276926345064
2025-05-13 20:00:00,51.699999999999896,-2.9000000000000132,0,0001,1.0,LAND,17.363434,11.551422,1005.045,1.0944144479554468e-08,38,2025-07-01,48,43.83490314217866
2025-05-13 20:00:00,51.7999999999999,-3.0000000000000133,0,0001,1.0,LAND,16.769684,10.569,994.055,9.825484870165266e-09,38,2025-07-01,48,36.046932341173395
2025-05-13 20:00:00,51.7999999999999,-3.1000000000000134,0,0001,1.0,LAND,16.371246,10.186188,984.915,1.0344603248079099e-08,38,2025-07-01,48,39.89186733481775
2025-05-13 20:00:00,51.7999999999999,-3.2000000000000135,0,0001,1.0,LAND,16.076324,10.059235,979.675,1.0863721625992924e-08,38,2025-07-01,48,44.46704162015891
2025-05-22 05:00:00,52.5,-2.5,0,0001,1.0,MARINE,7.181793,5.9376526,1000.8669,9.587554454052936e-09,38,2025-07-01,39,49.29519138275026
2025-05-23 04:00:00,52.25,-2.5,0,0001,1.0,MARINE,4.853668,2.7154846,1006.56,1.0748041345820574e-08,38,2025-07-01,38,24.84544433013148
2025-05-23 03:00:00,52.5,-2.5,0,0001,1.0,MARINE,4.7171936,1.9459534,1003.2656,9.969556104272398e-09,38,2025-07-01,38,49.29519138275026
2025-05-22 23:00:00,51.75,-2.5,0,0001,1.0,MARINE,10.944244,6.3561096,1012.395,9.885902609261738e-09,38,2025-07-01,39,40.35422201243046
2025-05-22 23:00:00,52.0,-2.75,0,0001,1.0,MARINE,10.4774475,4.613922,1005.765,1.3992566327836301e-08,38,2025-07-01,39,9.096155988146647
2025-05-22 22:00:00,52.0,-2.5,0,0001,1.0,MARINE,11.228912,5.2362366,1010.8762,1.01193623850786e-08,38,2025-07-01,39,18.711276926340457
2025-05-22 22:00:00,52.5,-3.0,0,0001,1.0,MARINE,8.006256,4.837799,994.21625,1.1165787035712617e-08,38,2025-07-01,39,49.79421407565502
2025-05-23 02:00:00,52.25,-3.25,0,0001,1.0,MARINE,6.50235,3.671051,986.0875,1.3926748513674704e-08,38,2025-07-01,38,39.54878064412439
2025-05-01 08:00:00,52.25,-2.75,0,0001,1.0,MARINE,15.951324,9.641998,998.9487,1.392073956570555e-08,38,2025-07-01,60,18.746192663083097
2025-05-01 07:00:00,52.0,-2.5,0,0001,1.0,MARINE,12.882233,10.066559,1008.3331,1.43530246206798e-08,38,2025-07-01,60,18.711276926340457
2025-05-01 06:00:00,52.0,-2.75,0,0001,1.0,MARINE,10.288727,7.4076233,1003.3212,1.4289468275308096e-08,38,2025-07-01,60,9.096155988146647
2025-05-01 04:00:00,52.0,-2.75,0,0001,1.0,MARINE,11.306061,4.317047,1003.5575,1.4935632582554236e-08,38,2025-07-01,60,9.096155988146647
2025-05-01 03:00:00,52.0,-2.75,0,0001,1.0,MARINE,11.925446,4.806305,1003.95374,1.5258714736177304e-08,38,2025-07-01,60,9.096155988146647
2025-05-01 02:00:00,52.25,-2.75,0,0001,1.0,MARINE,12.577057,4.6773987,1000.14,1.4631497108804322e-08,38,2025-07-01,60,18.746192663083097
2025-05-01 21:00:00,52.0,-2.75,0,0001,1.0,MARINE,17.136383,11.641022,999.4344,1.4048944452227004e-08,38,2025-07-01,60,9.096155988146647
2025-05-12 19:00:00,52.25,-2.75,0,0001,1.0,MARINE,16.52774,12.634918,993.4256,1.2493385902201365e-08,38,2025-07-01,49,18.746192663083097
2025-06-30 00:00:00,51.699999999999896,-2.600000000000013,0,0001,1.0,LAND,18.403229,15.819244,1012.0737,1.582636999231236e-08,38,2025-07-01,1,43.48899937822459
2025-06-10 21:00:00,51.7999999999999,-2.3000000000000127,0,0001,1.0,LAND,16.83023,11.317047,1011.83685,1.9832000541786273e-08,38,2025-07-01,20,43.438485312674025
2025-06-10 21:00:00,51.7999999999999,-2.400000000000013,0,0001,1.0,LAND,16.826324,11.3229065,1011.47687,1.9743521040282813e-08,38,2025-07-01,20,39.000480954455284
2025-06-10 21:00:00,51.7999999999999,-2.500000000000013,0,0001,1.0,LAND,17.131012,10.899078,1008.9469,1.954161099604314e-08,38,2025-07-01,20,35.34331787830213
2025-06-10 20:00:00,51.7999999999999,-2.400000000000013,0,0001,1.0,LAND,18.088287,12.396149,1010.8869,1.892026180172458e-08,38,2025-07-01,20,39.000480954455284
2025-06-10 22:00:00,51.699999999999896,-2.500000000000013,0,0001,1.0,LAND,15.665924,11.681061,1011.0538,2.0255019365459563e-08,38,2025-07-01,20,45.492832101342124
2025-06-10 22:00:00,51.699999999999896,-2.400000000000013,0,0001,1.0,LAND,15.677643,11.688873,1010.20374,2.0496001340575134e-08,38,2025-07-01,20,48.39513091681264
2025-06-10 21:00:00,51.75,-2.25,0,0001,1.0,MARINE,16.247467,10.150055,1007.5975,1.9927589418877757e-08,38,2025-07-01,20,49.85317207313489
2025-06-13 17:00:00,52.0,-3.0,0,0001,1.0,MARINE,19.279938,13.123199,992.7575,1.2928656663765204e-08,38,2025-07-01,17,20.00299450495184
2025-01-08 21:00:00,53.29999999999992,-2.800000000000013,0,0001,1.0,LAND,-2.379242,-2.8682556,995.98,1.2837956434025975e-08,39,2025-03-03,53,43.41405823417877
2025-01-08 20:00:00,53.19999999999992,-2.700000000000013,0,0001,1.0,LAND,-1.283783,-1.5157166,994.90186,1.3372959739574915e-08,39,2025-03-03,53,44.94171121470995
2025-01-08 20:00:00,53.29999999999992,-2.800000000000013,0,0001,1.0,LAND,-1.4497986,-1.898529,995.6319,1.4261931894720704e-08,39,2025-03-03,53,43.41405823417877
2025-01-08 13:00:00,52.89999999999991,-2.700000000000013,0,0001,1.0,LAND,1.278717,0.45083618,989.7388,1.2426869103183238e-08,39,2025-03-03,53,48.13666302017137
2025-01-10 03:00:00,53.25,-2.75,0,0001,1.0,MARINE,-1.7061462,-3.3697205,1011.1994,1.0296630364309237e-08,39,2025-03-03,51,43.70287472997904
2025-01-10 04:00:00,53.25,-2.75,0,0001,1.0,MARINE,-0.620697,-2.7640076,1011.3594,1.0164942114883699e-08,39,2025-03-03,51,43.70287472997904
2025-02-06 04:00:00,53.099999999999916,-2.600000000000013,0,0001,1.0,LAND,-1.1407166,-1.429779,1034.2456,1.8345597800152464e-08,39,2025-03-03,24,49.936606388630324
2025-02-06 04:00:00,53.099999999999916,-2.700000000000013,0,0001,1.0,LAND,-0.7911072,-1.0997009,1037.6456,1.882241437711483e-08,39,2025-03-03,24,43.262015028314714
2025-02-06 03:00:00,53.099999999999916,-2.600000000000013,0,0001,1.0,LAND,-0.94955444,-1.1150818,1034.4281,1.9177013241275682e-08,39,2025-03-03,24,49.936606388630324
2025-02-06 03:00:00,53.099999999999916,-2.700000000000013,0,0001,1.0,LAND,-0.62338257,-0.7967224,1037.8281,1.9470556160413988e-08,39,2025-03-03,24,43.262015028314714
2025-02-06 03:00:00,53.19999999999992,-2.700000000000013,0,0001,1.0,LAND,-0.4612732,-0.5916443,1038.0082,2.2239674102306143e-08,39,2025-03-03,24,44.94171121470995
2025-02-06 02:00:00,53.099999999999916,-2.600000000000013,0,0001,1.0,LAND,-0.45004272,-0.6187439,1034.3931,2.0008428682398896e-08,39,2025-03-03,24,49.936606388630324
2025-02-06 05:00:00,53.099999999999916,-2.700000000000013,0,0001,1.0,LAND,-1.1873474,-1.495697,1037.7456,1.817427259381566e-08,39,2025-03-03,24,43.262015028314714
2025-02-06 03:00:00,53.25,-2.75,0,0001,1.0,MARINE,-0.31625366,-0.53305054,1038.4469,2.2056694817807176e-08,39,2025-03-03,24,43.70287472997904
2025-02-06 03:00:00,53.25,-3.0,0,0001,1.0,MARINE,0.8692932,0.58999634,1034.1669,1.8283122946161238e-08,39,2025-03-03,24,29.326373808359847
2025-02-06 02:00:00,53.25,-2.75,0,0001,1.0,MARINE,-0.0066833496,-0.2503357,1038.215,2.2708200366391303e-08,39,2025-03-03,24,43.70287472997904
2025-03-01 19:00:00,52.89999999999991,-2.800000000000013,0,0001,1.0,LAND,6.4388733,0.62112427,1024.0969,1.2867068262716373e-08,39,2025-03-03,1,42.21100227452171
2025-03-01 21:00:00,52.999999999999915,-2.700000000000013,0,0001,1.0,LAND,5.4117737,0.8441467,1025.6256,1.8096871390313353e-08,39,2025-03-03,1,44.3928926471541
2025-03-01 19:00:00,53.0,-2.75,0,0001,1.0,MARINE,7.616852,0.031158447,1024.8556,1.5603845225179215e-08,39,2025-03-03,1,41.139891078927974
2025-03-01 21:00:00,53.0,-2.75,0,0001,1.0,MARINE,5.097809,0.13296509,1025.2438,1.7737779273162936e-08,39,2025-03-03,1,41.139891078927974
2025-03-01 20:00:00,53.0,-2.75,0,0001,1.0,MARINE,6.245758,0.15859985,1024.955,1.667081224917107e-08,39,2025-03-03,1,41.139891078927974
2025-03-19 17:00:00,52.79999999999991,-3.900000000000014,0,0001,1.0,LAND,11.767975,3.8556213,988.2463,1.9712882900111964e-08,41,2025-05-31,72,12.308649578247225
2025-03-19 17:00:00,52.89999999999991,-3.900000000000014,0,0001,1.0,LAND,11.601959,3.1915588,988.27625,1.99954766633144e-08,41,2025-05-31,72,5.665114275978206
2025-03-22 14:00:00,52.75,-4.25,0,0001,1.0,MARINE,13.322662,8.302887,988.4475,1.351288181581741e-08,41,2025-05-31,69,33.522138923606086
2025-03-19 16:00:00,52.5,-4.0,0,0001,1.0,MARINE,14.049713,0.717926,998.4325,2.498203377499012e-08,41,2025-05-31,72,45.99462921092985
2025-03-19 13:00:00,53.0,-4.5,0,0001,1.0,MARINE,9.1649475,3.299469,1014.7825,1.765698561436343e-08,41,2025-05-31,72,47.22861732405941
2025-03-19 17:00:00,52.5,-4.0,0,0001,1.0,MARINE,13.6180725,1.3031311,998.33,2.6404274489078634e-08,41,2025-05-31,72,45.99462921092985
2025-04-29 18:00:00,52.79999999999991,-3.900000000000014,0,0001,1.0,LAND,18.671295,10.579254,993.1844,9.365784814362885e-09,41,2025-05-31,31,12.308649578247225
2025-04-29 21:00:00,53.099999999999916,-3.600000000000014,0,0001,1.0,LAND,15.444733,9.768219,992.77936,1.6782968931259295e-08,41,2025-05-31,31,26.671543159227816
2025-04-29 00:00:00,52.79999999999991,-3.2000000000000135,0,0001,1.0,LAND,12.599518,8.668121,1001.5481,1.0238229819491799e-08,41,2025-05-31,32,42.757664666893916
2025-04-10 09:00:00,52.89999999999991,-3.4000000000000137,0,0001,1.0,LAND,8.300079,4.290436,987.39813,1.2995362896894241e-08,41,2025-05-31,50,27.87634006764668
2025-04-11 08:00:00,52.59999999999991,-3.700000000000014,0,0001,1.0,LAND,6.7340393,5.5672913,991.40063,1.7908482104664823e-08,41,2025-05-31,49,34.0650866282683
2025-04-11 07:00:00,52.59999999999991,-3.600000000000014,0,0001,1.0,LAND,3.7251282,3.2937317,992.35,2.0389401352481793e-08,41,2025-05-31,49,36.200275782738665
2025-04-11 08:00:00,52.69999999999991,-3.700000000000014,0,0001,1.0,LAND,7.2652893,5.7606506,990.1806,1.6587026715106954e-08,41,2025-05-31,49,23.374855096774507
2025-04-11 09:00:00,52.49999999999991,-3.600000000000014,0,0001,1.0,LAND,10.795929,6.8087463,984.26935,1.8356552944355782e-08,41,2025-05-31,49,46.60617068424112
2025-04-11 07:00:00,52.59999999999991,-3.700000000000014,0,0001,1.0,LAND,4.066925,3.4206848,991.68,1.9574546021122602e-08,41,2025-05-31,49,34.0650866282683
2025-04-11 03:00:00,52.59999999999991,-3.600000000000014,0,0001,1.0,LAND,6.429596,5.5975647,993.445,2.7614201369989334e-08,41,2025-05-31,49,36.200275782738665
2025-04-29 15:00:00,52.75,-4.25,0,0001,1.0,MARINE,18.389801,8.982819,1013.1962,1.0661855120997065e-08,41,2025-05-31,31,33.522138923606086
2025-04-29 14:00:00,52.75,-4.25,0,0001,1.0,MARINE,18.63272,8.996979,1013.67126,1.0258245697336724e-08,41,2025-05-31,31,33.522138923606086
2025-04-11 10:00:00,52.75,-4.25,0,0001,1.0,MARINE,11.86734,7.5765686,1013.0662,2.1170402708659083e-08,41,2025-05-31,49,33.522138923606086
2025-04-10 09:00:00,53.25,-3.5,0,0001,1.0,MARINE,9.880646,4.87796,1015.4306,1.5173100276211086e-08,41,2025-05-31,50,44.43208382031887
2025-04-11 07:00:00,52.5,-3.75,0,0001,1.0,MARINE,5.0069885,4.3504944,993.15625,2.044423224230805e-08,41,2025-05-31,49,44.504269478530794
2025-04-11 06:00:00,52.5,-3.75,0,0001,1.0,MARINE,3.7672424,2.9256897,993.3225,2.2293904000658965e-08,41,2025-05-31,49,44.504269478530794
2025-04-10 23:00:00,52.75,-4.25,0,0001,1.0,MARINE,8.9930725,7.086334,1016.8644,2.3555318414553158e-08,41,2025-05-31,50,33.522138923606086
2025-04-10 23:00:00,52.75,-4.5,0,0001,1.0,MARINE,9.8680725,8.0277405,1028.3143,2.1849173637011722e-08,41,2025-05-31,50,48.85163860571649
2025-05-20 08:00:00,52.79999999999991,-4.000000000000014,0,0001,1.0,LAND,13.845734,8.00943,1000.855,1.6154304560699992e-08,41,2025-05-31,10,16.514400594365096
2025-05-20 10:00:00,52.69999999999991,-3.800000000000014,0,0001,1.0,LAND,15.412994,6.2533264,991.3231,1.4355586016219629e-08,41,2025-05-31,10,22.070185007941557
2025-05-20 09:00:00,52.69999999999991,-3.800000000000014,0,0001,1.0,LAND,14.498688,7.413971,991.395,1.4900615241674938e-08,41,2025-05-31,10,22.070185007941557
2025-05-20 09:00:00,52.79999999999991,-3.800000000000014,0,0001,1.0,LAND,14.223297,6.7850647,984.875,1.5257353158659375e-08,41,2025-05-31,10,10.97583349942228
2025-05-20 08:00:00,52.79999999999991,-3.900000000000014,0,0001,1.0,LAND,13.353546,7.6578674,991.925,1.597999451282287e-08,41,2025-05-31,10,12.308649578247225
2025-05-19 19:00:00,52.79999999999991,-3.900000000000014,0,0001,1.0,LAND,13.782379,3.7120667,990.35376,1.6648139274562867e-08,41,2025-05-31,11,12.308649578247225
2025-05-01 07:00:00,52.59999999999991,-3.600000000000014,0,0001,1.0,LAND,12.630035,10.777985,986.4169,1.19223308632979e-08,41,2025-05-31,29,36.200275782738665
2025-05-12 00:00:00,53.099999999999916,-3.900000000000014,0,0001,1.0,LAND,12.333893,7.040436,966.52,1.0138210715382877e-08,41,2025-05-31,19,23.13294961271955
2025-05-12 00:00:00,53.099999999999916,-4.000000000000014,0,0001,1.0,LAND,11.871002,7.8158264,969.04,1.0451210563645205e-08,41,2025-05-31,19,25.603090620102304
2025-05-09 19:00:00,52.79999999999991,-3.800000000000014,0,0001,1.0,LAND,14.082184,7.57193,982.0475,9.298888177985265e-09,41,2025-05-31,21,10.97583349942228
2025-05-10 18:00:00,52.89999999999991,-3.900000000000014,0,0001,1.0,LAND,16.806305,5.472809,984.79065,1.3472266358060382e-08,41,2025-05-31,20,5.665114275978206
2025-05-10 17:00:00,52.89999999999991,-4.000000000000014,0,0001,1.0,LAND,17.737213,4.406891,992.95935,1.424837196376851e-08,41,2025-05-31,20,12.370816905897456
2025-05-20 07:00:00,53.0,-4.0,0,0001,1.0,MARINE,11.806549,7.3385315,992.1825,1.663569593191022e-08,41,2025-05-31,10,16.7521556331186
2025-05-20 07:00:00,53.0,-4.25,0,0001,1.0,MARINE,12.54483,8.5260315,1004.6025,1.5090143172062207e-08,41,2025-05-31,10,31.225822814399706
2025-05-20 06:00:00,53.0,-4.25,0,0001,1.0,MARINE,11.140533,8.326569,1004.14,1.4873757725464325e-08,41,2025-05-31,10,31.225822814399706
2025-05-20 05:00:00,53.0,-4.25,0,0001,1.0,MARINE,10.038239,7.587555,1003.9938,1.4657372278866447e-08,41,2025-05-31,10,31.225822814399706
2025-05-20 04:00:00,53.0,-4.5,0,0001,1.0,MARINE,12.582672,9.178864,1016.6319,1.271536165248227e-08,41,2025-05-31,10,47.22861732405941
2025-05-20 03:00:00,53.0,-4.5,0,0001,1.0,MARINE,12.658356,8.87027,1016.76935,1.2392208370570814e-08,41,2025-05-31,10,47.22861732405941
2025-05-20 08:00:00,53.0,-4.0,0,0001,1.0,MARINE,13.448639,8.166412,992.0056,1.6629889021402185e-08,41,2025-05-31,10,16.7521556331186
2025-05-20 09:00:00,53.25,-4.0,0,0001,1.0,MARINE,15.517975,7.4044495,1004.4988,1.7504204030682678e-08,41,2025-05-31,10,41.00615383445477
2025-05-20 02:00:00,52.75,-4.5,0,0001,1.0,MARINE,13.917877,9.352936,1022.29065,1.269257207670007e-08,41,2025-05-31,10,48.85163860571649
2025-05-20 01:00:00,52.75,-4.5,0,0001,1.0,MARINE,13.933014,9.863678,1022.51373,1.2381279099193863e-08,41,2025-05-31,10,48.85163860571649
2025-05-23 05:00:00,52.75,-4.5,0,0001,1.0,MARINE,12.671295,7.488434,1020.5681,9.380786180253901e-09,41,2025-05-31,7,48.85163860571649
2025-05-23 05:00:00,52.75,-4.25,0,0001,1.0,MARINE,9.003326,5.347809,1009.2981,9.434195394226661e-09,41,2025-05-31,7,33.522138923606086
2025-05-01 09:00:00,52.5,-3.75,0,0001,1.0,MARINE,19.608307,9.027252,986.85565,1.2577080724107868e-08,41,2025-05-31,29,44.504269478530794
2025-05-10 11:00:00,52.75,-4.5,0,0001,1.0,MARINE,14.122955,9.3385315,1018.17065,2.211226265980117e-08,41,2025-05-31,20,48.85163860571649
2025-08-21 23:00:00,53.39999999999992,-1.7000000000000122,0,0001,1.0,LAND,13.01944,8.567047,986.09375,1.697691790850935e-08,43,2025-10-31,70,41.59626015311433
2025-08-21 23:00:00,53.39999999999992,-1.600000000000012,0,0001,1.0,LAND,13.449127,8.643219,996.8137,1.6830943083688733e-08,43,2025-10-31,70,35.44076027139855
2025-08-22 00:00:00,53.29999999999992,-1.7000000000000122,0,0001,1.0,LAND,13.104645,7.805084,991.3169,1.6877165998073827e-08,43,2025-10-31,70,46.59902935647685
2025-08-21 23:00:00,53.699999999999925,-0.5000000000000117,0,0001,1.0,LAND,13.226471,8.428375,1019.15375,1.0606911117946132e-08,43,2025-10-31,70,44.538127032285175
2025-08-23 04:00:00,53.39999999999992,-1.0000000000000115,0,0001,1.0,LAND,12.629303,11.38736,1013.73126,1.5126448834242247e-08,43,2025-10-31,68,15.85362135765445
2025-08-23 05:00:00,53.19999999999992,-0.9000000000000116,0,0001,1.0,LAND,12.515289,11.18692,1013.83435,1.4180840464857348e-08,43,2025-10-31,68,38.91103179671507
2025-08-23 07:00:00,53.29999999999992,-1.1000000000000116,0,0001,1.0,LAND,14.125641,11.761383,1010.29126,1.4727485444139804e-08,43,2025-10-31,68,25.244866632327806
2025-08-23 03:00:00,53.49999999999992,-1.1000000000000116,0,0001,1.0,LAND,13.01358,11.3836975,1014.2725,1.6351892812016107e-08,43,2025-10-31,68,3.0566290230568294
2025-08-23 01:00:00,53.799999999999926,-1.400000000000012,0,0001,1.0,LAND,13.687164,10.169098,1011.83374,1.6970103655645253e-08,43,2025-10-31,68,35.90885241253711
2025-08-23 02:00:00,53.59999999999992,-1.2000000000000117,0,0001,1.0,LAND,13.367828,10.924469,1013.8656,1.8130082028258796e-08,43,2025-10-31,68,10.10491787172691
2025-08-23 02:00:00,53.59999999999992,-1.1000000000000116,0,0001,1.0,LAND,13.444,11.1666565,1016.1456,1.7243674192238734e-08,43,2025-10-31,68,8.142000744033822
2025-08-23 14:00:00,53.699999999999925,-1.1000000000000116,0,0001,1.0,LAND,20.197174,9.816803,1016.4412,1.541202717299741e-08,43,2025-10-31,68,19.249093608992233
2025-08-23 14:00:00,53.59999999999992,-1.0000000000000115,0,0001,1.0,LAND,20.341705,9.93985,1018.1912,1.4979520438866334e-08,43,2025-10-31,68,10.84925463551876
2025-08-23 15:00:00,53.699999999999925,-1.400000000000012,0,0001,1.0,LAND,20.357574,10.158844,1014.16437,1.8563164283502968e-08,43,2025-10-31,68,27.180852683761287
2025-08-23 15:00:00,53.59999999999992,-1.3000000000000118,0,0001,1.0,LAND,20.412262,9.986969,1014.16437,1.8090770326217874e-08,43,2025-10-31,68,15.005259836598443
2025-08-10 23:00:00,53.89999999999993,-1.0000000000000115,0,0001,1.0,LAND,17.437653,11.665802,1021.2344,1.875457047070014e-08,43,2025-10-31,81,42.09401165374785
2025-08-06 20:00:00,53.799999999999926,-1.0000000000000115,0,0001,1.0,LAND,17.442291,11.983551,1016.6131,1.1962535110636433e-08,43,2025-10-31,85,31.196471881568158
2025-08-06 20:00:00,53.799999999999926,-0.9000000000000116,0,0001,1.0,LAND,17.723541,10.516754,1017.22314,1.192882629711815e-08,43,2025-10-31,85,33.33479345124107
2025-08-06 20:00:00,53.799999999999926,-0.8000000000000116,0,0001,1.0,LAND,17.633698,10.782379,1016.65314,1.1895117483599868e-08,43,2025-10-31,85,36.55153599938816
2025-08-23 07:00:00,53.25,-1.0,0,0001,1.0,MARINE,14.220123,11.503082,1016.07935,1.4244939774051444e-08,43,2025-10-31,68,31.633631416490864
2025-08-23 07:00:00,53.25,-1.25,0,0001,1.0,MARINE,13.907623,11.223785,1007.0494,1.5012831917441703e-08,43,2025-10-31,68,32.18694872979176
2025-08-23 05:00:00,53.5,-1.0,0,0001,1.0,MARINE,12.716217,11.431549,1016.5538,1.518395674008722e-08,43,2025-10-31,68,7.8024838150688325
2025-08-23 04:00:00,53.75,-1.0,0,0001,1.0,MARINE,12.751373,11.334869,1020.1025,1.457055328243014e-08,43,2025-10-31,68,25.81877566000742
2025-08-23 03:00:00,53.5,-1.0,0,0001,1.0,MARINE,12.520172,11.141022,1016.7381,1.569467505957429e-08,43,2025-10-31,68,7.8024838150688325
2025-08-23 02:00:00,53.5,-1.0,0,0001,1.0,MARINE,12.9652405,11.128082,1016.67126,1.595003421931783e-08,43,2025-10-31,68,7.8024838150688325
2025-08-23 01:00:00,53.75,-1.25,0,0001,1.0,MARINE,14.2899475,10.162506,1017.90375,1.698590279310615e-08,43,2025-10-31,68,26.485998926743324
2025-09-29 18:00:00,53.19999999999992,-0.7000000000000116,0,0001,1.0,LAND,14.473785,6.5558167,1020.71936,1.3378703034306639e-08,43,2025-10-31,31,45.36678314882672
2025-09-29 18:00:00,53.29999999999992,-0.8000000000000116,0,0001,1.0,LAND,14.491364,6.421051,1021.0494,1.4117408686509398e-08,43,2025-10-31,31,32.49905221251068
2025-09-29 18:00:00,53.59999999999992,-1.3000000000000118,0,0001,1.0,LAND,13.731598,7.454254,1018.1294,1.8020529068962092e-08,43,2025-10-31,31,15.005259836598443
2025-09-29 17:00:00,53.59999999999992,-1.500000000000012,0,0001,1.0,LAND,13.801178,8.021149,1015.09314,1.6560430212326618e-08,43,2025-10-31,31,27.073001329120384
2025-09-29 17:00:00,53.699999999999925,-1.500000000000012,0,0001,1.0,LAND,13.8714905,8.866852,1018.3831,1.6673299782499157e-08,43,2025-10-31,31,32.180808972750725
2025-09-29 17:00:00,53.799999999999926,-0.8000000000000116,0,0001,1.0,LAND,14.654694,7.2066956,1023.60315,1.1177319551396636e-08,43,2025-10-31,31,36.55153599938816
2025-09-05 21:00:00,53.89999999999993,-1.3000000000000118,0,0001,1.0,LAND,14.310699,10.698151,1012.31,1.3129912865284915e-08,43,2025-10-31,55,43.3427439918391
2025-09-05 21:00:00,53.89999999999993,-1.2000000000000117,0,0001,1.0,LAND,14.506012,10.700104,1013.92,1.2517480219021979e-08,43,2025-10-31,55,41.909661566772265
2025-09-05 21:00:00,53.799999999999926,-1.400000000000012,0,0001,1.0,LAND,14.357574,10.8993225,1012.1,1.4452065377757656e-08,43,2025-10-31,55,35.90885241253711
2025-09-05 23:00:00,53.19999999999992,-1.500000000000012,0,0001,1.0,LAND,13.967926,9.943024,1001.4437,1.2406240636660571e-08,43,2025-10-31,55,44.66730251350125
2025-09-05 22:00:00,53.19999999999992,-1.600000000000012,0,0001,1.0,LAND,14.24234,9.839874,997.45685,1.0999448093092964e-08,43,2025-10-31,55,48.82155093369061
2025-09-20 12:00:00,53.89999999999993,-0.7000000000000116,0,0001,1.0,LAND,15.698151,13.857086,999.45624,9.458212990586385e-09,43,2025-10-31,40,49.44408215235479
2025-09-29 18:00:00,53.75,-0.75,0,0001,1.0,MARINE,14.952057,8.2291565,1023.9675,1.2276074545791939e-08,43,2025-10-31,31,34.277811641340456
2025-09-29 19:00:00,53.25,-0.75,0,0001,1.0,MARINE,14.776764,7.591339,1022.635,1.4897113393558337e-08,43,2025-10-31,31,38.92399541940708
2025-09-05 21:00:00,53.25,-1.5,0,0001,1.0,MARINE,13.147125,9.626984,997.8331,1.1958398254268938e-08,43,2025-10-31,55,40.26184399702725
2025-09-04 11:00:00,53.75,-1.5,0,0001,1.0,MARINE,16.120758,11.421417,991.04065,9.038608965450438e-09,43,2025-10-31,56,35.77240315852299
2025-10-17 12:00:00,53.699999999999925,-1.600000000000012,0,0001,1.0,LAND,11.033112,6.4388733,1018.1669,1.2161438078806317e-08,43,2025-10-31,13,37.67537230572803
2025-10-17 12:00:00,53.099999999999916,-1.3000000000000118,0,0001,1.0,LAND,12.275299,6.9271545,1008.96686,1.4790531466246704e-08,43,2025-10-31,13,49.14417537159415
2025-10-17 13:00:00,53.59999999999992,-1.500000000000012,0,0001,1.0,LAND,11.527008,6.5538635,1017.13873,1.333873256292868e-08,43,2025-10-31,13,27.073001329120384
2025-10-17 13:00:00,53.49999999999992,-1.500000000000012,0,0001,1.0,LAND,11.542633,6.5851135,1009.8088,1.3423086642205862e-08,43,2025-10-31,13,26.030274934191596
2025-10-17 14:00:00,53.699999999999925,-1.600000000000012,0,0001,1.0,LAND,11.449005,6.422516,1017.52313,1.3614145366603242e-08,43,2025-10-31,13,37.67537230572803
2025-10-17 15:00:00,53.699999999999925,-1.7000000000000122,0,0001,1.0,LAND,11.287018,6.2018127,1011.4963,1.4649183727178382e-08,43,2025-10-31,13,43.477415189606404
2025-10-13 10:00:00,53.89999999999993,-1.500000000000012,0,0001,1.0,LAND,11.64798,10.86441,1018.92377,2.0337339331117545e-08,43,2025-10-31,17,48.813658217151925
2025-10-11 18:00:00,53.29999999999992,-1.0000000000000115,0,0001,1.0,LAND,13.763092,8.935211,1025.4694,1.4670301723418805e-08,43,2025-10-31,19,26.25037134115254
2025-10-12 09:00:00,53.59999999999992,-1.8000000000000123,0,0001,1.0,LAND,8.38028,8.092072,1003.5144,2.016236999580178e-08,43,2025-10-31,18,46.355739959641284
2025-10-14 03:00:00,53.59999999999992,-0.9000000000000116,0,0001,1.0,LAND,11.1371155,10.862701,1029.6294,2.811372823430105e-08,43,2025-10-31,16,16.010987287374235
2025-10-14 03:00:00,53.49999999999992,-0.9000000000000116,0,0001,1.0,LAND,11.146881,10.825592,1028.3694,2.6537285036097523e-08,43,2025-10-31,16,14.136906096541866
2025-10-14 02:00:00,53.59999999999992,-1.8000000000000123,0,0001,1.0,LAND,10.632477,10.528229,1001.0037,3.9332201791823226e-08,43,2025-10-31,16,46.355739959641284
2025-10-14 01:00:00,53.699999999999925,-1.8000000000000123,0,0001,1.0,LAND,10.702789,10.522369,1009.1206,4.0572612861981614e-08,43,2025-10-31,16,49.47887828325018
2025-10-13 23:00:00,53.699999999999925,-1.8000000000000123,0,0001,1.0,LAND,11.1979065,10.828766,1009.3325,3.978757157074855e-08,43,2025-10-31,17,49.47887828325018
2025-10-14 00:00:00,53.699999999999925,-1.8000000000000123,0,0001,1.0,LAND,10.923492,10.668854,1009.22687,4.194782965427651e-08,43,2025-10-31,17,49.47887828325018
2025-10-16 10:00:00,53.75,-1.25,0,0001,1.0,MARINE,11.559235,7.2850647,1026.88,9.134663039866907e-09,43,2025-10-31,14,26.485998926743324
2025-10-16 09:00:00,53.5,-1.75,0,0001,1.0,MARINE,9.22818,7.5951233,998.7925,9.658803305778698e-09,43,2025-10-31,14,42.49285016151387
2025-10-13 04:00:00,53.75,-1.25,0,0001,1.0,MARINE,10.140778,10.109283,1028.7963,2.27830636578828e-08,43,2025-10-31,17,26.485998926743324
2025-10-13 02:00:00,53.75,-0.5,0,0001,1.0,MARINE,11.304352,11.299957,1028.2562,2.2507712730638738e-08,43,2025-10-31,17,47.186644780924475
2025-10-13 05:00:00,53.5,-1.25,0,0001,1.0,MARINE,9.968414,9.941071,1020.40314,1.9692173484445847e-08,43,2025-10-31,17,9.797192127664442
2025-02-28 09:00:00,53.59999999999992,-2.1000000000000125,0,0001,1.0,LAND,1.3207092,1.1146545,1002.7969,1.1871544969287925e-08,44,2025-05-29,89,45.25924201640559
2025-02-28 08:00:00,53.59999999999992,-2.1000000000000125,0,0001,1.0,LAND,0.16519165,0.018951416,1002.40375,1.216216475678237e-08,44,2025-05-29,89,45.25924201640559
2025-02-28 08:00:00,53.699999999999925,-2.1000000000000125,0,0001,1.0,LAND,-0.6609802,-0.8951111,990.6337,1.0727108127700127e-08,44,2025-05-29,89,44.953803636084956
2025-03-20 07:00:00,53.59999999999992,-1.8000000000000123,0,0001,1.0,LAND,3.79776,-0.66586304,990.5087,2.351394849201745e-08,44,2025-05-29,69,25.8489627863537
2025-03-20 06:00:00,53.699999999999925,-0.7000000000000116,0,0001,1.0,LAND,2.903717,1.7286682,1018.15564,2.1661899163306255e-08,44,2025-05-29,69,47.69614002929316
2025-03-20 06:00:00,53.699999999999925,-1.9000000000000123,0,0001,1.0,LAND,3.3607483,0.07632446,990.1456,2.5275028819882708e-08,44,2025-05-29,69,31.87664325719726
2025-03-20 05:00:00,53.699999999999925,-1.9000000000000123,0,0001,1.0,LAND,3.3990784,0.09951782,990.1844,2.7244555014794304e-08,44,2025-05-29,69,31.87664325719726
2025-03-20 05:00:00,53.799999999999926,-0.8000000000000116,0,0001,1.0,LAND,3.1080627,2.163971,1019.64435,2.3177962253189357e-08,44,2025-05-29,69,43.74238272252303
2025-03-20 04:00:00,53.699999999999925,-2.0000000000000124,0,0001,1.0,LAND,3.8663635,0.2731018,986.2594,2.9369839005256378e-08,44,2025-05-29,69,38.407128240134
2025-03-31 04:00:00,53.699999999999925,-2.1000000000000125,0,0001,1.0,LAND,2.1903381,1.7635803,989.58374,1.3044091103550124e-08,44,2025-05-29,58,44.953803636084956
2025-03-25 20:00:00,53.29999999999992,-1.0000000000000115,0,0001,1.0,LAND,10.19754,8.029938,1015.97815,1.5486577205811135e-08,44,2025-05-29,64,48.69598659236241
2025-03-25 20:00:00,53.39999999999992,-1.0000000000000115,0,0001,1.0,LAND,10.205353,8.045563,1017.3081,1.491220362008083e-08,44,2025-05-29,64,40.06014833733022
2025-03-25 19:00:00,53.49999999999992,-1.1000000000000116,0,0001,1.0,LAND,10.900177,8.456451,1016.83124,1.352243457949032e-08,44,2025-05-29,64,27.609911970648533
2025-03-25 19:00:00,53.59999999999992,-1.1000000000000116,0,0001,1.0,LAND,11.113068,9.077545,1018.67126,1.3243304601100024e-08,44,2025-05-29,64,22.162048452287326
2025-03-15 23:00:00,53.89999999999993,-1.9000000000000123,0,0001,1.0,LAND,2.8614807,0.546051,1002.3425,2.2651712068557193e-08,44,2025-05-29,74,41.323546836869674
2025-03-15 22:00:00,53.99999999999993,-1.7000000000000122,0,0001,1.0,LAND,3.5040588,0.9034729,1002.47,2.210778432543201e-08,44,2025-05-29,74,42.086715076778226
2025-03-20 05:00:00,53.75,-2.0,0,0001,1.0,MARINE,2.7731018,-0.5501404,991.3694,2.692429801332015e-08,44,2025-05-29,69,39.42980356550597
2025-03-19 22:00:00,53.25,-1.25,0,0001,1.0,MARINE,5.27652,1.7997131,1006.7294,2.726716297890511e-08,44,2025-05-29,70,46.88955629859514
2025-03-19 22:00:00,53.75,-2.0,0,0001,1.0,MARINE,4.917145,0.35440063,991.9294,3.324159941753305e-08,44,2025-05-29,70,39.42980356550597
2025-03-25 20:00:00,53.5,-1.0,0,0001,1.0,MARINE,10.074249,7.884186,1020.12,1.4337830034350089e-08,44,2025-05-29,64,32.9486954438008
2025-03-25 18:00:00,53.75,-1.25,0,0001,1.0,MARINE,12.757599,8.515045,1019.9425,1.258747647780994e-08,44,2025-05-29,64,15.114810320194577
2025-04-29 05:00:00,53.59999999999992,-1.7000000000000122,0,0001,1.0,LAND,11.16629,8.506378,1003.3756,2.2141595038917882e-08,44,2025-05-29,29,19.544976601474474
2025-04-29 05:00:00,53.59999999999992,-1.600000000000012,0,0001,1.0,LAND,11.361603,8.846222,1011.6956,2.140801358407715e-08,44,2025-05-29,29,13.520406689456475
2025-04-29 03:00:00,53.49999999999992,-1.600000000000012,0,0001,1.0,LAND,11.655182,8.584137,1001.1844,2.1224196844469566e-08,44,2025-05-29,29,21.28902064185472
2025-04-29 02:00:00,53.49999999999992,-1.500000000000012,0,0001,1.0,LAND,12.489655,9.136871,1010.27936,2.0864357389940205e-08,44,2025-05-29,29,18.458343867707388
2025-04-11 20:00:00,53.699999999999925,-1.8000000000000123,0,0001,1.0,LAND,13.681305,8.874908,996.13,2.3232779107947572e-08,44,2025-05-29,47,25.374869972047733
2025-04-11 21:00:00,53.89999999999993,-1.9000000000000123,0,0001,1.0,LAND,12.044586,8.080719,994.16376,2.670218968159367e-08,44,2025-05-29,47,41.323546836869674
2025-04-11 15:00:00,53.39999999999992,-1.2000000000000117,0,0001,1.0,LAND,19.058502,8.6979065,1010.03687,1.0647170922695226e-08,44,2025-05-29,47,32.31161779119053
2025-04-11 15:00:00,53.29999999999992,-1.3000000000000118,0,0001,1.0,LAND,18.935455,8.656891,1006.5469,1.0725594301597058e-08,44,2025-05-29,47,40.73722254215111
2025-04-11 16:00:00,53.29999999999992,-1.500000000000012,0,0001,1.0,LAND,18.457672,8.677399,1002.16815,1.1663242297880169e-08,44,2025-05-29,47,40.28498046409218
2025-04-11 19:00:00,53.699999999999925,-1.600000000000012,0,0001,1.0,LAND,16.246002,9.200592,1008.89813,1.810559309885614e-08,44,2025-05-29,47,12.635914912215963
2025-04-11 19:00:00,53.59999999999992,-1.7000000000000122,0,0001,1.0,LAND,15.312408,9.214264,994.6781,1.92038587994614e-08,44,2025-05-29,47,19.544976601474474
2025-04-15 05:00:00,53.699999999999925,-1.2000000000000117,0,0001,1.0,LAND,6.9527893,5.5523987,991.82935,9.686361157612743e-09,44,2025-05-29,43,15.2401095850449
2025-04-15 05:00:00,53.59999999999992,-1.2000000000000117,0,0001,1.0,LAND,7.058258,5.5641174,990.9894,9.849740245648892e-09,44,2025-05-29,43,15.986505902663986
2025-04-29 06:00:00,53.5,-1.5,0,0001,1.0,MARINE,10.83609,9.20816,1007.1375,1.7979756905539238e-08,44,2025-05-29,29,18.45834386769883
2025-04-29 06:00:00,53.75,-1.5,0,0001,1.0,MARINE,10.400543,9.323395,1014.9775,1.9578389409691298e-08,44,2025-05-29,29,11.357100197582795
2025-04-29 05:00:00,53.25,-1.5,0,0001,1.0,MARINE,9.042877,6.6384583,1003.46,1.4721059787836302e-08,44,2025-05-29,29,45.80366591317026
2025-04-29 04:00:00,53.25,-1.5,0,0001,1.0,MARINE,9.351959,6.644928,1003.35876,1.5294642441432035e-08,44,2025-05-29,29,45.80366591317026
2025-04-29 03:00:00,53.25,-1.5,0,0001,1.0,MARINE,10.098297,6.7833557,1003.4794,1.5868225095027765e-08,44,2025-05-29,29,45.80366591317026
2025-04-08 05:00:00,53.75,-1.75,0,0001,1.0,MARINE,1.9842834,0.8910217,1002.20435,9.630774099508009e-09,44,2025-05-29,50,23.897060909760512
2025-04-11 13:00:00,53.5,-1.0,0,0001,1.0,MARINE,19.681305,6.476959,1017.365,9.570962864839194e-09,44,2025-05-29,47,32.9486954438008
2025-04-11 19:00:00,53.5,-1.75,0,0001,1.0,MARINE,16.259186,7.0052795,987.60565,1.9006288098921518e-08,44,2025-05-29,47,28.0254027576062
2025-04-11 19:00:00,53.75,-1.75,0,0001,1.0,MARINE,14.854889,6.1478577,992.33563,2.0845861953278092e-08,44,2025-05-29,47,23.897060909760512
2025-04-11 18:00:00,53.5,-1.5,0,0001,1.0,MARINE,18.358551,8.327301,998.3025,1.4428700456647808e-08,44,2025-05-29,47,18.45834386769883
2025-04-11 18:00:00,53.75,-1.5,0,0001,1.0,MARINE,18.399567,8.563629,1005.9825,1.605477417676573e-08,44,2025-05-29,47,11.357100197582795
2025-04-11 17:00:00,53.5,-1.5,0,0001,1.0,MARINE,19.47525,6.2225647,998.70874,1.3434150717787376e-08,44,2025-05-29,47,18.45834386769883
2025-04-11 16:00:00,53.25,-1.25,0,0001,1.0,MARINE,20.372711,6.3885803,1005.09186,1.1346906803044723e-08,44,2025-05-29,47,46.88955629859514
2025-05-20 22:00:00,53.699999999999925,-0.9000000000000116,0,0001,1.0,LAND,13.665924,7.854889,1017.4494,1.4218439795913804e-08,44,2025-05-29,8,34.60643893058696
2025-05-23 17:00:00,53.59999999999992,-0.7000000000000116,0,0001,1.0,LAND,16.502594,3.2294006,1014.29126,9.038920982066758e-09,44,2025-05-29,5,47.99041179395519
2025-05-07 05:00:00,53.39999999999992,-1.2000000000000117,0,0001,1.0,LAND,5.625641,4.3544006,1015.28125,1.0701014074855379e-08,44,2025-05-29,21,32.31161779119053
2025-05-07 05:00:00,53.39999999999992,-1.3000000000000118,0,0001,1.0,LAND,5.9147034,4.4637756,1014.9913,1.2995815331281905e-08,44,2025-05-29,21,29.91166404888174
2025-05-07 00:00:00,53.39999999999992,-1.9000000000000123,0,0001,1.0,LAND,7.7669983,4.716095,986.33624,1.9165391496043897e-08,44,2025-05-29,22,42.81914592224143
2025-05-07 00:00:00,53.49999999999992,-2.0000000000000124,0,0001,1.0,LAND,8.183014,5.2219543,999.09625,1.906388558125926e-08,44,2025-05-29,22,42.12965766846558
2025-05-06 23:00:00,53.39999999999992,-1.8000000000000123,0,0001,1.0,LAND,8.4166565,4.685089,985.9519,1.917991025261128e-08,44,2025-05-29,22,38.19153676818086
2025-05-06 23:00:00,53.49999999999992,-1.9000000000000123,0,0001,1.0,LAND,8.485016,4.837433,986.40186,1.921773128595356e-08,44,2025-05-29,22,36.24558027681504
2025-05-07 01:00:00,53.49999999999992,-2.1000000000000125,0,0001,1.0,LAND,7.942169,5.622589,1009.3931,1.701685056754036e-08,44,2025-05-29,21,48.199955214461426
2025-05-07 01:00:00,53.39999999999992,-2.0000000000000124,0,0001,1.0,LAND,7.3679504,4.946808,997.8931,1.7728891095931025e-08,44,2025-05-29,21,47.91381063290761
2025-05-02 22:00:00,53.39999999999992,-1.400000000000012,0,0001,1.0,LAND,12.051666,6.5697327,1004.925,9.450484765120182e-09,44,2025-05-29,26,28.857316445429653
2025-05-02 21:00:00,53.49999999999992,-1.500000000000012,0,0001,1.0,LAND,12.301666,6.7919006,1000.6344,9.029372832758118e-09,44,2025-05-29,26,18.458343867707388
2025-05-02 23:00:00,53.29999999999992,-1.3000000000000118,0,0001,1.0,LAND,11.048004,6.621002,1003.17065,1.0241236682769318e-08,44,2025-05-29,26,40.73722254215111
2025-05-07 01:00:00,53.75,-2.0,0,0001,1.0,MARINE,5.1732483,3.7059631,996.71875,1.8975792344851565e-08,44,2025-05-29,21,39.42980356550597
2025-01-11 21:00:00,55.899999999999956,-3.700000000000014,0,0001,1.0,LAND,0.26724243,-1.7889099,1010.585,1.7907067533654392e-08,45,2025-02-07,26,5.668104777270863
2025-01-11 21:00:00,55.899999999999956,-3.800000000000014,0,0001,1.0,LAND,0.26724243,-1.5916443,1010.935,1.7731191355450024e-08,45,2025-02-07,26,11.90182123169655
2025-01-10 09:00:00,55.899999999999956,-3.600000000000014,0,0001,1.0,LAND,-3.3694763,-4.6802673,997.96063,1.6796655191716968e-08,45,2025-02-07,27,0.5736179329382576
2025-01-10 02:00:00,55.899999999999956,-3.800000000000014,0,0001,1.0,LAND,-2.4744568,-4.9529724,995.0062,1.1387733288754554e-08,45,2025-02-07,27,11.90182123169655
2025-01-10 10:00:00,56.0,-3.5,0,0001,1.0,MARINE,-3.2181091,-4.6126404,1007.3025,2.072518208902773e-08,45,2025-02-07,27,13.105740217046739
2025-01-11 21:00:00,56.0,-3.75,0,0001,1.0,MARINE,-0.10775757,-0.91342163,1017.84375,2.1751685175263575e-08,45,2025-02-07,26,14.233652081467797
2025-01-11 20:00:00,56.25,-3.5,0,0001,1.0,MARINE,-1.2996521,-1.9444275,1016.6238,1.6915470524292636e-08,45,2025-02-07,26,39.59030975102627
2025-04-26 11:00:00,50.999999999999886,-2.9000000000000132,0,0001,1.0,LAND,13.550446,8.110626,1017.1188,2.7170237800373804e-08,46,2025-07-06,70,45.30305787548282
2025-04-26 12:00:00,50.999999999999886,-2.800000000000013,0,0001,1.0,LAND,14.31778,7.7499084,1018.40063,2.8266022411570755e-08,46,2025-07-06,70,44.266613532138614
2025-04-28 06:00:00,51.699999999999896,-2.700000000000013,0,0001,1.0,LAND,7.802887,7.33902,1016.53375,9.068268025381554e-09,46,2025-07-06,68,33.893359013517376
2025-04-10 20:00:00,51.49999999999989,-2.700000000000013,0,0001,1.0,LAND,12.236725,5.86026,1021.675,1.9103008073542575e-08,46,2025-07-06,86,12.049736000861197
2025-04-10 21:00:00,51.49999999999989,-2.600000000000013,0,0001,1.0,LAND,11.151276,5.8299866,1020.02374,2.040111550527411e-08,46,2025-07-06,86,15.667108675008832
2025-04-10 22:00:00,51.49999999999989,-2.600000000000013,0,0001,1.0,LAND,10.244293,5.7999573,1019.8881,2.1833527014124443e-08,46,2025-07-06,86,15.667108675008832
2025-04-10 23:00:00,51.49999999999989,-2.600000000000013,0,0001,1.0,LAND,9.486969,5.829132,1019.6719,2.326593852297477e-08,46,2025-07-06,86,15.667108675008832
2025-04-10 23:00:00,51.39999999999989,-2.600000000000013,0,0001,1.0,LAND,9.395172,5.5674133,1011.9519,2.2286347702477567e-08,46,2025-07-06,86,10.715669127772866
2025-04-10 23:00:00,51.29999999999989,-2.400000000000013,0,0001,1.0,LAND,9.238922,5.1787415,1012.9319,2.1192705997503095e-08,46,2025-07-06,86,26.875283717819368
2025-04-10 23:00:00,51.19999999999989,-2.400000000000013,0,0001,1.0,LAND,8.893219,5.12796,1012.16187,2.0251067970691438e-08,46,2025-07-06,86,32.97407104941272
2025-04-10 23:00:00,51.19999999999989,-2.3000000000000127,0,0001,1.0,LAND,8.774078,5.063507,1013.64185,1.9709712121654402e-08,46,2025-07-06,86,38.44787116574186
2025-04-11 06:00:00,51.39999999999989,-2.3000000000000127,0,0001,1.0,LAND,5.9667053,4.4239807,1013.8269,1.507348668106031e-08,46,2025-07-06,85,31.52469461965161
2025-04-11 07:00:00,51.599999999999895,-2.500000000000013,0,0001,1.0,LAND,6.553253,5.832794,1018.0,1.507455515969915e-08,46,2025-07-06,85,28.62261364741504
2025-04-11 07:00:00,51.599999999999895,-2.400000000000013,0,0001,1.0,LAND,6.5278625,5.7605286,1014.85,1.5200477099241312e-08,46,2025-07-06,85,33.33114841730836
2025-04-11 07:00:00,51.49999999999989,-2.3000000000000127,0,0001,1.0,LAND,6.7583313,5.5417786,1011.51,1.4232451828188393e-08,46,2025-07-06,85,33.503977105614
2025-04-11 07:00:00,51.39999999999989,-2.2000000000000126,0,0001,1.0,LAND,6.8872375,5.364044,1015.1,1.3387161749515096e-08,46,2025-07-06,85,38.46179682356217
2025-04-10 23:00:00,51.19999999999989,-2.2000000000000126,0,0001,1.0,LAND,8.656891,4.999054,1012.9319,1.916835627261727e-08,46,2025-07-06,86,44.33805587337617
2025-04-11 00:00:00,51.699999999999896,-2.400000000000013,0,0001,1.0,LAND,8.8680725,5.7224426,1017.40436,2.493387896152026e-08,46,2025-07-06,86,41.65449549254853
2025-04-11 00:00:00,51.599999999999895,-2.500000000000013,0,0001,1.0,LAND,8.981354,5.9704895,1020.15436,2.5648269286192305e-08,46,2025-07-06,86,28.62261364741504
2025-04-11 00:00:00,51.599999999999895,-2.400000000000013,0,0001,1.0,LAND,9.032135,5.7966614,1017.0444,2.5548203552715236e-08,46,2025-07-06,86,33.33114841730836
2025-04-11 00:00:00,51.599999999999895,-2.3000000000000127,0,0001,1.0,LAND,9.053619,5.5173645,1013.34436,2.4439630763594256e-08,46,2025-07-06,86,38.71060331548481
2025-04-11 00:00:00,51.29999999999989,-2.1000000000000125,0,0001,1.0,LAND,8.248932,4.8923645,1016.40436,2.0386403232208022e-08,46,2025-07-06,86,46.71159618509348
2025-04-11 05:00:00,51.39999999999989,-2.3000000000000127,0,0001,1.0,LAND,6.221344,4.479889,1014.3119,1.634126482278645e-08,46,2025-07-06,85,31.52469461965161
2025-04-11 01:00:00,51.699999999999896,-2.400000000000013,0,0001,1.0,LAND,8.287506,5.7340393,1017.22186,2.3466785255740626e-08,46,2025-07-06,85,41.65449549254853
2025-04-11 01:00:00,51.699999999999896,-2.3000000000000127,0,0001,1.0,LAND,8.305084,5.3961487,1015.09186,2.2804393429165958e-08,46,2025-07-06,85,46.062884758998365
2025-04-11 01:00:00,51.599999999999895,-2.500000000000013,0,0001,1.0,LAND,8.547272,6.0934143,1019.96185,2.4137738696693285e-08,46,2025-07-06,85,28.62261364741504
2025-04-11 04:00:00,51.39999999999989,-2.3000000000000127,0,0001,1.0,LAND,6.570709,4.608307,1014.39874,1.7609042964512595e-08,46,2025-07-06,85,31.52469461965161
2025-04-24 21:00:00,51.25,-2.25,0,0001,1.0,MARINE,9.81192,7.8544006,1009.35876,1.680215181570963e-08,46,2025-07-06,72,38.6765457151513
2025-04-28 00:00:00,51.25,-3.25,0,0001,1.0,MARINE,10.58609,9.094391,1022.08563,1.6168871685984173e-08,46,2025-07-06,69,38.124539403971276
2025-04-28 04:00:00,51.5,-3.25,0,0001,1.0,MARINE,7.207184,6.4950256,1014.1362,1.2460788697173518e-08,46,2025-07-06,68,36.201768090263315
2025-04-28 05:00:00,51.5,-3.25,0,0001,1.0,MARINE,6.79776,6.174713,1014.40686,1.1440803841337504e-08,46,2025-07-06,68,36.201768090263315
2025-04-11 07:00:00,51.0,-2.75,0,0001,1.0,MARINE,5.2569885,4.217682,1014.72626,1.3048506812089261e-08,46,2025-07-06,85,44.1534514429704
2025-04-11 07:00:00,51.0,-3.0,0,0001,1.0,MARINE,5.7530823,3.9735413,1015.0062,1.2935079674036801e-08,46,2025-07-06,85,47.352902528921966
2025-04-11 06:00:00,51.0,-3.0,0,0001,1.0,MARINE,4.273102,2.3319397,1015.1825,1.3906737095226075e-08,46,2025-07-06,85,47.352902528921966
2025-04-10 19:00:00,51.5,-2.75,0,0001,1.0,MARINE,14.009186,4.771881,1018.7406,1.7757411523849697e-08,46,2025-07-06,86,11.44911392965121
2025-04-10 19:00:00,51.5,-3.0,0,0001,1.0,MARINE,13.757233,5.2445374,1020.65063,1.8151702058099916e-08,46,2025-07-06,86,20.51058266326288
2025-04-10 18:00:00,51.5,-3.0,0,0001,1.0,MARINE,14.647614,4.2169495,1020.78687,1.668067745042004e-08,46,2025-07-06,86,20.51058266326288
2025-05-22 03:00:00,51.49999999999989,-2.3000000000000127,0,0001,1.0,LAND,10.195709,7.855377,1004.73,1.6201964506136137e-08,46,2025-07-06,44,33.503977105614
2025-05-22 03:00:00,51.49999999999989,-2.400000000000013,0,0001,1.0,LAND,10.601959,8.880768,1006.59,1.6442372130499132e-08,46,2025-07-06,44,27.094629016390282
2025-05-23 03:00:00,51.699999999999896,-3.1000000000000134,0,0001,1.0,LAND,10.611969,5.37442,993.8094,1.7856289044605414e-08,46,2025-07-06,43,41.300264120823705
2025-05-23 03:00:00,51.699999999999896,-3.2000000000000135,0,0001,1.0,LAND,10.309235,5.274811,989.83936,1.8641451715596287e-08,46,2025-07-06,43,45.65094197186482
2025-05-02 02:00:00,51.49999999999989,-3.3000000000000136,0,0001,1.0,LAND,12.169586,10.7430725,1004.5925,1.0522829330115791e-08,46,2025-07-06,64,39.50415032372328
2025-05-02 02:00:00,51.49999999999989,-3.4000000000000137,0,0001,1.0,LAND,12.198883,11.002838,1002.7525,1.1330746766770713e-08,46,2025-07-06,64,46.18040564794907
2025-05-02 01:00:00,51.49999999999989,-3.4000000000000137,0,0001,1.0,LAND,13.005524,11.38736,1002.605,1.1168611859418816e-08,46,2025-07-06,64,46.18040564794907
2025-05-07 16:00:00,51.49999999999989,-3.3000000000000136,0,0001,1.0,LAND,15.899567,7.303131,1011.6294,1.7186417067271654e-08,46,2025-07-06,59,39.50415032372328
2025-05-11 22:00:00,51.7999999999999,-3.0000000000000133,0,0001,1.0,LAND,14.544342,11.556305,985.1169,1.930886058450794e-08,46,2025-07-06,55,47.90765815915599
2025-05-13 21:00:00,51.29999999999989,-2.600000000000013,0,0001,1.0,LAND,15.032623,13.507477,1000.0925,1.6286693826919306e-08,46,2025-07-06,53,15.214428570333906
2025-05-13 20:00:00,51.09999999999989,-2.9000000000000132,0,0001,1.0,LAND,16.757965,12.117828,1017.825,1.7090197257372158e-08,46,2025-07-06,53,34.55261788740996
2025-05-13 20:00:00,51.699999999999896,-2.9000000000000132,0,0001,1.0,LAND,17.363434,11.551422,1005.045,1.0944144479554468e-08,46,2025-07-06,53,35.15662198892453
2025-05-13 20:00:00,51.7999999999999,-3.0000000000000133,0,0001,1.0,LAND,16.769684,10.569,994.055,9.825484870165266e-09,46,2025-07-06,53,47.90765815915599
2025-05-13 21:00:00,51.39999999999989,-2.600000000000013,0,0001,1.0,LAND,15.37442,13.644196,1003.5725,1.460776399842232e-08,46,2025-07-06,53,10.715669127772866
2025-05-07 19:00:00,51.49999999999989,-3.3000000000000136,0,0001,1.0,LAND,14.828033,9.104523,1010.76935,1.3984382263298584e-08,46,2025-07-06,59,39.50415032372328
2025-05-07 19:00:00,51.49999999999989,-3.4000000000000137,0,0001,1.0,LAND,14.70694,9.319366,1008.9894,1.4796569784240016e-08,46,2025-07-06,59,46.18040564794907
2025-05-07 17:00:00,51.49999999999989,-3.3000000000000136,0,0001,1.0,LAND,15.656158,7.1893616,1011.3794,1.6119072132613963e-08,46,2025-07-06,59,39.50415032372328
2025-05-07 17:00:00,51.49999999999989,-3.4000000000000137,0,0001,1.0,LAND,15.484283,7.5467834,1009.6194,1.6855027114755335e-08,46,2025-07-06,59,46.18040564794907
2025-05-07 18:00:00,51.49999999999989,-3.3000000000000136,0,0001,1.0,LAND,15.18692,7.471222,1011.27814,1.5051727197956275e-08,46,2025-07-06,59,39.50415032372328
2025-05-13 20:00:00,51.25,-2.25,0,0001,1.0,MARINE,15.937164,12.756256,1004.90063,1.414628436150894e-08,46,2025-07-06,53,38.6765457151513
2025-05-22 23:00:00,51.75,-2.5,0,0001,1.0,MARINE,10.944244,6.3561096,1012.395,9.885902609261738e-09,46,2025-07-06,44,43.001703652785906
2025-05-11 19:00:00,51.5,-2.75,0,0001,1.0,MARINE,17.910797,12.17569,999.16,1.4880858249336655e-08,46,2025-07-06,55,11.44911392965121
2025-06-30 04:00:00,51.699999999999896,-3.0000000000000133,0,0001,1.0,LAND,15.9027405,15.108551,1001.95874,9.534794287447398e-09,46,2025-07-06,5,37.72317805628874
2025-06-30 00:00:00,51.699999999999896,-2.600000000000013,0,0001,1.0,LAND,18.403229,15.819244,1012.0737,1.582636999231236e-08,46,2025-07-06,6,35.33527637819741
2025-06-10 21:00:00,51.699999999999896,-2.3000000000000127,0,0001,1.0,LAND,16.672028,11.8697815,1008.1869,1.9866681882918517e-08,46,2025-07-06,25,46.062884758998365
2025-06-10 21:00:00,51.7999999999999,-2.500000000000013,0,0001,1.0,LAND,17.131012,10.899078,1008.9469,1.954161099604314e-08,46,2025-07-06,25,48.12573967803977
2025-06-10 22:00:00,51.699999999999896,-2.500000000000013,0,0001,1.0,LAND,15.665924,11.681061,1011.0538,2.0255019365459563e-08,46,2025-07-06,25,38.00036335278067
2025-06-10 22:00:00,51.699999999999896,-2.3000000000000127,0,0001,1.0,LAND,15.679596,11.620514,1008.16376,2.0747144724442352e-08,46,2025-07-06,25,46.062884758998365
2025-06-10 23:00:00,51.599999999999895,-2.2000000000000126,0,0001,1.0,LAND,14.125397,12.101959,1005.205,2.2228071531550793e-08,46,2025-07-06,25,44.51841587118133
2025-06-10 23:00:00,51.699999999999896,-2.3000000000000127,0,0001,1.0,LAND,14.6527405,11.428131,1008.535,2.1627607565966184e-08,46,2025-07-06,25,46.062884758998365
2025-06-10 22:00:00,51.699999999999896,-2.400000000000013,0,0001,1.0,LAND,15.677643,11.688873,1010.20374,2.0496001340575134e-08,46,2025-07-06,25,41.65449549254853
2025-06-11 00:00:00,51.599999999999895,-2.2000000000000126,0,0001,1.0,LAND,13.452301,11.842682,1005.41437,2.3211152111455187e-08,46,2025-07-06,25,44.51841587118133
2025-06-11 01:00:00,51.49999999999989,-2.3000000000000127,0,0001,1.0,LAND,13.246979,12.1336975,1007.0062,2.0091744925193316e-08,46,2025-07-06,24,33.503977105614
2025-06-11 01:00:00,51.49999999999989,-2.400000000000013,0,0001,1.0,LAND,13.371979,12.2274475,1008.79626,1.9676454724816796e-08,46,2025-07-06,24,27.094629016390282
2025-06-11 00:00:00,51.5,-2.25,0,0001,1.0,MARINE,12.486237,11.3854065,1007.45624,2.1321471754819942e-08,46,2025-07-06,25,36.77950226047245
2025-06-13 16:00:00,51.5,-3.0,0,0001,1.0,MARINE,19.973785,13.838043,1010.29,1.4831001167910628e-08,46,2025-07-06,22,20.51058266326288
2025-07-03 08:00:00,51.0,-2.5,0,0001,1.0,MARINE,16.945465,10.213898,1016.2725,9.020588794446764e-09,46,2025-07-06,2,47.577410919603636
2025-07-19 10:00:00,52.89999999999991,-1.600000000000012,0,0001,1.0,LAND,19.82022,16.473297,994.8631,1.1375556496772832e-08,47,2025-09-26,68,47.13365905718514
2025-07-19 11:00:00,52.999999999999915,-1.500000000000012,0,0001,1.0,LAND,19.587067,16.514557,993.25,1.192716545898365e-08,47,2025-09-26,68,35.93417015455097
2025-07-19 12:00:00,52.999999999999915,-1.600000000000012,0,0001,1.0,LAND,19.554352,16.407867,991.67126,1.196966614713755e-08,47,2025-09-26,68,42.14888706661329
2025-07-19 12:00:00,52.89999999999991,-1.500000000000012,0,0001,1.0,LAND,19.689117,16.607086,995.0513,1.1746901673603395e-08,47,2025-09-26,68,41.655655522387335
2025-07-19 08:00:00,52.89999999999991,-1.2000000000000117,0,0001,1.0,LAND,20.202301,15.992218,999.29565,1.1212291095574658e-08,47,2025-09-26,68,28.51376428455752
2025-07-19 07:00:00,53.49999999999992,-1.1000000000000116,0,0001,1.0,LAND,19.511383,16.551544,1000.195,1.0231466303819328e-08,47,2025-09-26,68,41.77245056787558
2025-07-19 07:00:00,53.39999999999992,-1.1000000000000116,0,0001,1.0,LAND,19.579742,16.432404,998.165,1.0485616967296863e-08,47,2025-09-26,68,30.822200165189873
2025-07-19 07:00:00,53.29999999999992,-1.2000000000000117,0,0001,1.0,LAND,19.277008,16.080841,993.835,1.0849616871589168e-08,47,2025-09-26,68,23.01214101346842
2025-07-19 07:00:00,53.29999999999992,-1.1000000000000116,0,0001,1.0,LAND,19.589508,16.170685,995.925,1.0739767630774397e-08,47,2025-09-26,68,20.05902726706944
2025-07-19 07:00:00,53.19999999999992,-1.2000000000000117,0,0001,1.0,LAND,19.068024,15.608185,988.825,1.1145108169685576e-08,47,2025-09-26,68,15.149218461466226
2025-07-19 08:00:00,52.999999999999915,-1.1000000000000116,0,0001,1.0,LAND,20.378082,15.652374,996.9456,1.1240200696131319e-08,47,2025-09-26,68,15.593305048701177
2025-07-21 11:00:00,53.099999999999916,-0.5000000000000117,0,0001,1.0,LAND,20.49002,12.249664,994.57623,9.87083044005433e-09,47,2025-09-26,66,33.95675614865418
2025-07-21 11:00:00,53.19999999999992,-0.5000000000000117,0,0001,1.0,LAND,20.607208,12.521149,996.1763,1.0044643117268355e-08,47,2025-09-26,66,34.69242531209501
2025-07-21 10:00:00,52.999999999999915,-0.6000000000000116,0,0001,1.0,LAND,19.520172,13.26004,993.26,9.625946928437484e-09,47,2025-09-26,66,30.694564070175197
2025-07-18 00:00:00,53.39999999999992,-0.6000000000000116,0,0001,1.0,LAND,19.406525,16.594269,1010.9494,1.674877947443938e-08,47,2025-09-26,70,40.52804209551887
2025-07-30 01:00:00,53.39999999999992,-1.0000000000000115,0,0001,1.0,LAND,15.525543,12.257599,1012.21375,1.606575876037864e-08,47,2025-09-26,57,30.1923526751975
2025-07-30 01:00:00,53.39999999999992,-0.9000000000000116,0,0001,1.0,LAND,15.597809,11.974396,1014.64374,1.5356998173121278e-08,47,2025-09-26,57,31.009915032476414
2025-07-30 01:00:00,53.29999999999992,-0.9000000000000116,0,0001,1.0,LAND,15.640778,11.74588,1013.53375,1.4886129190427515e-08,47,2025-09-26,57,20.346955923752162
2025-07-30 01:00:00,53.29999999999992,-0.8000000000000116,0,0001,1.0,LAND,15.607574,11.654083,1015.1838,1.407543774127098e-08,47,2025-09-26,57,23.512266845558237
2025-07-30 01:00:00,53.39999999999992,-1.500000000000012,0,0001,1.0,LAND,14.951324,13.531036,1002.01373,1.401378757481689e-08,47,2025-09-26,57,44.59135238134329
2025-07-24 22:00:00,53.099999999999916,-1.0000000000000115,0,0001,1.0,LAND,16.937653,13.812897,1008.45935,1.7125449539949213e-08,47,2025-09-26,63,3.1993768417262203
2025-07-24 22:00:00,52.999999999999915,-1.0000000000000115,0,0001,1.0,LAND,17.158356,13.963287,1012.40936,1.7151460918185723e-08,47,2025-09-26,63,14.295492199554191
2025-07-24 23:00:00,53.19999999999992,-0.3000000000000117,0,0001,1.0,LAND,15.498688,13.811432,1018.35187,1.2220472527431716e-08,47,2025-09-26,63,47.76809038764353
2025-07-24 21:00:00,53.49999999999992,-1.1000000000000116,0,0001,1.0,LAND,17.954376,14.086334,1013.22125,1.6689704479544647e-08,47,2025-09-26,63,41.77245056787558
2025-07-11 00:00:00,53.39999999999992,-1.1000000000000116,0,0001,1.0,LAND,18.623444,14.63382,1013.62,9.732431083266173e-09,47,2025-09-26,77,30.822200165189873
2025-07-11 00:00:00,53.29999999999992,-1.1000000000000116,0,0001,1.0,LAND,18.498444,14.428741,1011.38,1.1042408432084142e-08,47,2025-09-26,77,20.05902726706944
2025-07-11 01:00:00,53.29999999999992,-1.1000000000000116,0,0001,1.0,LAND,17.78482,14.193756,1010.91376,1.0442884978054645e-08,47,2025-09-26,76,20.05902726706944
2025-07-11 01:00:00,53.29999999999992,-1.0000000000000115,0,0001,1.0,LAND,18.343414,14.094147,1013.60376,9.570791488038657e-09,47,2025-09-26,76,19.074709528414065
2025-07-11 02:00:00,53.29999999999992,-1.0000000000000115,0,0001,1.0,LAND,17.619537,13.938873,1013.6675,9.079641251816368e-09,47,2025-09-26,76,19.074709528414065
2025-07-11 02:00:00,53.19999999999992,-1.1000000000000116,0,0001,1.0,LAND,17.32071,13.489655,1006.9975,1.0995659716072861e-08,47,2025-09-26,76,10.099865448611174
2025-07-11 03:00:00,53.099999999999916,-1.1000000000000116,0,0001,1.0,LAND,16.78775,13.092804,1006.5444,9.884623702882385e-09,47,2025-09-26,76,6.9954374102201475
2025-07-11 03:00:00,53.19999999999992,-1.1000000000000116,0,0001,1.0,LAND,16.69986,13.25296,1006.9344,1.0317296683659251e-08,47,2025-09-26,76,10.099865448611174
2025-07-11 04:00:00,52.999999999999915,-1.2000000000000117,0,0001,1.0,LAND,16.443756,13.606842,1010.8281,9.803873712854214e-09,47,2025-09-26,76,19.267508396760643
2025-07-11 03:00:00,52.999999999999915,-1.2000000000000117,0,0001,1.0,LAND,16.90689,13.770538,1010.8644,1.0521730486878174e-08,47,2025-09-26,76,19.267508396760643
2025-07-11 04:00:00,53.19999999999992,-1.1000000000000116,0,0001,1.0,LAND,16.228912,12.940826,1006.8881,9.638933651245642e-09,47,2025-09-26,76,10.099865448611174
2025-07-11 04:00:00,53.099999999999916,-1.1000000000000116,0,0001,1.0,LAND,16.287506,12.870514,1006.5081,9.260917625356746e-09,47,2025-09-26,76,6.9954374102201475
2025-07-11 05:00:00,53.19999999999992,-1.1000000000000116,0,0001,1.0,LAND,16.18106,12.80545,1006.7619,8.960570618832031e-09,47,2025-09-26,76,10.099865448611174
2025-07-19 09:00:00,52.75,-1.25,0,0001,1.0,MARINE,17.624664,16.419098,995.40314,1.1162326257751953e-08,47,2025-09-26,68,45.13851682156824
2025-07-19 09:00:00,53.0,-1.5,0,0001,1.0,MARINE,18.400055,15.881989,991.6931,1.160001822375627e-08,47,2025-09-26,68,35.934170154546436
2025-07-19 07:00:00,53.0,-1.25,0,0001,1.0,MARINE,18.272125,15.338287,996.4375,1.1053625209589396e-08,47,2025-09-26,68,21.650993905186564
2025-07-21 13:00:00,53.5,-0.75,0,0001,1.0,MARINE,21.329742,12.804352,997.71625,1.190443697322385e-08,47,2025-09-26,66,44.686473151144604
2025-07-21 12:00:00,53.25,-0.75,0,0001,1.0,MARINE,21.278961,12.506256,997.105,1.1133164085075325e-08,47,2025-09-26,66,21.787612524358227
2025-07-21 12:00:00,53.5,-1.0,0,0001,1.0,MARINE,21.42154,14.1527405,995.945,1.2580761987734896e-08,47,2025-09-26,66,41.31099139908307
2025-07-21 10:00:00,53.25,-1.25,0,0001,1.0,MARINE,19.052765,14.648346,985.60376,1.1841985133228105e-08,47,2025-09-26,66,21.108789375286975
2025-07-21 10:00:00,53.25,-1.0,0,0001,1.0,MARINE,19.57425,13.744049,994.29376,1.1223388755402839e-08,47,2025-09-26,66,13.517029002293096
2025-07-21 11:00:00,53.25,-1.0,0,0001,1.0,MARINE,20.440338,13.540436,994.46375,1.1533288981254295e-08,47,2025-09-26,66,13.517029002293096
2025-07-21 12:00:00,53.5,-1.25,0,0001,1.0,MARINE,21.083649,13.6371155,989.185,1.3258488473777348e-08,47,2025-09-26,66,44.361380234108715
2025-07-21 11:00:00,53.25,-0.75,0,0001,1.0,MARINE,20.557526,12.790436,996.8038,1.0828773165198256e-08,47,2025-09-26,66,21.787612524358227
2025-07-17 20:00:00,53.5,-1.0,0,0001,1.0,MARINE,22.264313,16.673737,1010.29315,1.8015254473387343e-08,47,2025-09-26,70,41.31099139908307
2025-07-24 20:00:00,53.5,-1.25,0,0001,1.0,MARINE,19.264801,13.840729,1008.5119,1.6266515042347618e-08,47,2025-09-26,63,44.361380234108715
2025-07-24 19:00:00,53.5,-1.25,0,0001,1.0,MARINE,20.599518,13.381256,1008.3681,1.513802370493404e-08,47,2025-09-26,63,44.361380234108715
2025-07-11 01:00:00,53.25,-1.25,0,0001,1.0,MARINE,16.428131,13.259918,1008.0569,1.1370967197057746e-08,47,2025-09-26,76,21.108789375286975
2025-07-11 02:00:00,53.25,-1.25,0,0001,1.0,MARINE,15.719635,13.258942,1007.9225,1.0645521633772361e-08,47,2025-09-26,76,21.108789375286975
2025-08-21 23:00:00,53.39999999999992,-1.600000000000012,0,0001,1.0,LAND,13.449127,8.643219,996.8137,1.6830943083688733e-08,47,2025-09-26,35,49.690508620266705
2025-08-22 00:00:00,53.29999999999992,-1.7000000000000122,0,0001,1.0,LAND,13.104645,7.805084,991.3169,1.6877165998073827e-08,47,2025-09-26,35,49.95622668634425
2025-08-22 00:00:00,53.19999999999992,-1.7000000000000122,0,0001,1.0,LAND,13.260895,7.570709,992.9369,1.5812128495439908e-08,47,2025-09-26,35,46.90589498354637
2025-08-23 04:00:00,53.39999999999992,-1.0000000000000115,0,0001,1.0,LAND,12.629303,11.38736,1013.73126,1.5126448834242247e-08,47,2025-09-26,33,30.1923526751975
2025-08-23 05:00:00,53.19999999999992,-0.9000000000000116,0,0001,1.0,LAND,12.515289,11.18692,1013.83435,1.4180840464857348e-08,47,2025-09-26,33,10.661544540300705
2025-08-23 05:00:00,53.099999999999916,-0.8000000000000116,0,0001,1.0,LAND,12.675446,11.384186,1016.14435,1.3703116160297876e-08,47,2025-09-26,33,14.145732586199074
2025-08-23 05:00:00,53.099999999999916,-0.7000000000000116,0,0001,1.0,LAND,12.650055,11.540436,1015.9844,1.3422685971967912e-08,47,2025-09-26,33,20.704280982689507
2025-08-23 06:00:00,52.999999999999915,-0.6000000000000116,0,0001,1.0,LAND,12.710602,11.592194,1014.58875,1.2834135310058031e-08,47,2025-09-26,33,30.694564070175197
2025-08-23 06:00:00,52.999999999999915,-0.5000000000000117,0,0001,1.0,LAND,12.714508,11.707428,1014.28876,1.2563229012663195e-08,47,2025-09-26,33,36.740197560925914
2025-08-23 07:00:00,53.29999999999992,-1.1000000000000116,0,0001,1.0,LAND,14.125641,11.761383,1010.29126,1.4727485444139804e-08,47,2025-09-26,33,20.05902726706944
2025-08-23 09:00:00,52.89999999999991,-1.600000000000012,0,0001,1.0,LAND,16.900543,11.388092,1010.40625,1.5101440764553245e-08,47,2025-09-26,33,47.13365905718514
2025-08-23 03:00:00,53.49999999999992,-1.1000000000000116,0,0001,1.0,LAND,13.01358,11.3836975,1014.2725,1.6351892812016107e-08,47,2025-09-26,33,41.77245056787558
2025-08-23 16:00:00,52.89999999999991,-0.8000000000000116,0,0001,1.0,LAND,20.430328,9.573151,1012.4844,1.4290881367174078e-08,47,2025-09-26,33,28.92265898332879
2025-08-23 17:00:00,52.999999999999915,-1.1000000000000116,0,0001,1.0,LAND,20.11905,9.941071,1010.8956,1.7777718408495937e-08,47,2025-09-26,33,15.593305048701177
2025-08-23 16:00:00,52.999999999999915,-0.8000000000000116,0,0001,1.0,LAND,20.516266,9.8836975,1016.5744,1.4207918397346736e-08,47,2025-09-26,33,19.86625410773442
2025-08-21 23:00:00,53.0,-1.5,0,0001,1.0,MARINE,11.815338,6.4042053,1007.77313,1.2995235887380735e-08,47,2025-09-26,35,35.934170154546436
2025-08-23 07:00:00,53.25,-1.0,0,0001,1.0,MARINE,14.220123,11.503082,1016.07935,1.4244939774051444e-08,47,2025-09-26,33,13.517029002293096
2025-08-23 07:00:00,53.25,-1.25,0,0001,1.0,MARINE,13.907623,11.223785,1007.0494,1.5012831917441703e-08,47,2025-09-26,33,21.108789375286975
2025-08-23 05:00:00,53.5,-1.0,0,0001,1.0,MARINE,12.716217,11.431549,1016.5538,1.518395674008722e-08,47,2025-09-26,33,41.31099139908307
2025-08-23 03:00:00,53.5,-1.0,0,0001,1.0,MARINE,12.520172,11.141022,1016.7381,1.569467505957429e-08,47,2025-09-26,33,41.31099139908307
2025-08-23 02:00:00,53.5,-1.0,0,0001,1.0,MARINE,12.9652405,11.128082,1016.67126,1.595003421931783e-08,47,2025-09-26,33,41.31099139908307
2025-08-23 17:00:00,53.0,-1.25,0,0001,1.0,MARINE,20.324371,10.4652405,1010.1813,1.904712752335647e-08,47,2025-09-26,33,21.650993905186564
2025-08-23 16:00:00,53.0,-1.0,0,0001,1.0,MARINE,20.758453,9.900543,1012.8837,1.6131040503353276e-08,47,2025-09-26,33,14.295492199544737
2025-08-23 10:00:00,53.0,-1.5,0,0001,1.0,MARINE,18.090485,10.941803,1007.005,1.513546003343673e-08,47,2025-09-26,33,35.934170154546436
2025-09-05 23:00:00,53.19999999999992,-1.500000000000012,0,0001,1.0,LAND,13.967926,9.943024,1001.4437,1.2406240636660571e-08,47,2025-09-26,20,33.84166927920589
2025-09-05 22:00:00,53.19999999999992,-1.600000000000012,0,0001,1.0,LAND,14.24234,9.839874,997.45685,1.0999448093092964e-08,47,2025-09-26,20,40.35184707813849
2025-09-05 21:00:00,53.19999999999992,-1.7000000000000122,0,0001,1.0,LAND,14.427887,9.6024475,991.84,1.0740418110444397e-08,47,2025-09-26,20,46.90589498354637
2025-09-05 21:00:00,53.25,-1.5,0,0001,1.0,MARINE,13.147125,9.626984,997.8331,1.1958398254268938e-08,47,2025-09-26,20,35.54306682130586
